H2	CH4	C2H6	C2H4	C2H2	CO	CO2	Fault_Class
479.1530172	46.23806745	28.42804647	147.0322621	904.51215	125.359773	784.9938773	D1
552.3346699	93.47828609	74.98942582	171.2427212	766.2570568	161.7348804	749.7503551	D1
231.9081396	432.9813639	138.9410663	1241.06141	0.795577699	1009.305849	3282.935007	T3
2038.061388	107.4476642	59.70490143	37.87145157	0.375226408	134.0034872	841.0797842	PD
555.5315846	224.3823223	179.2707457	369.7553959	1476.392866	341.7968684	1242.556509	D2
231.9821843	451.887709	139.3723374	1225.559976	0.751404694	985.9496036	3415.002397	T3
62.36548594	60.18746099	55.82915137	38.3239774	0.40564897	140.3508273	820.8681999	T1
244.1971843	321.372722	271.9121911	206.3064145	0.260674814	405.5154782	1412.779982	T2
237.0630244	325.6284227	262.2610935	207.4247337	0.378769447	417.0675956	1438.981655	T2
217.3501211	320.6339863	266.2434006	209.3735029	0.464667366	382.9291293	1511.008247	T2
474.2177695	286.9339236	224.8060157	321.0059169	978.4771712	349.6201211	1321.644923	D2
416.3345724	31.45161663	18.9033709	74.62253164	458.2812093	105.5134187	615.8473009	D1
226.2889101	322.886565	270.676878	207.5140989	0.4601047	392.0554195	1422.136488	T2
252.0613722	299.0029961	263.4784386	197.7425729	0.209738174	398.8040296	1360.819766	T2
228.8113186	446.0362941	140.541433	1163.194826	0.697549763	1008.752066	3568.592541	T3
644.0219348	227.1242956	192.9205885	431.9292822	1835.132829	311.1266336	1175.672644	D2
971.95651	89.17312903	65.07887225	171.8677184	867.3385191	151.3401521	821.0049705	D1
235.8534122	316.296769	259.9803595	201.7610854	0.254850579	360.8896319	1382.152068	T2
1851.666706	71.72032076	31.59499346	19.30885182	0.371557395	119.1146781	752.3931566	PD
60.40595825	69.13327884	56.63973068	34.87882686	0.476880786	141.4158392	861.531562	T1
448.711973	80.01787285	60.83355244	137.6959023	589.5409253	147.7427511	833.7778499	D1
1613.165115	48.54744351	14.63155403	7.871943073	0.484179034	110.8103391	670.4403245	PD
454.3191092	59.39014705	39.01839607	164.8001512	933.101799	141.0562205	767.4918257	D1
237.8502364	301.601575	256.7316077	201.9786392	0.447487189	407.0482689	1470.064978	T2
225.0212043	437.4342128	137.4406405	1218.405852	0.702319712	980.4323402	3457.679197	T3
241.5322402	297.8938018	270.6933116	207.6547627	0.218016382	390.1587919	1509.385247	T2
234.4294714	497.9498188	133.7886739	1227.095536	0.830079546	992.6710133	3438.527814	T3
1240.544498	44.74293653	18.01259883	7.078703935	0.33048364	120.4912416	579.9878744	PD
77.84887272	83.44487549	65.36295598	49.48202931	0.323639226	155.3927648	920.6179876	T1
225.8757057	307.1409398	254.2291092	213.9484631	0.248164578	399.4674078	1389.867503	T2
1338.24308	65.03584121	35.10604851	17.72557841	0.446022695	135.5834916	780.291262	PD
73.41744295	86.48306716	73.22404132	45.00753825	0.467709416	160.9077141	900.2054538	T1
71.77043423	83.21532776	68.67140843	47.94919581	0.262121545	176.8390116	790.8644249	T1
619.5194633	154.7566157	125.5146495	404.6640189	1906.416482	250.6333577	1053.044375	D2
239.3292969	460.654357	144.6841392	1240.411438	0.729104691	998.9709178	3515.960225	T3
521.0396886	43.35248849	24.26354185	12.46104782	0.472977155	112.3617273	712.5412655	PD
44.93470945	51.84464529	37.45095282	20.9879195	0.445458682	115.7532118	635.9826949	Normal
74.52052541	65.26085576	55.62622194	31.05670854	0.310548022	151.2859411	738.6463467	Normal
225.0841286	455.1928059	141.9045524	1259.406222	0.919015068	957.6920265	3324.4765	T3
65.11419051	55.98618936	42.53082886	26.67812318	0.461513373	147.5208202	683.55322	Normal
2108.858939	92.96044683	47.1001432	30.31184927	0.374267615	115.1146825	770.1462604	PD
709.2974225	71.07734199	50.13254761	150.0227638	828.6346929	129.7156362	749.5864241	D1
223.0430511	457.1322396	142.7293039	1173.216129	0.684647002	993.2756016	3472.877843	T3
236.7165415	309.3910003	261.2281952	201.4495224	0.395387531	381.9238278	1387.504342	T2
2024.287482	75.58154751	26.18462797	13.96049276	0.396917872	111.4825179	742.8829322	PD
39.74916012	24.67920691	18.14845433	8.152460873	0.420854145	110.8016678	718.4681323	Normal
225.2183666	470.7261925	136.8798774	1165.630121	0.804778643	1037.384735	3317.706289	T3
1248.640141	81.5928006	49.48847871	35.4618233	0.342832031	141.7067673	851.6528686	PD
238.8957303	463.5775571	142.0048701	1232.514204	0.748323536	969.7333694	3408.49707	T3
71.36307193	67.83988651	51.57564266	34.01679566	0.336292379	139.3153908	691.6559579	T1
446.0032496	213.4584888	183.6213105	311.7286639	1060.45855	287.1937503	1099.708362	D2
515.1799101	151.5139813	119.0112245	329.8948682	1538.957722	212.2794455	1018.7674	D2
657.290379	80.15866252	56.55625147	151.7092901	734.3153987	140.5896206	791.7334154	D1
49.93371518	37.77568415	30.8220241	15.91716217	0.37202171	117.9901694	756.2305843	Normal
568.3506946	238.6488543	197.4898727	412.0043539	1659.737422	319.1246133	1197.680048	D2
237.3133517	319.7976348	256.5280649	209.0663568	0.24172002	408.4985131	1470.806344	T2
753.3322956	95.28958539	74.20458481	230.5404138	1154.119165	175.7882408	849.1706338	D1
43.68677241	42.81339299	29.62710176	19.94358557	0.226612621	130.7779866	645.233672	Normal
628.7216099	229.1637832	191.7882083	402.8577625	1584.568495	291.9834426	1201.942237	D2
95.60931162	103.6385732	76.26731674	61.79691243	0.344110025	197.5739683	837.8500184	T1
69.31368207	71.94929317	64.16914709	42.86066151	0.241944558	161.7900236	774.2877624	T1
637.3884642	226.9755296	190.4341353	430.9885527	1857.725815	306.0019604	1217.464962	D2
69.74897168	83.35407642	67.97525024	47.76948632	0.464597208	154.9924757	861.8939918	T1
58.71491084	54.77645622	52.63452954	33.64659253	0.239139424	119.7243493	720.637514	T1
2177.311182	75.72231774	34.93342742	17.52469972	0.266553312	120.2000151	717.8213506	PD
1020.508502	50.16788079	23.07169982	12.83254199	0.430637817	95.20355223	675.6307433	PD
2289.102529	81.16217224	40.77391574	24.60055226	0.501192962	130.9026603	770.8852866	PD
229.0942397	445.9140894	142.612258	1222.182405	0.755385488	1017.120839	3424.440422	T3
937.2243532	31.66098768	14.66505595	121.1597239	793.7984209	82.94359207	737.2400671	D1
228.792866	292.3461826	263.9287387	212.2339574	0.367536015	390.8886246	1394.759307	T2
579.8429018	86.8404469	71.57399012	196.2726496	993.4577152	156.654801	901.0587359	D1
224.7451731	316.5227819	265.0418645	217.6728942	0.355071066	401.3399003	1405.241154	T2
57.45060171	64.72276332	49.42601165	34.45500273	0.387638998	139.4486203	762.4376509	T1
61.86248499	70.78655779	56.40528684	39.11230507	0.211041474	129.3291897	704.856063	T1
1603.221965	49.70293275	22.99656434	7.919455727	0.317673251	93.91882632	629.9247876	PD
998.4246453	55.4328253	31.49129816	15.28154367	0.260323568	123.6750057	709.9773644	PD
474.8503033	31.5996758	21.41570593	162.8975211	1023.654389	122.4186452	643.459562	D1
590.7823263	225.8530573	177.6102262	394.5218514	1523.24662	298.8629959	1192.81175	D2
64.64001039	58.4580301	52.24544198	32.0195879	0.36908485	130.7864591	738.3062959	T1
78.21051384	72.34222058	57.03091655	42.94085609	0.199862869	140.4618462	801.362995	T1
47.6243613	24.15860344	23.47544504	8.998462638	0.428930067	84.87863891	619.7785603	Normal
233.2031158	308.4811555	268.2228729	201.7046339	0.238524004	382.8011227	1466.907311	T2
240.9715195	454.5704712	141.0221757	1228.596821	0.638982667	1023.81244	3299.136139	T3
233.6800765	449.3332624	142.6378732	1192.970624	0.815036978	1059.575742	3399.163014	T3
249.3326028	310.9845835	256.4334373	206.6776352	0.352841005	389.9615026	1547.158512	T2
1255.917887	64.11385541	35.21720442	17.37755855	0.267120237	101.8613268	667.584312	PD
244.0517544	445.9730629	136.1584244	1225.716072	0.732464044	1026.563804	3364.856438	T3
226.491525	449.5110039	142.3253786	1260.750486	0.8896623	981.1019045	3343.753569	T3
229.0773401	447.107407	142.4039717	1198.652091	0.631829432	1006.399229	3166.687024	T3
36.85983743	34.04828595	23.37689774	16.69535307	0.221067752	117.4142377	659.1254491	Normal
544.2254392	206.2143797	169.6183736	353.0977944	1602.131253	261.8030332	1183.314273	D2
480.1396617	204.735629	159.9624109	339.6811433	1211.184156	264.0659343	1213.220472	D2
982.1511897	60.12633966	32.01628949	20.74301129	0.235074737	114.3472986	723.6877642	PD
85.91546143	88.20607381	69.13160616	50.48021735	0.317148746	178.7094106	773.6357953	T1
576.7086542	53.41547088	41.26928103	200.1530631	1163.075519	125.0539902	769.4579572	D1
58.66614398	71.00116828	51.57707244	40.23786123	0.331031824	143.0066063	836.4545487	T1
650.8187284	48.13631081	28.02900826	20.29740252	0.2576898	96.06310282	644.6704604	PD
542.3549909	74.63491697	54.38227645	145.7135238	627.5611894	165.2913868	751.7003039	D1
411.7671786	253.2537485	223.4194601	324.5359616	908.5172108	321.2094542	1315.069425	D2
245.8699529	319.1180698	245.2143877	201.5542409	0.384415782	375.3133508	1441.713339	T2
585.3576025	261.1618154	215.2639023	390.5337038	1662.602044	348.0411591	1261.375187	D2
496.8051828	52.97794757	47.19541867	116.712558	567.5954506	134.6595536	798.8805352	D1
58.65715711	61.65848768	45.32569107	28.13381658	0.366254009	132.0998487	695.6156689	Normal
30.59252527	29.62914564	19.80280112	9.719213366	0.404609087	95.39673927	651.7968047	Normal
796.5118284	83.83144204	55.97810877	39.22125769	0.323352492	166.1938705	790.8003203	PD
698.3041882	78.73976822	62.64071035	156.2419703	761.3505356	139.4111817	674.6146229	D1
63.15417888	51.54767135	37.32297076	20.33545159	0.483405836	136.1038326	699.0021763	Normal
244.9114668	455.7208516	140.9660151	1268.280905	0.734118873	1029.078453	3308.979575	T3
884.4551129	33.08413692	21.03389119	168.0121633	1025.755788	106.7820537	717.8495148	D1
240.9854636	305.7088755	258.8832747	193.2628162	0.308510058	413.0662033	1431.98226	T2
59.66746603	49.59615374	42.87046663	29.51941352	0.324023373	120.7029604	688.9503992	Normal
232.3015292	457.9975797	137.9535798	1194.347731	0.732469093	1054.794687	3271.372971	T3
2291.70024	76.41537584	33.84620264	21.20021279	0.293803295	127.281212	764.7122556	PD
240.3724267	309.130864	279.2314267	205.4448588	0.420478887	392.1744209	1507.586827	T2
237.4078201	460.1360285	141.8850569	1206.57125	0.727035972	978.1240572	3588.303794	T3
609.6090563	246.4491206	196.3289299	422.5224787	1714.377574	321.9874127	1254.252531	D2
244.2059099	432.1080902	128.585566	1213.054658	0.784294567	974.4356216	3217.574945	T3
1769.295469	83.67753287	48.08649033	28.0814817	0.441989029	112.6257501	762.2938712	PD
2069.346903	59.14828785	23.50512029	9.981126966	0.323793159	116.1738897	653.5308761	PD
1707.326958	57.64007686	24.5703189	15.17185891	0.427169787	101.1454918	675.2946071	PD
37.11121035	20.67207753	22.1402858	8.620851345	0.495701872	105.8552114	704.0305292	Normal
1053.409645	79.23692771	54.77711875	178.5355809	888.8434347	143.9063841	857.703344	D1
231.3875258	458.6523224	139.3081225	1241.409044	0.675045207	1038.600687	3360.511115	T3
885.7786818	65.56303673	38.30826555	25.34030539	0.377192913	132.8747386	798.2278224	PD
709.1839131	71.25295257	46.77378582	36.90123538	0.401500532	121.8462465	819.9354875	PD
231.4974601	451.7641958	139.4731327	1184.52922	0.724719955	1051.97593	3544.368291	T3
239.3790651	312.3797662	249.8746116	209.1515851	0.444032311	401.8245937	1334.75424	T2
68.25291066	63.38891494	55.94654035	35.44779216	0.28614304	134.2273951	786.611272	T1
534.0342531	41.71591743	31.92903283	165.8412466	1037.98866	123.2884097	741.3656099	D1
51.16676908	27.21770988	24.08678794	14.93883835	0.282888567	98.32090968	655.9866588	Normal
245.8575412	317.6022793	257.2074859	200.9015347	0.482057537	395.9493915	1404.639344	T2
32.98996779	23.07762103	19.47422586	7.985432093	0.38460132	112.9142304	722.8562824	Normal
627.5378265	142.5517598	125.4920679	373.0797719	1905.082355	237.4199847	961.5560602	D2
73.9165391	63.13021777	55.78389168	40.26378025	0.243610222	159.3812048	766.4132041	T1
238.5690139	325.2991084	256.8243625	206.2335441	0.467761266	377.4962428	1469.727373	T2
721.1672748	37.01715272	22.01568318	122.4366035	783.4487951	91.95251276	740.0592492	D1
426.8333256	64.93293995	49.89766052	100.1499994	450.2351946	120.471179	811.3194467	D1
611.5613215	232.1977384	186.6675747	390.560897	1700.734038	289.9337657	1193.552771	D2
241.3259461	325.8853259	265.2905986	194.1311752	0.254284522	412.5604508	1452.641805	T2
59.73906864	53.36035489	37.97958343	24.04937005	0.500326753	143.5022389	779.677198	T1
579.9630292	216.7750815	182.8778914	398.6073506	1704.416651	317.832714	1216.416711	D2
1124.088042	63.44914277	42.97757582	23.25275251	0.264166242	113.8546989	704.1452951	PD
781.5769877	73.0707375	59.88660205	135.9312477	638.7435024	123.9070394	704.3602831	D1
58.06606973	41.29114829	38.7368193	20.99617282	0.295270031	121.6418642	655.4303057	Normal
62.36052338	57.42013244	48.98155459	27.47938186	0.385710095	134.0299237	717.3161261	Normal
336.9353184	28.20109831	17.05580867	8.997716351	0.319458232	110.1251409	666.3687097	PD
256.7092849	327.4764263	261.2052756	207.4679261	0.23501255	412.4719713	1409.695157	T2
237.366223	471.514468	143.3761456	1216.414259	0.783209662	1046.299856	3326.856726	T3
233.7489099	459.320448	135.7830725	1191.730953	0.756995728	1061.644621	3483.501516	T3
248.9064676	454.6602475	138.2660588	1178.534909	0.737790142	979.4707859	3267.803019	T3
1064.549857	46.35754162	33.2716763	185.6764117	1049.922356	93.25901084	634.7791323	D1
242.5777547	307.4417878	255.8785736	217.1805275	0.333169373	393.8729082	1401.437637	T2
644.7393318	74.58381802	62.17768542	199.1561701	1041.30533	151.9959233	758.3240965	D1
54.77458706	51.3393463	35.07088988	22.58631447	0.406223849	121.140117	713.8890976	Normal
227.7733287	464.562015	135.3968003	1167.867183	0.83741877	1001.008021	3444.056511	T3
227.931644	304.6506717	264.3729821	209.5739269	0.396410756	418.0683907	1447.462067	T2
480.4779916	208.7927141	179.9376383	328.5296613	1287.516177	279.264269	1174.631759	D2
75.48421839	67.91792891	54.38749459	36.74384191	0.227697543	158.8490695	729.6309285	T1
979.658503	88.7601672	68.96378166	166.2205612	776.0746378	153.2015503	793.3038384	D1
1070.566803	63.54109216	44.26730754	147.7529303	835.3822437	136.1973393	782.9149294	D1
57.17021274	65.32790856	49.79351177	33.1259158	0.447233636	138.3953224	824.0262048	Normal
612.6538258	28.28280653	18.70895323	75.08322828	487.1458007	107.9752389	601.9204974	D1
91.88403108	92.36761235	74.53110205	53.80782864	0.468932998	179.8207522	845.9055991	T1
64.54632572	77.47363441	62.80967622	41.81048133	0.47460936	147.6956835	742.0470278	T1
1385.82298	82.08819517	53.08040057	32.64262852	0.442347993	158.0759231	799.9215763	PD
76.62839838	76.07340856	65.0841389	44.93294011	0.46920255	148.7878863	779.4200995	T1
568.5675882	181.4379766	146.4250795	386.9871535	1769.686593	249.095686	983.0719975	D2
1901.999669	51.87939053	18.37429024	9.81257833	0.470053227	105.7974085	706.0866221	PD
42.13760795	25.2909682	19.30611599	6.929303972	0.497975295	113.8854808	661.3186252	Normal
228.7758676	306.8453818	253.1725565	198.5904093	0.438964053	402.6405198	1424.96869	T2
2189.991597	63.7826842	23.42162052	7.166881005	0.298756304	117.5333922	725.0719174	PD
87.95192328	83.44659077	76.50578341	53.4492072	0.400136865	147.424269	791.1000064	T1
246.3106057	307.5470811	251.1071276	207.1472303	0.376796577	389.0700025	1423.056298	T2
61.25076794	51.88937051	51.68193456	27.80706096	0.227664681	145.5213778	716.1970567	T1
40.76994786	25.75868144	23.5509027	6.246150637	0.295949003	96.3770305	788.167479	Normal
408.5577234	38.26717971	27.73691449	135.9463936	788.0349482	130.1734635	710.3934646	D1
55.52633778	59.67343165	44.61259805	30.59720589	0.315156731	117.239559	763.7100944	Normal
451.778738	29.9773129	20.52316572	7.671840134	0.322742834	88.38654415	696.8071556	PD
241.7790416	469.3429115	140.700882	1206.95217	0.73555033	973.8398112	3337.459975	T3
79.57949821	82.24438455	65.98797673	47.8103081	0.495032146	176.6832441	802.9251877	T1
34.03544683	21.282679	20.21801448	9.312577567	0.409629591	93.51848975	648.6112556	Normal
246.8772794	462.5658123	139.741097	1254.166377	0.615659667	1032.19864	3484.472662	T3
225.7514931	426.8300505	126.4101692	1241.063778	0.616847048	950.3828097	3250.200281	T3
225.5945868	462.5662985	142.5596782	1177.316097	0.83020965	1066.592138	3418.538395	T3
1764.905091	84.00752859	44.86030502	27.20050077	0.400572235	137.9594529	669.5320349	PD
761.1260901	52.10074147	34.86674751	189.3244174	1135.415626	117.5152401	712.8278311	D1
487.1063733	103.6031066	84.95586312	210.8770177	981.612186	173.0104681	786.6556665	D1
703.6731944	55.93794305	41.89765725	107.5372861	583.6476004	146.9403546	784.6765037	D1
243.1792859	462.3690217	133.8575389	1189.414626	0.859381286	971.7075173	3499.19406	T3
1512.799534	42.73156806	16.18729647	4.955354462	0.38669604	117.951764	658.5621169	PD
2271.179932	62.30050606	27.55711072	9.480287582	0.467523605	119.2176981	696.0485943	PD
61.18866131	58.33634041	52.66983042	33.43035871	0.486404268	118.7145748	792.3122787	T1
229.0416832	484.799493	137.5072933	1235.038487	0.739677465	1017.445448	3407.552189	T3
81.24701032	76.01963348	62.68190745	41.63339589	0.371985975	163.4963677	772.3247855	T1
217.3918003	455.1767634	134.4415425	1180.914187	0.700525424	961.040014	3357.606302	T3
31.03888491	25.21035692	17.81326223	6.426072622	0.22546805	114.1058549	683.1271992	Normal
65.21507994	51.03188666	37.65516857	25.06631622	0.414978766	141.3063098	679.3255563	T1
247.8659464	469.3147271	143.4255206	1227.177835	0.888892614	1000.609131	3420.44288	T3
50.58207529	32.08775352	21.9323633	9.679968041	0.511582207	101.2996713	718.2161872	Normal
53.30188821	46.20661197	42.1946595	23.92161238	0.220117504	105.4276775	688.8557335	T1
489.6726311	204.2444439	169.2305913	329.2062952	1305.395286	300.3782982	1186.194308	D2
63.96278922	62.60468566	54.27608742	29.18977037	0.214381962	145.2568464	803.5943165	T1
243.429993	479.6467163	139.5264578	1267.41049	0.83089485	991.6646409	3366.133254	T3
49.07454507	25.89244738	22.47242979	13.48796356	0.228935445	103.2804453	663.3881961	Normal
232.5385512	312.1014633	259.0498297	212.2155202	0.290943625	396.7662193	1364.609758	T2
635.2828263	31.93637266	26.01049548	147.2755917	909.8762342	90.66479005	778.4299547	D1
223.4926858	52.9276011	47.46035059	24.88928886	0.393870065	111.3666173	705.491236	PD
691.4955453	243.093332	202.6166868	438.0036816	1861.539841	342.5125047	1242.332166	D2
64.06182955	72.95044544	53.43306128	37.07896688	0.322270443	147.1066812	846.6248359	T1
70.91074644	87.66022247	66.60354238	48.31087354	0.290435791	159.7661489	778.3944721	T1
61.157602	42.16842098	30.96029509	21.29054597	0.370470423	104.8232478	691.7366475	Normal
231.3523028	445.5748622	137.0405348	1208.87277	0.904440546	1003.199031	3437.473316	T3
1585.418822	52.51901746	19.18919155	9.304045962	0.336673114	85.63201455	660.7422908	PD
602.5248599	282.6493278	249.8622614	424.4099101	1535.491354	377.3523276	1322.491765	D2
1023.116174	37.29850608	25.12643424	117.6334065	732.6290461	111.7385537	686.5266586	D1
47.72928285	47.09332372	43.28370412	26.46866867	0.393522345	128.524809	708.0960749	T1
243.9951506	305.1524438	261.6315086	209.8395336	0.446249952	409.3155615	1445.661004	T2
668.2482253	250.6615603	208.0700503	452.807987	2060.125903	305.6573611	1184.0864	D2
46.2249033	28.46696485	15.53370854	7.84551591	0.447531738	109.7990825	698.9211496	Normal
236.9785633	326.3781277	254.394051	210.1352456	0.297515302	427.9393125	1478.388429	T2
243.3675565	304.9502721	257.3484437	205.0324073	0.298444821	415.1959851	1488.477712	T2
898.2213463	78.16029144	58.43789944	214.8785546	1210.295928	127.6269757	745.9025984	D1
39.54299561	20.48404805	21.0625949	7.944441724	0.282217926	85.79135221	594.4624775	Normal
232.1104787	308.9541585	253.135759	208.2038666	0.291326629	402.0995169	1524.11041	T2
497.6396673	218.8979781	193.5216813	343.5371029	1208.329974	292.8999891	1300.730785	D2
232.1815161	323.2405973	272.579448	208.4039964	0.227451195	417.7997936	1496.612231	T2
245.2145504	495.5983114	141.6844785	1216.502392	0.777639644	1002.319508	3371.946214	T3
235.3691744	305.5125428	258.1356568	205.825084	0.24213134	408.627315	1367.346422	T2
241.9574988	459.4193416	135.9911075	1258.660564	0.810589711	1054.787867	3442.619664	T3
43.9218542	34.17391076	22.34697459	12.34640691	0.237547769	91.99920506	626.4375233	Normal
1290.994711	68.34080392	43.53480753	27.5797801	0.391127724	158.042534	670.4141015	PD
254.1646682	310.9254503	266.4543728	198.033131	0.493494151	394.2790647	1401.427167	T2
230.9169835	440.786551	137.5050619	1239.361895	0.648471558	1022.498812	3326.264103	T3
1439.776238	86.96399054	46.2697844	31.68936795	0.367420553	151.8237335	818.3016305	PD
433.0176492	54.58895565	37.06635172	25.68310112	0.379098319	111.7426147	813.4522315	PD
846.6786713	87.88065618	65.55690069	139.0233517	668.2800495	153.2884887	897.0513377	D1
233.3559548	484.0378238	133.600877	1145.242391	0.642419096	1003.491609	3363.211177	T3
246.3463834	301.9281191	268.4562986	204.1584484	0.395132164	374.6196727	1350.302642	T2
512.0990161	272.7008391	224.5652078	355.2198077	1224.037144	362.0719143	1338.196254	D2
236.7363423	450.0536416	134.9688952	1242.335843	0.675328272	959.5025928	3458.74451	T3
448.8904819	304.2432275	252.3394387	346.6565975	981.174415	375.7294427	1367.118003	D2
2316.059116	104.3440215	57.1572303	40.91707292	0.443041423	140.2809601	811.870495	PD
41.849152	23.94832699	22.39628009	5.652642527	0.417074341	84.56416306	615.9980791	Normal
223.8387061	312.4675761	267.6543431	209.9456959	0.449909095	405.3634072	1412.242705	T2
53.40183697	49.93402344	36.10875836	24.90189644	0.242608582	136.7481799	708.4983533	Normal
227.7197083	322.7392238	252.2394829	200.2672028	0.49534068	409.7476668	1355.462521	T2
58.98182589	37.06552393	33.90610505	18.17976812	0.33801112	114.4265063	658.0822101	Normal
647.2085418	208.1171574	172.2212067	425.1538169	1957.008969	285.097428	1173.938434	D2
233.123673	318.0077592	262.2115701	199.7807534	0.279511896	412.6805727	1370.437855	T2
66.44686105	54.60990176	42.66426815	27.7128374	0.259490072	148.1843311	704.6630326	T1
783.8044919	36.64455927	18.49981615	161.8861252	1031.655554	104.6734387	714.6013375	D1
584.6544878	60.82988921	51.45096137	171.8644353	925.5931243	151.7932425	741.2630159	D1
460.0518142	242.7304346	199.2566984	310.7934459	1096.642182	318.2594952	1275.565198	D2
625.8427151	256.3424143	206.7861019	442.6082835	1844.036206	346.0299088	1222.816182	D2
44.57290191	28.94713008	21.88900397	6.525883911	0.284419933	87.92343781	596.2983116	Normal
51.31379467	42.13127704	29.71645624	17.80911245	0.420554465	110.0721226	653.8282328	Normal
30.20313398	26.54158399	22.57895699	6.243882018	0.226978612	107.2050293	607.0311528	Normal
684.1664359	38.3000436	16.98987137	6.656352454	0.239325436	86.22746897	717.4600281	PD
1842.125029	77.44369499	32.69534043	19.18765034	0.407961286	118.4395401	737.9066063	PD
553.5659587	97.01023272	73.21059589	213.3343484	1081.456101	166.977311	837.596839	D1
243.877091	327.4751257	269.0310385	217.270162	0.31537433	396.8197301	1439.00813	T2
706.0934686	32.4092182	15.59598709	93.27925109	572.6436737	108.793865	688.5833655	D1
387.1401606	35.37277182	28.22868171	10.44584307	0.257759637	91.30724316	694.1006702	PD
89.95804933	84.04323947	62.63067632	47.371116	0.411250685	163.2768198	813.5246661	T1
2187.970506	83.20148903	36.77311264	26.16643578	0.460383765	121.3119664	754.2046919	PD
41.23401847	20.83194383	25.09718381	8.937178142	0.228036248	85.74213254	675.5610769	Normal
245.2789872	303.4608554	255.3269433	204.3876379	0.464911	426.3864378	1508.734471	T2
34.1864112	26.57316755	23.71231179	8.331189959	0.448386213	105.2848633	646.5007282	Normal
30.39241856	26.21617213	19.31970513	7.870766212	0.36245505	86.32671701	615.0072502	Normal
588.2944824	221.716157	184.1730586	405.0681396	1825.920729	266.3396359	1144.573732	D2
59.42408884	49.65337946	40.75383937	27.86658814	0.371178052	142.9095799	766.8744145	Normal
426.1360813	181.3877202	162.2681838	302.9936504	1224.609841	250.2572576	1023.949837	D2
695.6352902	63.16476217	38.34714622	27.45608461	0.317961647	137.5523623	749.9218709	PD
1106.115492	54.27339182	36.6549677	21.61264522	0.334151298	105.8599692	681.5614615	PD
61.45249485	64.81189547	47.21457385	35.74775052	0.434314353	134.8157052	790.9308093	T1
640.4142068	79.04018151	55.96371714	143.0993639	694.3544399	127.346491	783.3696819	D1
68.07100761	53.61230701	48.04162561	30.25708974	0.270508364	141.2081793	764.1248476	T1
65.51650914	62.99072858	50.78989256	29.69185171	0.408653933	130.9418025	753.1039055	T1
230.6971597	304.4819765	259.8165406	193.4292531	0.445119432	417.465392	1369.637048	T2
899.7953127	52.49104713	26.34205292	165.0650284	960.2920584	112.6297587	611.69173	D1
47.43710352	30.94107018	24.0705658	12.47899108	0.429356663	118.7165679	629.5006176	Normal
236.4137805	466.3527428	140.5658144	1195.479407	0.876734153	980.9097803	3452.741184	T3
890.5364819	35.84633316	16.22867059	7.581072136	0.273532849	100.2410447	721.3809149	PD
243.5955781	302.8068267	253.6440602	210.7310115	0.288995305	383.9226537	1482.874012	T2
29.43926791	20.68104367	16.04295194	5.200451505	0.396661003	114.6770457	650.8392299	Normal
67.1105522	66.36848741	56.59223438	39.90392583	0.391584974	151.6146042	814.2869199	T1
233.8127249	480.1111144	144.3733354	1210.185027	0.627711425	1008.575916	3486.164399	T3
2170.569483	58.82753271	21.10427475	9.882343823	0.246193102	91.91202613	706.203574	PD
255.0533783	466.5380123	142.8470268	1193.303093	0.671537052	1028.678395	3369.885642	T3
966.291707	96.79719037	69.2906866	159.9091508	793.0116078	140.1282809	853.7711968	D1
573.0265572	48.26525183	36.54511881	145.5434031	826.6288576	104.9886514	657.1302202	D1
514.4794312	319.0335675	251.223131	400.1118131	1351.08603	382.6676553	1434.940826	D2
433.933464	26.34964241	18.01914358	6.97033865	0.291467704	103.3534374	750.6370786	PD
223.2769011	465.0087737	138.3084163	1238.833794	0.650476063	994.9651617	3398.19465	T3
409.6393848	97.71890819	79.62366404	182.3405988	828.7429536	165.1953042	913.8626845	D1
229.7265585	458.0465153	144.3866773	1223.767122	0.742080414	1010.201058	3325.337664	T3
40.47593171	26.05803556	21.2864698	9.271219402	0.310657777	84.48317777	707.9267561	Normal
52.50179335	38.50428754	28.55500424	18.26056421	0.452886421	119.1489833	718.3679454	Normal
230.7853463	309.238825	272.3994443	209.3437932	0.395222393	403.2569113	1410.033957	T2
431.9125595	51.02767003	38.34012512	18.00666964	0.463576705	110.1461378	631.4882511	PD
236.7263637	319.8237119	268.1869475	208.659971	0.463343841	409.1942343	1553.953902	T2
246.2426174	306.3584132	262.8206891	206.9793617	0.210054651	400.2835382	1522.189827	T2
73.59931646	61.46136887	50.57321491	33.95063681	0.346154894	143.44505	804.2302313	T1
58.86450754	50.22271561	44.46732738	28.07557808	0.387622922	111.6399276	696.395142	Normal
740.3106353	41.01833427	26.1790228	82.74162624	432.5049478	123.3029349	593.9329716	D1
241.5529163	314.9243473	253.7608121	213.8453851	0.490114073	410.2438126	1426.081862	T2
30.44913714	27.23448015	16.93780116	5.224670567	0.270721575	95.88773933	708.198246	Normal
237.6753808	311.0642375	267.7623729	195.0819001	0.494283586	412.2693261	1334.745277	T2
43.83459428	20.23841563	20.53845322	5.513259309	0.477524849	93.35706015	718.6727519	Normal
38.73758105	19.63624038	23.0089957	7.994904062	0.22155344	88.04591957	665.6696398	Normal
914.3218787	94.8368801	62.80657131	152.1559379	704.5640326	136.1574689	800.032677	D1
238.4631545	446.0449049	134.8864841	1219.994424	0.812989512	1015.353181	3299.480402	T3
242.1391749	315.853147	261.0112869	204.6022557	0.465175223	428.3765848	1417.960144	T2
277.7629258	23.2585464	17.00152967	94.20045974	567.1523499	80.97198545	575.6387088	D1
73.93045979	78.10465483	66.18880354	43.50523503	0.392504325	179.0343583	855.094251	T1
70.45183431	73.9224913	65.61842441	44.76901783	0.509577972	148.6817129	910.0470184	T1
42.1852306	21.92970439	15.06501951	9.048630826	0.280595423	111.9033001	620.4952504	Normal
661.7050884	91.81224945	71.78148261	171.889461	848.2154763	176.8232298	763.8224889	D1
247.064747	328.740989	262.9590522	203.855494	0.482809433	389.1700524	1395.218241	T2
232.787773	303.3297337	260.1410749	205.1750116	0.394789267	395.007744	1322.192403	T2
224.5473713	451.1909163	142.3335483	1228.62895	0.629595433	979.1729663	3527.645959	T3
641.9917182	34.88914971	19.78734257	6.637425503	0.468491569	120.728853	599.507268	PD
32.50883779	27.03781705	22.75322331	9.786282945	0.30320224	102.2613138	718.1843798	Normal
234.7977821	463.2105565	137.6260151	1224.757292	0.593006302	991.8738023	3402.858263	T3
520.6621339	177.602704	141.3677548	351.6616841	1529.161318	233.2701923	1113.508951	D2
225.0126272	311.8822114	262.02493	211.2408501	0.41302237	419.6665937	1413.704967	T2
223.6360305	444.1194452	133.0295264	1245.212876	0.674369965	988.6561619	3390.805876	T3
51.06435314	52.74870625	42.36120321	27.41109491	0.229337834	118.8671411	644.1681345	Normal
1441.564954	45.15281957	18.8663226	7.086501925	0.470356581	89.36344392	700.3881746	PD
538.9080565	56.47145503	40.3319425	146.9356745	779.9638168	143.1206551	721.3309813	D1
239.5340673	461.1515048	136.883691	1193.905781	0.727055583	988.426385	3483.971739	T3
50.20409204	43.06348491	31.45560844	22.45521792	0.383175612	134.4324972	694.9173651	Normal
252.4385358	439.3241668	144.5939647	1222.177291	0.681000906	984.3643325	3495.403677	T3
61.97167059	61.46332454	52.43752441	31.53811082	0.334674848	159.2960736	802.1137012	T1
448.2130769	218.2363698	176.5169166	300.2349462	1137.062767	328.5105419	1123.598827	D2
61.10252174	68.07918841	58.13693928	38.45834118	0.263870805	124.5943365	712.8277429	Normal
611.868942	233.3692269	204.1897185	406.4444653	1601.713505	315.9225513	1194.119563	D2
386.0248282	24.66953285	16.69813873	9.045765197	0.289922025	106.4726081	683.8171177	PD
441.0844871	97.2156559	69.63250235	196.9119323	1039.407957	173.1176133	864.6294205	D1
236.3552266	440.6048011	145.5751976	1168.167545	0.615332974	974.771675	3242.977734	T3
1062.288984	101.2169402	74.39708189	161.5101093	767.9039971	146.48428	792.6569565	D1
80.67165001	82.61479546	68.89985874	51.72642386	0.265205359	156.6138783	891.5536876	T1
1388.74425	73.31642547	39.16383227	22.82939547	0.345104787	106.1743381	757.7600683	PD
425.5300029	192.0049508	162.3093838	283.6140508	1061.491251	276.9661298	1212.972108	D2
221.041075	449.410559	147.2227507	1198.055701	0.68511718	969.5531727	3374.412845	T3
61.09133532	45.10352535	36.38628888	21.33033905	0.451366017	108.5561522	641.8815805	Normal
651.8456126	72.8110497	53.11445325	159.8885756	875.4349431	152.9677314	781.6352864	D1
227.4621639	445.0991725	148.9143288	1179.509859	0.692160178	986.2313691	3454.373387	T3
1470.342585	51.48054621	23.27321597	8.246828865	0.46162543	88.9122253	592.1848222	PD
75.55610014	74.91888325	64.83623126	43.29900936	0.4306496	136.1314241	753.656571	T1
495.1473765	210.0094637	174.1143669	339.1260287	1384.877817	284.9559769	1132.120826	D2
32.34900966	24.52149228	18.19621598	5.252891096	0.198006385	115.207076	681.4258897	Normal
35.70434274	26.39240157	23.26923161	11.68679412	0.261517312	110.0316023	589.3344676	Normal
32.96724137	28.9055811	18.9747722	5.227340808	0.492604101	113.2257549	665.3134916	Normal
615.5372541	250.1436424	196.1078321	423.4439866	1834.743085	316.3193989	1215.413047	D2
1360.129744	63.42789496	28.63973559	18.63496357	0.46500673	109.2229124	667.6132635	PD
68.14243873	59.65536578	55.51144317	35.25087573	0.366690092	165.3955341	709.7021568	Normal
63.20242672	42.35935657	34.64756906	23.87869321	0.21577622	107.1265726	787.5779737	Normal
54.23977487	56.869133	50.91484261	31.04434647	0.37238859	136.4240531	824.5192722	Normal
59.37440995	66.508489	50.74978155	34.91205405	0.341061087	125.3869773	695.9578993	T1
82.35946423	74.2620134	57.36929925	42.48125232	0.229074712	163.4945373	818.5238974	T1
516.2040686	69.90489349	53.93895792	149.7748353	769.413402	142.9400812	852.7856859	D1
252.6343946	297.6597118	254.6289256	208.3108577	0.208449805	388.7577869	1556.603986	T2
80.78687912	91.32972203	70.99527053	53.8744642	0.440090654	170.7913065	731.1892525	T1
252.0494202	305.8034322	250.3261447	207.3590127	0.279109052	386.4475933	1498.925409	T2
244.252484	478.0229367	139.7224464	1219.638242	0.873763697	970.930092	3329.822145	T3
221.0835502	309.6961489	265.833399	220.8853022	0.298298837	388.5288098	1512.403933	T2
230.0482818	310.3060711	257.3389233	202.2680917	0.466620437	375.3005302	1423.779354	T2
483.7172742	296.9673846	262.688922	360.6654112	1004.784425	374.7824647	1374.305357	D2
1090.539536	59.47544815	35.06360155	23.91606956	0.439720745	106.629364	640.7454643	PD
228.4614006	313.1901692	264.8220501	210.9052739	0.49571452	392.092413	1370.875933	T2
65.73972505	51.44422434	38.13762272	27.47507371	0.249291193	106.9001942	677.192857	T1
74.38166647	66.20594972	53.21189299	31.70902311	0.366414393	129.942825	699.4706927	T1
216.316863	438.6371743	138.7411911	1243.13006	0.624309411	1018.749777	3390.440781	T3
1432.236826	47.86791857	17.86543628	9.110326943	0.433787877	89.37909127	656.2884134	PD
623.4517917	31.60075395	19.50786521	103.2021158	641.6972143	79.26320677	716.8345217	D1
376.9799626	174.2425067	147.4176488	260.8602378	886.0141908	252.4684887	1129.414797	D2
813.7929652	63.33777246	46.23210217	157.0336118	860.1950671	138.9440804	706.8497501	D1
1462.715771	50.25266078	18.16523765	7.220394928	0.262910565	83.75920982	710.1677676	PD
72.587589	67.85007143	61.75754136	38.41832924	0.287907854	170.8134579	840.7000711	T1
222.1643276	455.4587091	135.1882724	1223.191831	0.706931764	972.3404569	3353.221542	T3
688.1032248	310.0073796	254.7586285	502.798036	1860.447594	400.6227523	1525.853991	D2
816.5081952	31.28112539	23.51467827	89.42799943	551.4350033	87.8614564	707.2135962	D1
227.5083282	315.2176533	257.2967223	202.716379	0.276969608	434.0829118	1471.080772	T2
45.21138518	19.97480625	17.02107228	6.143383249	0.370421819	111.2670267	647.5705472	Normal
43.62421601	20.86799547	16.65197837	9.847644475	0.485850749	122.6940196	672.4326905	Normal
434.733283	176.4364375	150.5306096	297.455761	1203.984362	277.7352941	961.5070321	D2
399.9012726	47.22248392	37.78477642	163.471054	906.9916837	136.0792765	665.7822067	D1
54.80231423	50.69008437	42.66871639	29.76412032	0.301165223	138.3189731	686.8505598	T1
39.08675104	20.3049733	24.09693553	9.142483938	0.363744758	81.99534051	679.6715764	Normal
1536.759714	52.85112469	26.56430108	11.93555797	0.480445433	104.0196687	660.7822069	PD
92.50584001	81.88330178	69.02782692	50.97878547	0.273833827	159.0154208	850.7702201	T1
50.77578625	37.0525204	29.51703742	17.78783605	0.438850908	133.4340763	731.3357896	Normal
251.9737158	320.6948352	266.5981866	201.7547695	0.505435541	381.7507052	1474.242196	T2
430.7597351	189.6784673	153.9946767	293.8801734	1182.872221	292.4382691	1108.42819	D2
546.1247212	180.3268238	162.5649178	355.5506089	1629.079101	263.3273532	1065.433468	D2
452.5437698	163.9406194	145.9752091	302.2196605	1371.179922	251.0151097	1098.250802	D2
452.2162143	253.7965404	214.6242683	313.2987657	989.5154862	353.9641007	1274.748205	D2
878.055663	30.15836306	22.1473999	177.5785684	1152.044658	103.3131703	632.0587647	D1
61.49636205	64.67258959	51.65942661	32.85286485	0.449569928	123.6223141	728.225068	T1
53.14294489	50.27132829	43.7347132	25.01487664	0.216012107	125.812945	684.0519414	Normal
698.0379285	98.23174665	72.5135928	174.2203943	786.902801	147.8967815	771.8342436	D1
923.5222047	88.40552724	65.04669314	146.1438637	633.6747241	160.8687899	724.1548852	D1
612.8559776	299.3499117	256.2690135	421.4802185	1558.347225	378.1909132	1428.167045	D2
259.6268238	305.9594274	268.5217643	205.8820989	0.415377245	431.3608784	1365.011641	T2
228.8567216	301.8177385	262.4380626	206.0512635	0.205989333	372.4812933	1496.595893	T2
609.9683912	174.4884845	140.0654957	407.0232753	1916.015283	241.6224135	1083.987534	D2
320.7258248	36.35367326	20.83126328	102.0643541	560.2610524	124.9231661	727.5431937	D1
246.7146	467.5824487	147.0156804	1189.561638	0.731042392	1032.497957	3405.973995	T3
233.6350548	318.2697516	269.1025058	207.8164685	0.490606993	413.2561303	1469.757654	T2
41.38940195	26.48148955	22.59905502	9.09905129	0.257911111	106.749435	614.8331041	Normal
32.48682219	28.1553013	16.97862846	6.44964098	0.50630183	93.61121969	605.7547429	Normal
233.9467098	463.0066249	143.0103202	1200.360459	0.716201472	981.6394899	3380.629526	T3
50.25512204	45.32944945	30.13400937	17.53564539	0.384348604	113.2301989	763.8027801	Normal
236.7881618	323.9019814	266.5613946	208.7629051	0.499260446	384.7659913	1553.647507	T2
69.7619041	50.95887718	48.66644921	28.4546085	0.442207127	120.732242	697.4785875	T1
480.5215623	259.3833359	201.4994282	355.2110068	1191.41243	349.5716696	1225.150283	D2
54.5193549	50.5569473	43.31510509	24.43935381	0.212810016	109.6118403	711.6175566	Normal
460.7441761	33.37111677	14.75780589	81.99020765	464.1958915	104.1574033	649.6100172	D1
236.8019095	466.3398918	139.1130685	1219.53409	0.832087035	1049.690243	3437.760296	T3
2218.116238	81.49293117	44.86404413	24.16535715	0.369505347	109.8176789	718.1149541	PD
229.3648149	457.6932318	139.3273766	1193.144839	0.78498347	985.0020046	3390.081541	T3
452.8464901	48.04683233	33.06891999	140.0759956	750.3261329	112.4528151	707.9107553	D1
1788.286801	89.48946443	50.46215887	32.59286348	0.416251808	144.8697419	706.0379192	PD
874.3623851	58.78288559	42.52575005	21.75570487	0.425982863	125.2439672	689.1807064	PD
35.36810029	22.55636059	14.33750606	9.828131459	0.213939095	105.9134223	617.4205084	Normal
235.0298319	306.4112499	267.9663713	214.202378	0.406871475	384.3742037	1390.451796	T2
233.9740101	462.2307126	140.8806757	1226.958656	0.609597576	1036.278032	3354.301013	T3
717.6457935	75.17098192	53.03668373	156.0548327	799.2250026	124.2713969	797.2139227	D1
452.2863366	262.2584659	225.2520541	323.5154955	1009.238457	356.1658899	1218.960426	D2
37.55162932	23.3583872	17.72400592	9.421321211	0.253579608	95.71425556	681.5866886	Normal
2160.911687	72.72207599	26.79784489	15.89342634	0.23035394	102.5719518	619.3730136	PD
236.1081128	436.9027825	139.210067	1279.167599	0.904133488	968.6911797	3391.126042	T3
1262.810927	38.31998066	14.67027671	5.76003262	0.430635872	106.8073053	674.4716803	PD
86.88043319	92.19186021	74.95135397	52.94965368	0.338043828	183.0073405	880.383644	T1
2298.072908	66.4163877	17.96070775	5.890510733	0.224757906	86.60711649	579.4067502	PD
242.9535317	318.8678281	255.1260102	200.5941013	0.375621215	398.9161915	1357.318929	T2
229.8006737	326.9354536	265.4648168	216.9234707	0.488634525	419.0037494	1456.428747	T2
613.8694818	44.33573618	29.92292158	12.65079815	0.441102257	91.56731587	611.6311142	PD
255.1146508	457.2394045	146.111912	1208.775302	0.905043512	1009.998215	3379.806051	T3
431.3438801	230.410451	188.623888	301.1904089	962.4707116	294.2489956	1271.11786	D2
232.3456104	317.0190106	255.8729824	211.8762974	0.306889564	389.8543107	1391.117148	T2
239.3733011	459.0401947	147.5753762	1160.762734	0.822255498	984.9668119	3315.130514	T3
71.24401902	63.54247399	47.09483295	35.15882438	0.195820214	125.5757935	676.0616369	T1
253.5504123	452.3148474	142.0459474	1186.142588	0.658692271	1006.612039	3273.773396	T3
246.5332755	302.7140822	260.389416	203.9105236	0.276109273	405.9498878	1407.069412	T2
78.70911504	76.72783288	55.928219	40.33242383	0.473560559	134.500776	725.7577541	T1
247.4242439	445.9367483	139.4104529	1183.225673	0.731612653	947.8431348	3372.775755	T3
439.4356577	27.40428056	23.86252494	8.016204767	0.486159608	96.08740292	643.6793815	PD
513.6825951	26.95749151	20.17670907	189.8406897	1179.192296	97.52671931	632.5148462	D1
433.0149554	167.129082	135.0455599	305.5836455	1260.437178	270.5665885	1090.42338	D2
54.93363037	59.18415749	54.39968612	33.58581204	0.523536493	150.3371899	845.2161606	Normal
58.84673546	58.73656694	48.04992413	29.97237497	0.410307432	121.7175734	648.7487339	Normal
51.22477489	43.38761249	41.58691321	25.60937315	0.438876533	127.8559593	679.7344837	Normal
44.01667149	19.82837204	21.04189338	7.518099085	0.360936092	115.0720187	581.715779	Normal
368.8182472	192.8525752	161.7463262	248.9453471	843.0420958	284.7924818	1136.070284	D2
1985.348146	66.5138314	32.2434641	18.24226028	0.429995079	123.2571686	755.554027	PD
61.06152767	56.93354466	41.44927765	28.31913921	0.435736347	143.679459	618.2223988	Normal
47.98749019	28.64905172	14.64727511	9.146446762	0.461953047	97.78039273	708.5068905	Normal
230.2771433	319.7629295	261.7487882	207.006549	0.449948429	387.4589585	1496.845877	T2
51.92311671	45.99438893	39.18303578	18.36768645	0.350349016	137.2253863	702.8521475	Normal
227.6990008	322.6104617	267.9828978	193.0956998	0.439970912	390.4415269	1369.809936	T2
914.1154207	54.84871126	30.50797534	22.31510032	0.495204596	100.7129816	720.7864121	PD
78.84536819	79.47362219	55.54665924	39.42190886	0.232884385	147.0865911	725.2354692	T1
37.45948734	18.74272829	22.1558947	5.792110688	0.299560347	118.3385663	689.2992219	Normal
242.6277118	302.2426713	267.3044009	203.890575	0.305221385	386.1524476	1423.448799	T2
447.7790949	147.0831221	119.1391043	325.5378127	1473.501029	243.8154392	1062.559603	D2
234.7628577	297.5403199	252.7820793	209.7855213	0.494666788	399.9391645	1462.320504	T2
225.5087978	439.5479155	135.504157	1186.414628	0.693128237	992.2790369	3523.623651	T3
234.8121972	446.5404401	143.4502407	1201.591085	0.774784778	978.1138347	3424.509261	T3
65.76790516	56.54729128	49.82010085	34.74489687	0.292749078	141.9659097	762.5251843	T1
231.4021147	312.6155734	261.5427493	216.0187559	0.279037563	409.8181835	1534.941849	T2
307.2821065	48.21835617	37.36956239	24.59064994	0.335037475	111.6341984	802.8739575	PD
1152.113002	81.41929469	51.11464759	35.05980742	0.29755543	140.0257176	868.0507801	PD
672.6128459	30.27464837	19.27755443	7.198470418	0.448698771	92.12001865	725.7640765	PD
426.3913118	261.7027451	208.3319472	316.2793725	890.0114368	363.8700856	1413.902228	D2
77.33322487	87.59391517	72.68971079	48.91027672	0.442660202	182.8209166	870.3427863	T1
588.9474469	229.3986905	197.1769157	400.0511282	1722.639855	297.3860803	1232.127874	D2
606.1073977	220.8648864	183.6569482	406.8137159	1925.671303	287.7399617	1243.773292	D2
606.1919271	239.5765587	198.6304734	405.3232399	1738.63203	326.0942979	1229.287019	D2
86.59843018	82.45667756	71.66230302	48.21986268	0.493508242	163.2631653	858.8156518	T1
237.2126559	458.5374957	135.7175406	1173.485549	0.838873111	1012.715293	3482.904966	T3
231.7068261	314.5856581	259.060969	209.2619177	0.238612417	406.7039955	1387.545645	T2
533.8055972	251.594688	207.9749024	354.4409515	1246.450191	319.7977202	1297.004606	D2
244.4510767	301.7669576	255.5206164	202.5792268	0.43593231	373.8650322	1453.915173	T2
538.2578115	326.1337194	263.3160561	436.4102896	1268.696948	435.8732031	1476.221027	D2
241.9114379	315.7642453	255.3143184	200.8638645	0.468385967	410.345102	1442.177213	T2
358.936019	193.5260197	163.1946056	252.5518479	864.7660513	298.7732941	1223.754974	D2
513.8003908	163.1492466	137.9238218	345.0839946	1561.669715	250.4005041	1101.454554	D2
396.9965779	103.0184505	80.70591534	142.3599333	556.9722725	198.2119277	810.6839807	D1
249.7154324	323.8079185	257.7655009	208.5678195	0.33215053	411.1142332	1347.93017	T2
69.29858513	78.30117778	59.04414313	42.29933517	0.444717611	156.0026801	785.9311708	T1
1435.98917	43.02468752	18.15068981	9.619793901	0.308299741	98.11354543	732.6526846	PD
242.3550617	462.579527	132.2367837	1239.535655	0.876465654	1000.52297	3416.629933	T3
656.1865262	264.30648	226.8005446	473.8384528	1884.514291	362.0900311	1292.713536	D2
1261.531775	70.57816295	42.92955638	25.00567935	0.46175578	119.8137141	693.916917	PD
1097.695458	77.98681253	51.7967321	193.0375922	1077.673125	156.306028	790.134877	D1
73.52287037	74.68838748	57.36444042	43.66843253	0.348105463	147.7923171	787.814425	T1
474.6392194	47.32138774	35.37562611	80.6018397	426.5240063	132.6208664	733.4239376	D1
788.3351931	69.6307683	47.10427692	190.999573	1029.166817	127.3033456	678.7176161	D1
232.4660623	324.6079618	258.0311664	209.4130158	0.303377108	437.7120968	1458.430255	T2
936.0123226	84.89983265	68.37994959	200.148469	1052.796839	154.9734183	853.1086686	D1
457.5989111	52.53857537	46.59672653	171.2525027	970.5982451	121.296294	708.0260866	D1
241.1100493	462.2101444	138.6005479	1206.559176	0.847871825	1007.549419	3371.857511	T3
1448.269066	55.92115932	27.16152732	11.67490203	0.21114578	122.9842354	736.9661587	PD
425.2400996	262.476411	223.4352782	317.6572789	953.3616785	352.2672855	1250.09014	D2
433.8995438	218.8865225	174.6342003	300.3976793	1055.482369	288.0132641	1134.338904	D2
77.77923462	82.36236196	68.59450208	45.86391614	0.414022074	164.2387793	859.9166444	T1
563.2464208	293.2240707	239.6162766	415.0777422	1383.289074	380.7389787	1393.857948	D2
472.4180926	49.75347762	34.32189204	198.1904031	1178.940906	105.6734091	680.8499704	D1
238.6737115	469.6768571	135.9250387	1193.044521	0.688391632	986.4175812	3219.840318	T3
44.11307564	32.39355544	26.91494155	12.66792333	0.398740719	102.7581779	684.1431649	Normal
58.43140124	65.00790513	55.10845062	35.42274234	0.318275595	135.5960273	725.0723519	Normal
395.48862	203.9170618	168.4730567	283.287429	1055.752855	301.2065824	1105.324308	D2
658.3457671	95.34417661	74.0101651	208.0136652	1040.685275	176.4332591	869.8731709	D1
42.90201784	25.34442967	15.47738025	5.129222297	0.403829056	91.31796411	680.6804571	Normal
240.0594553	302.758453	254.384241	203.8403275	0.374348854	388.7430914	1376.242575	T2
46.97862288	22.93696984	23.15713774	8.89786986	0.343073262	105.9923836	608.624562	Normal
867.3373351	50.54634399	39.33055219	90.48258867	475.1619988	121.975085	692.3310488	D1
302.2107172	70.3527271	59.43231136	35.72695257	0.349287653	164.8225193	748.1359625	PD
231.2184482	295.7085084	273.3683058	205.9568764	0.24772	397.8083123	1383.279642	T2
70.50160379	52.89562118	50.9754162	29.91009276	0.433042873	118.0478365	791.6185208	Normal
260.6207617	42.34694691	28.7233131	101.5355552	519.6559055	125.8298129	649.1909012	D1
89.35574781	101.7431893	80.46646306	61.5290674	0.339304328	157.5293578	833.3517978	T1
242.3369839	304.1023957	264.9844627	207.9982922	0.259719913	387.2512958	1484.211077	T2
67.09369231	64.30641971	57.31262018	36.73891901	0.319298432	150.2846712	768.0362062	T1
1573.457941	62.32390713	24.60360891	13.86253981	0.363462601	126.2384106	760.0821125	PD
242.4656402	314.3849519	256.9111303	219.1553268	0.467889665	384.6324454	1356.417896	T2
246.578294	456.3641252	144.2727562	1205.172432	0.643866461	1023.689455	3340.565885	T3
63.09437722	56.99391891	49.55294771	28.69154217	0.282244185	153.9550462	816.3979689	T1
64.05420524	68.4154897	56.33516238	38.73391676	0.428035982	152.2678148	882.6217524	T1
79.80708051	78.57765274	63.33042542	44.12979429	0.493823202	133.5642197	866.0619624	T1
695.0693099	84.3778273	58.56695434	40.08821906	0.289205513	145.9939121	786.1061916	PD
69.71548111	68.63207845	55.93000656	39.2539745	0.256943058	154.105665	822.2460058	T1
566.0732685	167.5818494	137.4755997	377.8082273	1738.565007	229.0912119	986.3237889	D2
629.9622647	66.80078162	53.44252517	99.32560927	437.5344209	165.7697281	683.3235897	D1
58.19787082	56.17445586	49.58566159	32.89530908	0.256550741	137.7369249	784.4969891	T1
441.8085949	232.8320897	195.8355755	296.2938733	1029.757851	328.0934694	1227.46997	D2
66.38582376	66.62436592	56.69109783	34.4179839	0.264568356	137.1789304	803.0998455	T1
960.6367233	111.0696964	81.42885491	129.5355001	414.8602126	171.6868124	902.0918761	D1
229.9206284	312.6055639	261.0201214	196.5352225	0.335055995	389.6994326	1475.567148	T2
253.2398926	300.4867431	260.5304609	204.3093593	0.271693312	417.3451765	1453.650647	T2
457.6247344	259.8235757	214.5326791	326.8565482	1048.529545	349.4375612	1258.28437	D2
505.2842338	258.4057444	231.8407314	372.1816455	1364.487993	343.2423876	1309.076808	D2
239.8560149	443.2093946	142.0376816	1207.412858	0.709078584	1028.663506	3539.972011	T3
246.3774931	457.1525924	146.5914134	1189.463809	0.900345548	1007.562313	3551.143894	T3
233.8810459	323.5011998	251.8936288	214.6859335	0.47642097	388.3565409	1346.964036	T2
1285.616626	82.50266007	54.48279172	31.57343571	0.398808057	160.003722	829.899599	PD
82.65365722	80.60196841	62.84380901	44.82859648	0.461767865	140.7418047	776.43588	T1
631.8720282	282.7158494	220.2992194	448.3701234	1746.40635	347.1383782	1426.99045	D2
625.0232337	202.3188621	182.4481936	405.8347894	1908.16823	297.4148326	1049.60808	D2
439.9721599	61.68432707	41.33225521	89.24905235	425.1815644	134.3146691	653.0938749	D1
667.9483584	236.8965142	210.0483471	436.2487287	1954.880639	348.1359928	1197.933663	D2
62.60186701	42.73855253	43.15883119	24.66956755	0.207598434	119.5313955	666.2560407	T1
53.97172913	40.97933543	38.58514156	25.50144464	0.409680651	139.5490275	698.2268881	Normal
226.4812714	462.3924963	146.2481035	1256.614959	0.712009301	971.5828984	3356.960371	T3
618.8980307	182.1440936	155.2174682	378.9750457	1776.673138	270.9145091	1119.903172	D2
609.2951922	162.2725947	142.5773911	392.8810119	1873.408715	239.1303295	1074.455062	D2
230.3228781	309.6896331	269.9188354	210.6240189	0.319835552	425.6722115	1406.607677	T2
230.5839261	303.752861	273.0762034	200.1145742	0.392762116	380.9034101	1497.756869	T2
81.98345714	70.11097912	60.82973861	40.35059424	0.224684146	159.2535628	758.7774302	T1
886.1014524	40.8781638	22.41829253	95.11827056	534.1931866	99.32397928	679.9690435	D1
232.8067738	431.414671	147.8612779	1238.879999	0.744929988	1027.57776	3427.973295	T3
466.3858101	279.6876342	250.3003174	343.3910622	985.3098291	382.8902974	1329.009303	D2
71.57331788	67.23812312	49.09425427	35.28517246	0.232074787	150.9084845	775.1997393	T1
712.1393329	54.57268329	39.92297145	110.920493	557.4936764	102.8675831	699.5260043	D1
439.8087893	254.9727289	208.4492908	323.1494727	1022.363235	308.1136174	1287.890625	D2
526.5714471	306.7556811	265.0975259	407.644614	1258.758239	423.8848854	1435.613468	D2
74.4071126	65.69563176	49.67375543	34.08782074	0.315893746	140.8004089	782.1272907	Normal
237.3989979	314.1544349	265.0968045	199.4442985	0.44713492	423.7003131	1409.356502	T2
43.52148514	27.55137934	15.25576456	6.253511007	0.463152831	91.27874211	671.0635479	Normal
240.6332825	291.6019861	251.3636848	203.4983586	0.430458086	408.1752346	1431.725145	T2
234.9622287	313.115891	252.9099119	209.1539535	0.21762044	393.0152547	1508.931449	T2
1121.40127	104.6856788	83.08233098	215.4770638	1146.428146	167.5614512	852.7633031	D1
60.48961851	57.33505235	45.58126443	30.48289334	0.250604701	116.3172754	752.355427	T1
1021.598871	76.58200001	49.1365953	185.5610518	1041.049108	126.1503961	713.1341795	D1
365.6546417	30.8113471	22.70462591	146.6929728	940.5808276	87.85748828	718.5444983	D1
692.3313969	49.38867578	31.73418959	190.2062732	1216.418655	122.1743401	705.0683084	D1
581.7981277	223.8090588	178.8567339	389.0832137	1681.418782	317.5821009	1100.714585	D2
981.326009	88.33339711	67.77903721	196.2810562	1024.165772	145.8578386	802.0279927	D1
1697.947086	89.1596254	53.75625932	32.67486876	0.449850572	156.8241845	775.6017272	PD
56.64814335	56.60721161	50.05601258	31.49688359	0.441606672	114.9568267	686.015011	Normal
63.55334018	48.73770672	45.57865374	24.56150331	0.327453114	155.7447988	695.4064977	T1
221.2912924	323.2025179	262.8571396	211.1726265	0.447297292	397.2280038	1332.510285	T2
556.6267975	227.5553059	187.4324038	360.9718773	1535.908216	296.5176564	1224.767228	D2
45.27806787	43.40348539	40.17518484	25.93501257	0.440374056	141.0418669	652.8223543	Normal
614.0591019	61.22185779	40.48914103	26.66133511	0.369864424	149.7864072	775.8637431	PD
483.0131621	57.64174798	43.94859204	106.6346362	509.1240464	119.4144989	749.3740783	D1
2220.32023	63.81003877	13.81917318	9.82435545	0.207113726	108.2513403	663.9549777	PD
220.0745889	485.4950508	137.3486602	1234.475439	0.619528046	1013.028509	3527.004398	T3
46.56674984	27.19368057	22.9234284	6.900760453	0.353176717	93.5384617	618.8333641	Normal
1158.677449	53.81738529	32.61460543	16.24793372	0.347837755	121.3603302	707.6791111	PD
30.55815935	23.36598435	21.90868998	6.663957342	0.329782661	118.0865571	701.6426147	Normal
427.7982349	33.63537544	20.86326026	11.39552772	0.22221697	92.86405652	599.1015265	PD
1418.844032	67.32066654	34.09760172	22.23611527	0.463973086	152.4526724	748.0359922	PD
234.6958429	458.1253866	135.3024912	1222.249267	0.702090546	1017.532163	3481.7684	T3
59.56233173	58.93677084	55.16239487	33.93242182	0.324597673	130.033933	817.6086039	T1
233.8173674	452.2887005	141.7204436	1270.080746	0.745121056	990.5432568	3491.182604	T3
401.5729628	182.801143	145.5769712	261.2827893	952.1525061	275.5692379	1121.184998	D2
245.7735362	310.0236739	254.069975	211.0445994	0.225453047	415.607095	1479.217775	T2
779.6819897	37.69443596	16.89989341	5.50249129	0.435088815	88.05046918	668.8673711	PD
897.4083467	80.57618961	59.04416277	214.7943021	1115.767341	132.6292774	759.0706289	D1
1799.133727	54.49744748	24.81870048	10.79112983	0.404391222	92.4959837	765.9598853	PD
616.2136564	207.4880044	168.0880128	407.4585915	1928.260784	271.8283996	1168.510456	D2
704.5401429	304.7153672	247.1551794	499.6142809	1921.491197	390.9594573	1468.035323	D2
46.78498531	45.37880613	34.46394283	24.28077137	0.294177814	110.6490194	757.3777241	T1
617.2307672	62.25163011	48.78062559	152.0393613	781.3952098	128.7218278	736.1340596	D1
229.7522355	445.4162541	143.2264039	1236.895448	0.654309362	982.6068906	3230.477091	T3
506.288477	59.67760367	45.68951149	28.91604895	0.424123629	112.1222728	749.5206868	PD
556.0542837	242.4573703	210.396067	366.5437443	1479.322038	313.3707411	1324.642734	D2
965.1482764	59.59826113	38.25652205	27.60686467	0.205570323	127.0328758	659.7016619	PD
34.48437181	28.00937541	18.86680099	6.280356248	0.354165414	85.97841556	627.1126415	Normal
249.551096	458.718899	143.1400188	1244.965667	0.633030441	1015.7403	3284.028565	T3
77.9401675	76.29803771	62.53543867	41.60868246	0.368112233	162.3307005	816.3229275	T1
484.5738527	255.8863141	205.7622439	357.8518398	1253.993777	358.3574646	1329.253913	D2
59.46817528	62.57495855	45.03262385	30.30593025	0.409053655	155.5899142	800.9973867	Normal
230.7010699	313.4975878	263.2381624	215.5798365	0.345719741	400.8878974	1390.681886	T2
2284.010648	90.6284488	45.00275116	27.39630601	0.466622459	113.9537206	657.6801	PD
954.6507775	33.6200804	20.07243799	97.08101586	583.6959932	94.24300911	631.7641102	D1
239.1828552	472.600839	148.1251933	1174.12235	0.897139621	971.4982904	3572.14764	T3
240.3294794	476.6140047	143.3666157	1242.077642	0.662314038	1051.936047	3430.407338	T3
243.4994461	307.9594013	269.813907	214.9741542	0.429302638	394.1375184	1378.589991	T2
441.0299807	76.55643034	63.25998307	202.3742667	1033.092543	167.930579	800.4412132	D1
645.2637661	299.1925712	247.8695239	452.4487472	1734.654851	376.1969132	1377.479268	D2
373.9932408	29.52902793	19.93434567	154.4534982	960.5977683	110.6608918	713.0923341	D1
418.3524634	268.6882449	203.7285691	320.1866331	1017.888375	339.9835017	1352.821535	D2
1489.830423	84.45627284	54.98704235	32.15080109	0.410710374	144.5773325	751.8200823	PD
1291.278515	96.54184746	66.08522219	44.43262296	0.214102959	159.2732218	729.3821721	PD
1220.055194	50.44810325	25.81385389	14.41588985	0.273823882	105.8998783	798.7430362	PD
990.0384374	101.17321	80.31156824	153.919193	676.5281814	165.0411098	803.94755	D1
547.7668571	321.9409625	260.5149291	419.900833	1295.15509	414.9028624	1577.998472	D2
2266.399147	81.3941924	31.62742565	23.09554177	0.513621804	112.5522315	631.3134331	PD
698.2345968	80.98556282	62.72504895	205.2421813	1059.273693	157.1546883	739.6553328	D1
439.8537733	32.54003775	20.32548121	135.0187226	812.6977946	103.6332008	737.34941	D1
293.0186453	51.61302596	41.80115936	24.35764422	0.291016221	118.1069983	725.711534	PD
2221.433525	58.1258367	17.99434297	5.743570192	0.40687699	92.71742245	713.0556023	PD
77.09765636	73.81683923	68.26235743	50.7124054	0.516225327	167.3036354	854.9665311	T1
74.88350822	67.59535432	62.23401996	33.75323109	0.501800824	168.5225683	705.8462233	T1
247.1809534	306.0119477	268.4330581	209.4012892	0.352538047	403.2012783	1364.093659	T2
44.93841202	28.83243812	21.7846896	9.292001119	0.295606912	93.1035421	622.3740405	Normal
229.1870747	313.8867644	257.6391295	201.0598946	0.235598316	381.692494	1435.114024	T2
52.54881693	37.62262849	37.951722	19.02707868	0.428008408	114.4386296	703.7523522	Normal
61.71298075	53.52364441	43.65580562	29.94093484	0.427581175	112.8557253	700.4086741	T1
737.9816181	39.67210915	20.86478343	5.168838377	0.210286301	110.4049118	637.1167404	PD
585.7324342	256.9206977	213.6375331	405.8696024	1566.845703	341.0675204	1358.747968	D2
885.9534526	81.45389895	55.64962711	123.3414215	535.3758325	158.9289943	845.2374649	D1
236.5444859	322.8990164	255.893829	209.7885364	0.209968291	399.7209677	1355.600483	T2
460.0953382	271.243996	204.9742769	345.2121819	1128.201751	339.3391814	1306.250562	D2
50.03287654	35.33589561	27.00553627	15.70505879	0.330010977	120.9387134	735.2829894	Normal
223.5434191	450.511077	144.2409958	1224.82903	0.689650892	990.4429003	3407.354561	T3
239.6692833	473.5621785	134.0354946	1210.332103	0.61390257	1021.731758	3573.498357	T3
1864.203731	68.57547652	34.12257861	15.65611582	0.300752537	116.6908944	677.7025793	PD
76.42867656	70.3399015	54.09830797	39.95143749	0.311435922	124.1228754	826.5290184	T1
242.54769	322.0229418	256.5238846	203.2124477	0.487041249	391.5110771	1495.767298	T2
55.00784929	47.26146853	44.26877494	26.58972702	0.20906768	120.7262651	729.2798437	Normal
325.9555913	33.67555382	23.00005277	9.558302755	0.224012628	91.16391596	632.4071572	PD
637.336379	191.3930754	156.9575883	394.3664306	1894.057568	255.1989211	1135.486499	D2
33.04329642	22.99702409	19.91580653	5.889006998	0.325111972	99.4856189	635.1689914	Normal
2298.023792	66.44349931	21.27123073	9.252190031	0.465988385	120.918605	631.323878	PD
242.9864622	313.2254536	257.4687851	202.904496	0.458769864	400.4699275	1350.169115	T2
90.83228856	85.98128509	74.17475969	51.84553847	0.270558473	180.1543202	848.0507487	T1
1516.837366	55.64259873	23.65560187	12.90061824	0.436588838	98.22835794	655.0137198	PD
61.48733234	51.52298203	38.98626046	23.97454267	0.288619359	117.5759326	769.3700065	Normal
81.95917221	81.1427831	70.48111062	46.09769591	0.445702678	142.9545324	775.1253155	T1
231.9245176	319.0788417	267.6156278	208.1959584	0.422383488	378.6433028	1482.51369	T2
674.1997715	52.20998499	29.25965619	20.55572347	0.269232865	115.7245781	717.6126806	PD
572.3148389	181.4842062	146.7973578	376.3859537	1818.578214	275.1034464	1043.421103	D2
928.7693124	59.02455481	34.03231143	196.3728865	1203.414596	112.6157278	673.4433867	D1
228.6215106	297.7800778	257.2769916	216.9540271	0.28845392	419.0376258	1467.356638	T2
1022.323658	39.63842224	15.91567682	5.477939935	0.46653773	95.3936704	671.3668257	PD
767.6644648	91.91035538	62.93347487	165.3367471	780.0082141	173.6807767	814.2832547	D1
50.25194873	41.7540068	30.29665311	21.72773846	0.436774241	129.223733	670.5357499	Normal
879.9952597	50.27404163	33.92853682	154.8625238	973.9340897	126.6676344	715.8483959	D1
240.3995244	461.9999932	144.7471479	1185.026559	0.68184815	1003.460336	3374.430999	T3
939.0076453	90.23199495	66.18416606	43.94825936	0.205966284	162.2855419	814.561361	PD
97.56362256	91.02577487	75.92649859	54.92696723	0.293405612	162.8330609	787.8619703	T1
232.3756263	454.14101	145.8256627	1242.751736	0.622130236	975.5182372	3563.353744	T3
975.3554097	73.60382828	53.54406328	143.0971158	705.3727968	140.1709463	803.7831118	D1
76.7262385	72.31375257	57.56841221	40.8099193	0.396915388	161.0184318	754.2095789	T1
965.1545905	88.94082766	64.80974841	123.1562403	586.7881602	150.1421382	814.5444549	D1
40.82082326	22.21435239	15.83137007	6.496958675	0.218637919	117.7153761	667.437502	Normal
239.4317191	303.5883313	258.2001819	200.0502874	0.407828179	389.6587703	1422.239413	T2
603.6091854	62.28907512	47.45885984	102.3963909	492.7698587	150.051836	791.2307121	D1
234.9255204	304.220882	265.3048042	211.2162472	0.306105719	386.3660686	1407.708921	T2
703.7090465	31.0995085	19.69931169	176.0422839	1143.444393	83.60734218	712.6604027	D1
80.53937421	76.51720418	62.17829239	46.21533285	0.469255999	163.5484422	793.8472412	T1
50.40035412	26.55697537	20.77755416	7.245300168	0.38161265	96.55047183	579.2265936	Normal
734.1474684	91.39096617	67.47794969	115.8414644	471.3949324	169.1006385	791.9043713	D1
578.7107062	182.9023925	162.6958135	383.3395961	1750.102705	261.6924304	1140.001139	D2
1520.97279	41.02902903	24.90162864	9.611850438	0.393669886	97.72273494	691.1064605	PD
2182.659047	72.6112548	23.49650386	12.55869617	0.28364861	107.8254369	668.0607637	PD
232.5564674	454.5583555	145.7293166	1173.723796	0.597999801	956.7950709	3445.07078	T3
33.93049472	25.32262167	23.54093856	9.639998064	0.355034323	95.645628	712.0955462	Normal
242.8094092	319.3826813	272.0008199	199.3840619	0.352641627	405.8434449	1448.273624	T2
605.4774324	222.0664198	193.8333798	399.8676428	1790.261795	335.891398	1190.373429	D2
2282.870784	57.86839711	22.77404403	5.91793792	0.362123691	92.49201182	684.1634029	PD
695.3325347	291.8580206	252.0610284	492.5697415	1942.013104	372.4788905	1298.781835	D2
385.2720011	49.12522631	36.61117765	144.8267525	792.6990583	140.0243699	709.342618	D1
608.7154621	251.9521173	208.1134302	407.0415478	1693.491382	347.5247848	1353.261366	D2
1102.392363	95.87985546	71.1663189	224.5977685	1195.219215	168.9295106	875.9308848	D1
291.6252565	57.65647838	49.40399381	133.2407494	671.3828089	120.8092177	674.8683137	D1
632.8085881	36.88782832	23.13327797	73.17582674	440.0927076	115.2397865	711.0407224	D1
241.5861724	458.8773885	136.3496637	1214.780824	0.845421937	1012.15398	3468.506536	T3
645.1505357	258.6255564	233.4738468	447.3941544	1773.301358	373.8874091	1319.170192	D2
296.4569441	58.86586671	47.87235047	29.9882089	0.278155349	134.7636063	742.5038114	PD
228.4089029	309.9333673	259.2569235	209.2388589	0.475072817	383.2281344	1478.130541	T2
381.1436076	62.83578663	49.83663559	150.9691194	750.2043915	142.2072524	746.2092029	D1
555.5515235	256.1978146	210.830143	388.7883772	1462.187568	351.1986464	1330.472022	D2
1033.364389	43.36087982	26.03426582	177.0652272	1102.397647	128.440416	650.6519008	D1
46.43364136	51.3798339	41.75057544	25.7139872	0.260229586	105.8766821	761.0067193	Normal
1095.390643	48.91339336	34.84821659	181.5374821	1066.137962	139.7079815	662.341658	D1
1874.570239	51.66321566	16.46726969	5.222510066	0.254068976	99.71572684	602.955234	PD
1292.085809	67.75074298	40.02052163	28.17813388	0.248605833	113.5414317	793.5613738	PD
223.839007	301.7725847	269.8484895	206.4220166	0.486844702	435.1364519	1506.902145	T2
240.8142047	468.9710255	139.0746358	1227.562964	0.8070567	1004.034559	3599.364449	T3
71.18622543	82.27427768	63.51061535	44.78839015	0.447104692	178.108281	853.0285437	T1
559.9234308	64.55960835	49.25858776	201.4865317	1177.914831	143.5249879	720.8822053	D1
55.43945308	57.7166984	46.98775964	25.48946782	0.342454025	135.0247936	691.5132212	T1
754.8978915	42.42132446	34.04109971	159.5427167	907.8588901	114.2380223	718.8624003	D1
537.2056956	287.8024296	250.4196654	384.7361888	1291.2797	381.7901025	1441.681729	D2
59.23085506	53.7272319	41.30906496	25.28340948	0.35235035	112.6020992	798.1181022	T1
62.18291638	52.27607631	38.90458799	26.02867866	0.330171723	123.2699574	768.5212584	Normal
73.45163312	79.54631253	78.52698606	50.52550237	0.358134035	166.5268047	762.0439531	T1
242.5066865	450.6872204	148.7525142	1236.808591	0.632537893	980.5596238	3320.169309	T3
244.5145003	322.2260089	263.4822706	207.8888328	0.419760242	384.6306561	1428.761094	T2
294.0050804	67.52479378	50.54435896	38.26454525	0.421414972	154.2442006	763.8202995	PD
923.0403677	55.41230079	33.14991568	21.30622768	0.43420117	140.4297934	735.0856923	PD
247.64756	454.4547067	144.3128917	1204.427498	0.689356676	990.2181746	3535.287287	T3
996.1441936	73.48352552	50.83468119	120.6925995	659.7422726	117.7807652	781.403791	D1
499.6849984	210.9037658	179.3678515	322.0290724	1291.909546	315.9719293	1222.718361	D2
829.548622	91.70709233	68.56067005	161.0952778	715.1240209	156.643826	795.7373797	D1
51.21308236	34.5975691	30.0132054	16.75250319	0.451486749	126.2227193	661.9341859	Normal
2370.544822	66.36393873	23.86494183	11.27009788	0.416073895	112.5655149	752.1719629	PD
247.0316958	477.1729183	139.9993316	1180.613415	0.724308318	979.3519694	3400.092554	T3
1550.7678	84.35210623	56.99933046	34.89627384	0.43086608	138.4628584	771.7381358	PD
85.81911064	81.49568639	69.97869912	46.86098988	0.491544715	175.8167973	735.1775123	T1
197.7876628	21.66764015	21.4038661	7.350331429	0.287430647	111.0049138	705.7923855	PD
80.76695544	85.82503209	69.8795795	51.75069123	0.326131547	187.421645	782.2954077	T1
1768.306737	53.27088709	16.38744607	7.154130981	0.230163383	104.7133399	565.5557082	PD
55.89101733	40.75043468	32.26485053	19.31986731	0.353784897	114.7770666	748.8247358	Normal
91.52338852	85.20137484	74.53222782	51.92101692	0.420076666	167.2780297	792.0421167	T1
238.5612375	322.5047531	256.0787978	215.1291623	0.36727801	409.7967698	1398.505522	T2
226.7118887	447.6889425	136.1792548	1239.742793	0.829468887	1026.330093	3510.918685	T3
1058.247355	48.49640532	19.12964268	10.02303309	0.300949986	92.5923945	653.9233164	PD
250.7619661	462.0903735	147.598819	1185.950426	0.781384929	1036.966539	3374.405594	T3
227.0565621	328.4662742	259.2386838	217.8042084	0.433507569	379.3271738	1471.573467	T2
226.4843903	314.5812173	259.8423486	207.9877319	0.329941233	400.3378751	1459.034027	T2
32.77044648	23.47471676	19.85187208	8.701899144	0.25152084	88.47476819	634.8622036	Normal
75.85781609	64.85101111	53.74035062	36.47160932	0.266912185	156.8973962	779.2731836	T1
230.5779247	323.055628	257.8843194	209.07357	0.466891921	412.4440841	1500.810955	T2
514.0380031	188.367872	149.0589271	325.0797104	1465.443525	235.178991	1081.995216	D2
623.3426196	245.2352415	196.7128877	424.8366467	1693.140959	325.6071694	1166.983592	D2
59.28471211	61.93138592	59.6924788	36.92012975	0.283847352	155.1270512	709.4961303	T1
46.5319329	47.10859351	33.85028355	24.9121765	0.196009622	107.5698154	671.7541941	Normal
71.35628603	72.98791429	56.84964765	40.91601282	0.406400138	145.1193917	775.9599488	T1
1980.160947	55.35718903	16.17565673	6.324432357	0.320968164	89.66572772	603.6411422	PD
1421.373691	76.18521384	38.52760915	27.59574624	0.465596682	142.7984268	779.1055044	PD
63.07158517	65.02002277	50.14274791	37.63585634	0.280867527	152.799423	770.6119059	T1
742.484692	79.2191844	52.06042074	34.16443417	0.314217081	145.4429222	796.3922387	PD
234.3182682	311.8180196	264.1681002	200.8880743	0.447202743	395.6861978	1494.454366	T2
484.1335109	302.329777	259.1509773	362.7402952	974.7297149	403.670636	1395.008352	D2
37.87331715	20.93151706	18.61152859	6.048039735	0.269772906	83.93416445	719.21024	Normal
234.2346285	319.6475305	261.4786762	214.3158757	0.299555348	422.3491222	1477.187073	T2
30.44706868	29.39085986	16.98205141	9.80818792	0.495457438	103.041139	611.246943	Normal
38.16797286	25.69607681	18.42976273	9.541830846	0.363385973	102.7478853	712.7257328	Normal
51.46124927	51.78506082	45.44844446	27.46716653	0.32105542	151.675009	696.180164	T1
571.2748726	34.70100447	19.61420516	134.868526	801.7674357	98.39320465	654.5320904	D1
241.823219	325.5397181	260.6185161	197.9525596	0.327902436	404.9573012	1399.293162	T2
230.379674	442.4728151	133.238095	1170.560497	0.82187498	964.6742234	3392.207959	T3
75.39028552	96.16811712	71.85988341	55.29068981	0.360569039	179.7456856	876.3816273	T1
246.5198339	313.2244993	263.3413417	199.9793804	0.351491439	405.5872839	1405.764491	T2
38.26141323	31.21060514	18.68305343	10.94837867	0.385897404	105.8043642	697.112791	Normal
231.9895396	457.9496682	136.9268599	1206.699297	0.835451201	1033.972006	3453.213307	T3
559.7468608	288.5532667	255.5614007	385.2277794	1390.480196	391.0699928	1523.36615	D2
229.6531606	436.741695	141.4633681	1238.430076	0.895861283	1038.408912	3197.612973	T3
68.74260255	69.34190357	59.42197962	39.80806086	0.505756006	152.8251618	808.8874338	Normal
246.7425994	322.9530675	261.2217603	207.8631754	0.323531136	402.218346	1516.254214	T2
422.9749606	234.8628847	206.7642387	303.6740061	1021.029068	334.2439798	1260.270796	D2
88.2346631	95.5030469	78.10471904	58.28444098	0.378252918	152.7522223	816.9359846	T1
58.26138137	58.45392511	51.78882112	33.76716319	0.323082548	126.1563111	788.4687635	T1
227.8868992	461.2253202	138.0528245	1229.241264	0.696505518	983.6789749	3292.289931	T3
774.6433584	82.53426131	54.07963647	120.7879321	556.8564906	123.0599532	775.3982354	D1
354.3476411	28.26936309	18.59005132	5.310947462	0.29868093	111.0800921	639.6376699	PD
654.0099475	53.56253271	36.56185811	147.0128339	879.7490189	147.6860022	695.655543	D1
51.34767725	43.05850176	37.45848561	20.04204485	0.347758221	117.6909349	712.1664349	Normal
227.8698345	454.526219	145.9779017	1207.043272	0.696991002	1026.635313	3256.54184	T3
255.2553328	446.7067297	138.94493	1198.162044	0.913063219	1028.4663	3435.898253	T3
226.6080235	451.7026416	129.8847829	1235.76751	0.623757864	1044.567265	3500.217363	T3
74.95946595	63.95127908	51.12681701	33.82823962	0.377557937	146.6663135	759.1653943	Normal
1745.427963	66.58773202	32.14120584	18.02423031	0.227314646	121.299907	646.5935639	PD
597.1119285	223.9589699	180.9029888	392.3113653	1602.112091	308.7024757	1167.355039	D2
548.5625492	84.12675114	69.43821157	118.5119122	443.3910079	164.653798	776.1085461	D1
1092.23137	71.17411396	35.91212042	27.71179628	0.229064215	112.5794075	753.3659364	PD
47.53166793	41.27379449	33.15000035	20.13057775	0.276788813	123.2072055	734.7827892	Normal
645.232653	227.9772476	187.1031572	420.318587	1795.845627	299.0300444	1229.526882	D2
826.8030024	54.37783852	35.8877001	131.4100252	760.1234483	104.0630974	759.9980713	D1
444.7454652	51.23905173	39.68190021	206.3677926	1221.066259	130.1182302	713.1530627	D1
45.88450453	24.577001	15.07835207	5.813021963	0.391724602	112.2555876	637.3671595	Normal
873.9913697	40.28951439	17.84358439	8.943210471	0.401648077	115.7538589	603.0582563	PD
654.8729285	312.9330058	250.4487842	452.3329456	1621.672536	413.9032775	1417.392003	D2
51.98975067	55.93220572	44.70909815	29.71668383	0.462239723	137.760907	755.5561201	T1
276.8411107	73.52900441	52.12525923	37.8642001	0.482079997	164.4634087	719.2768734	PD
77.38497661	83.32521459	72.87566684	45.53908594	0.277948701	181.4080082	781.1204263	T1
42.57107294	20.11166033	18.40966624	8.133955403	0.445167987	92.37587703	684.7296037	Normal
503.7136669	200.3142117	163.8609649	330.7541021	1316.361817	277.8276156	1118.031082	D2
61.91001552	59.26284826	45.83325303	32.88495545	0.430319431	145.9886133	815.4751287	T1
228.5808588	300.5864622	270.8471924	201.9823972	0.305177883	396.4698368	1407.837546	T2
233.9877567	454.5595402	134.0077565	1269.451432	0.784514877	1020.376257	3439.222882	T3
228.7473116	478.3654137	138.9948821	1241.71008	0.601374448	980.9170002	3486.552569	T3
226.5337086	301.7417595	267.7640275	212.0406114	0.442843141	404.4753386	1374.174325	T2
604.3227211	54.11808525	42.37687992	120.3424132	632.0429556	117.7408834	708.2976263	D1
60.20441761	58.19362152	47.93166461	30.96496879	0.253294597	142.762029	732.0408268	Normal
76.93960135	77.47036037	68.9882902	50.17253486	0.203972988	159.1063055	866.4186338	T1
228.8691466	467.566445	138.2186255	1264.70886	0.779372767	1021.465324	3378.546489	T3
70.68408748	56.95678111	51.1384403	29.31749155	0.476403741	140.0999865	765.5611149	T1
48.08873541	42.49312141	37.07593673	24.62351323	0.425617098	127.037989	747.8716111	Normal
81.66314873	78.33093146	63.42811364	46.20338374	0.483180833	162.467472	766.3189305	T1
236.9397587	306.2713014	249.4194227	202.9209736	0.339761489	399.5256889	1432.051456	T2
231.9725348	327.9064715	266.4805818	204.1639568	0.469969268	388.2274777	1551.975197	T2
599.5820091	34.84820456	23.26710432	112.6895777	720.8808143	86.92859556	563.7451682	D1
1803.341143	48.66925101	19.77630942	6.01709237	0.328103325	109.8301595	675.4651955	PD
224.3421624	316.2472811	266.866887	211.6753552	0.471393005	426.2434143	1293.026584	T2
430.6206815	276.4947242	237.2910355	309.897936	849.2196081	362.6642483	1377.907402	D2
1785.701823	57.36474771	24.86199459	15.91137835	0.370356057	92.74177406	690.7105401	PD
1863.825963	102.1137558	54.9393385	37.60059061	0.298678114	126.8007767	752.4192181	PD
237.9261838	325.8312078	269.9778995	207.959361	0.43956762	386.1011414	1493.42946	T2
239.9572351	458.1345451	146.6793016	1233.19747	0.729829026	974.2614792	3462.071541	T3
630.464449	235.0282845	196.9849554	438.9417536	1853.682062	310.868922	1277.822137	D2
241.063119	477.5705344	136.8014954	1211.219387	0.839568138	1014.601938	3277.782717	T3
242.619366	468.5241197	147.370652	1168.838066	0.829381409	1016.993412	3349.982024	T3
90.59689492	96.71132991	85.3136994	57.14944249	0.215520952	193.0398361	858.4704156	T1
547.4558994	170.7210066	148.5449858	353.0771626	1575.52491	241.252357	1037.240549	D2
47.610824	24.66806404	15.37553621	6.66328892	0.371725472	100.8188808	600.7696859	Normal
224.7720386	41.10426457	25.49730759	14.44872381	0.311431112	121.5787529	642.4650538	PD
404.8332301	231.0341512	189.3587835	299.764576	1000.12652	314.2785759	1244.079066	D2
71.9813108	66.10950711	51.16659058	32.80770614	0.312140678	120.3361682	764.9430188	Normal
612.1874156	249.0152783	206.2208002	409.265924	1692.631913	359.450574	1331.973883	D2
979.5230753	69.29013952	40.62389415	24.19783513	0.324339835	140.1046374	703.5365478	PD
662.0356996	298.072219	253.4236258	474.0614407	1712.534931	367.8502463	1374.063419	D2
1876.191126	86.68315453	47.56277954	27.46141524	0.505963428	136.9563416	684.8855335	PD
56.90024923	36.93960149	26.94574805	20.44179704	0.482159357	110.4566005	656.0871504	Normal
884.1009169	57.16751438	36.58324364	94.59260364	493.8069574	132.0097291	668.6339168	D1
799.0330989	67.06478713	46.08266997	111.6652329	600.6586987	136.1140012	750.4838953	D1
67.49221197	55.25521374	35.47963544	22.78547806	0.369005502	133.7092902	743.7384235	Normal
394.6450175	164.6816805	138.3390337	242.877449	1020.825141	234.9295924	1106.852654	D2
83.28573459	82.37039445	60.38422303	43.94869274	0.435732871	164.8067949	861.3566397	T1
529.6355602	228.9357271	192.8089498	375.4324724	1543.574843	297.5991001	1114.179156	D2
258.0192115	50.93012401	34.79850444	101.350769	484.911846	108.2141569	696.611223	D1
43.5259392	34.68229379	22.20394426	11.57817153	0.294393748	117.0614473	652.5096277	Normal
369.5204418	31.87249911	23.03831365	8.605574023	0.345563414	83.83993839	676.5501213	PD
41.04698472	27.51511802	21.0355029	8.237367366	0.242094431	96.85820961	602.4238462	Normal
85.26633921	91.2857551	78.3594138	60.17351471	0.353852221	154.9155864	929.4773439	T1
2265.344012	61.59242668	22.14443197	11.7828298	0.408675712	84.22050049	737.3402213	PD
729.9815774	71.53395902	51.89355298	117.5013998	575.3106088	151.2558182	786.0389422	D1
45.37138828	23.6613418	16.46921813	10.32691456	0.469979908	81.397393	733.8858482	Normal
433.9239915	224.2582909	193.3003066	307.3725788	1117.005217	291.7253945	1129.600725	D2
682.4225532	87.16805938	68.17663749	149.4146844	674.5740135	153.2060516	829.2830977	D1
51.8457422	35.72630827	26.74017227	15.32712601	0.444277613	118.2650299	752.7911402	Normal
69.69032164	61.83360875	51.01244957	29.32463478	0.378324056	121.0423385	753.611854	T1
224.7258385	317.486863	261.8767795	212.5872501	0.300663655	395.1827899	1504.542049	T2
592.9321282	236.7115949	200.1191609	428.3829806	1838.990728	339.0974602	1230.104613	D2
70.34901059	80.78228647	72.25918464	46.55751837	0.308048936	168.1980356	813.4303836	T1
75.03192746	65.13291235	64.6831755	38.69416057	0.341393538	134.7411322	777.9205036	T1
2063.679278	63.30203791	22.6667118	12.17237295	0.38232182	86.00663936	588.2489288	PD
62.65749184	62.0640718	51.33710248	38.15854267	0.479476728	166.206161	799.2573554	Normal
995.8016804	55.7088036	32.98485417	163.6549854	1010.624838	111.1069223	726.910673	D1
554.1850842	55.87808385	34.74543625	102.6487497	519.3905323	106.5772975	733.1489358	D1
244.4703636	453.9049224	143.645376	1164.493721	0.68071517	964.2175027	3478.985236	T3
226.9863982	471.0144596	139.8166177	1204.89146	0.831862195	934.7629399	3484.6081	T3
233.3617517	453.2757242	138.4536519	1218.934927	0.849130146	976.3763689	3225.371191	T3
56.94348426	45.37326412	40.52788765	23.38401678	0.359084472	144.5998245	712.4133886	Normal
813.2209783	93.50600328	68.99479746	171.7448669	833.0574089	168.9421992	876.1426473	D1
39.2581794	28.35564443	28.11259851	11.44262955	0.468165106	88.99635109	651.9317815	Normal
81.38999827	84.85619631	59.42419624	43.39847167	0.247233967	152.9288785	813.1489673	T1
235.8378983	447.9865056	146.2620313	1190.703626	0.632234779	1048.883187	3592.548635	T3
1038.027251	97.47048048	68.74001349	201.7470323	1058.002425	140.4967863	819.162726	D1
231.9886976	324.150972	266.9553121	203.4848579	0.367155642	414.2697011	1367.454257	T2
631.998854	46.02774334	40.30340914	159.4168449	969.7423528	130.6736916	784.4422924	D1
72.69901241	79.20449225	62.06287256	44.47917068	0.443528724	134.0556405	864.3474227	T1
1302.544635	67.67064278	34.71549981	23.24409707	0.406108209	145.3410522	761.928998	PD
38.01021324	21.5143504	22.66286238	8.916480618	0.445182722	104.7780917	682.3615718	Normal
409.6479802	233.6232293	204.3580598	294.7342838	991.1343429	309.7990293	1207.016072	D2
975.8649176	48.23429372	27.7963888	164.010055	1027.699034	93.45879889	646.9339651	D1
978.5005414	78.33130895	60.85977477	210.8990346	1168.398055	150.3081636	721.2128981	D1
242.453106	322.2843237	262.2549426	211.9168736	0.373531659	400.6280973	1376.384915	T2
47.76422168	29.8036976	23.19840153	13.24824481	0.312844582	93.07877739	678.06666	Normal
46.78554539	36.5995728	27.03488704	11.23853652	0.280453702	122.9712133	702.9777697	Normal
79.64598908	78.9438832	61.8245475	41.30362199	0.376070345	152.7505252	864.1553803	T1
601.1637303	275.0614513	233.9592158	457.2761486	1719.381951	362.2585303	1366.490553	D2
72.61257634	63.0666513	51.64033914	31.61176838	0.466540706	148.3051905	742.1930506	T1
47.54602348	25.48543966	21.0814467	7.477249483	0.351623981	100.5787153	720.3372397	Normal
240.1640642	327.8633375	247.2075129	201.467914	0.268061883	397.3927597	1479.396291	T2
1856.704913	91.05484787	47.84341364	28.85424865	0.238560388	119.1558704	763.4411218	PD
62.46803669	63.45783942	52.69010367	36.92907378	0.360397657	135.8626021	689.0627195	T1
227.499044	321.7110198	260.4314176	215.4538767	0.29002119	411.975164	1343.413435	T2
1060.644909	55.21590371	36.65889456	202.9305552	1165.695315	98.79893278	725.7600997	D1
58.02827578	59.98626269	47.53166887	29.84670407	0.476669874	152.9632741	676.1863824	T1
360.3723254	154.7579759	133.4166055	234.0646512	877.4210123	238.3307658	1031.775675	D2
76.65151703	63.18967036	51.58662491	32.70904493	0.412409196	166.1983355	663.8852065	T1
238.8176302	446.5600999	143.5465571	1181.421472	0.734455973	958.9507739	3382.148888	T3
61.75734528	67.80632421	53.86356947	38.70975116	0.202824675	133.9207989	760.4670191	T1
87.30243075	86.17191303	69.51828186	50.78123932	0.445284481	162.5834929	893.2108254	T1
502.8412652	284.0907226	243.7695233	367.0714975	1198.396121	354.263319	1257.165701	D2
70.40853401	58.4358105	59.07086468	37.68595004	0.343104173	143.6013893	791.5694338	Normal
227.7209938	462.0324029	134.6324179	1248.864105	0.847439272	1018.452659	3480.485539	T3
495.9364891	207.1725437	168.2786625	337.4232585	1285.541432	300.8439848	1209.923745	D2
38.54417217	20.10472514	17.8089299	5.977853537	0.270693643	88.56740185	691.4008117	Normal
1025.892766	56.71969941	39.63904385	164.8526454	900.6989113	137.0237882	696.0500047	D1
1451.217686	68.48170911	41.85881144	29.63164316	0.279826439	146.7579126	814.1024035	PD
85.48914891	84.09558135	68.91614044	49.58796175	0.499001249	167.327055	908.6000137	T1
487.1103557	184.658489	143.5233904	311.0432765	1333.100361	258.2085323	1121.823908	D2
236.4727247	293.3644277	255.6507024	211.5010386	0.231990207	401.5429616	1416.933603	T2
395.8709331	50.74689715	32.72881123	23.83858232	0.29212454	105.0283436	654.5762896	PD
231.9689338	305.4333262	268.1166403	207.0992637	0.441784169	412.2773155	1411.509042	T2
238.958834	461.5977152	143.4008074	1199.297825	0.811592976	987.6768284	3310.423643	T3
544.5845712	257.7016712	223.1548321	386.8144906	1400.500386	365.4705713	1236.959141	D2
55.47893189	36.72315974	31.61148651	14.83102425	0.303667167	129.8603428	696.1849408	Normal
228.8899678	464.2054992	135.9430916	1219.465128	0.690947473	1035.726773	3506.861699	T3
231.9572145	461.9010644	145.5369707	1217.32376	0.661993522	1005.254557	3438.134602	T3
524.0035227	226.2669161	194.386577	333.4090448	1374.874006	282.5785354	1251.277886	D2
83.64069499	70.98831557	66.69841665	42.20618213	0.286781998	166.9777298	789.0202809	T1
969.7830468	64.21704115	39.86032925	160.5470039	945.4653601	108.9283255	704.3760768	D1
75.4591909	71.59669009	63.02720115	41.2836244	0.305899006	164.8349383	798.5361375	T1
30.14842881	27.83712199	21.5460788	5.824080261	0.298656417	110.029393	692.4288362	Normal
238.8595562	453.4958357	142.6296184	1201.424132	0.889345839	1021.865305	3480.433549	T3
435.1210594	191.1231083	150.121223	280.2663839	1138.433969	275.3410093	1096.738935	D2
512.3802404	61.1003514	45.67387741	27.20861445	0.223970033	109.0556505	695.3031678	PD
1149.175758	38.85087132	23.57285085	8.264377322	0.487523469	93.1123009	686.0914325	PD
37.53768314	27.8217193	31.77116908	13.63829912	0.469731203	103.8295312	620.2428657	Normal
75.90814588	83.40235915	54.98774966	45.47577635	0.294928057	140.9969209	813.0925396	T1
239.215934	474.5379748	138.1544182	1219.256094	0.663419504	954.8725167	3449.695523	T3
89.28893199	85.66937509	66.60609802	45.56326707	0.456332993	160.6665616	899.7815739	T1
310.053876	43.64351094	32.64501163	21.57189949	0.229958246	110.838507	717.3844418	PD
235.6938753	473.8670696	147.0994594	1211.788379	0.650123348	975.7918487	3510.540335	T3
247.5689383	322.1624922	266.2306577	199.249207	0.483020431	418.1423448	1483.673995	T2
492.9487026	51.5179844	33.91193158	21.31297164	0.383199109	103.7089291	736.2251087	PD
70.27373007	70.13240174	58.18253533	38.66547951	0.302837138	126.7958096	857.2931959	T1
45.01649373	35.4082323	27.36415153	14.1159746	0.338230555	102.3024222	599.2382575	Normal
75.49978067	80.5081174	68.5760757	53.52747419	0.446152495	167.7266757	891.1680526	T1
229.4475494	310.4980861	256.6304675	204.1945838	0.387917477	390.4641636	1392.343273	T2
68.31559787	51.44915684	45.38105431	26.82934889	0.396734118	136.4414171	680.3339248	T1
70.21931391	53.86240731	51.68782533	30.4343909	0.41923284	117.1183156	717.9865902	T1
437.5036614	184.6576958	155.7761231	298.9956121	1163.209422	250.411559	1153.613217	D2
230.4638993	458.3052036	146.0534813	1239.763709	0.889439069	999.6101413	3580.769382	T3
633.8080888	43.91249836	33.23850198	82.93701071	452.694301	134.7480146	735.6359239	D1
243.5090195	328.239229	268.2289098	213.595282	0.478293615	393.4447012	1409.609594	T2
64.47811353	67.20115261	57.81379568	35.3154789	0.213595429	143.5480792	815.6944111	Normal
69.31935851	64.32029794	52.67083736	30.93429385	0.520101493	117.387876	764.5547853	T1
69.2529117	60.28232367	58.96839374	36.04837565	0.383035859	132.4363867	719.5798115	T1
93.72487211	93.34273331	74.06110123	57.70549362	0.347631632	152.4406885	911.3805983	T1
234.0019439	310.3329102	263.2343817	194.1347642	0.363420683	382.9034118	1528.000059	T2
219.3778017	468.2111488	141.5429698	1214.744434	0.905373047	1010.600437	3349.134455	T3
62.16138985	49.90740247	40.2677884	25.23516244	0.246566495	119.6147488	772.1145604	Normal
32.99308179	23.31031295	23.92465189	5.935541995	0.242435468	114.3402224	706.2816556	Normal
618.8256947	291.244048	239.406337	444.2680729	1540.165356	356.1284356	1412.600814	D2
467.8483298	190.4734476	150.3850623	300.7795621	1345.761099	273.3073062	1061.551887	D2
1004.697743	96.06342164	69.6028759	227.6547684	1233.466134	168.1361928	771.2480079	D1
606.5192918	321.0566327	260.8459468	493.5649103	1666.105751	444.4203339	1498.809661	D2
228.7895668	317.1545371	262.7482928	223.8153887	0.207626004	411.7573085	1543.451143	T2
60.36422886	41.94927065	28.91671722	18.75551648	0.478651028	100.452226	728.9426802	Normal
30.7133413	27.82092037	20.64337347	9.639186653	0.402801664	122.5083317	675.2534488	Normal
237.7105816	454.0742321	143.9091056	1242.484214	0.847927616	989.4335297	3536.378628	T3
935.7161961	59.74640578	39.48672075	208.0591215	1196.1382	143.9026274	755.6110023	D1
317.4343175	56.12786119	46.21548604	95.90564866	444.9032365	148.5281162	666.6533631	D1
406.6870868	251.5845912	215.0471452	285.9709257	842.4955311	345.2956461	1186.125164	D2
413.9132863	69.46351899	56.48398544	198.3627336	1118.565529	139.8866088	766.1512055	D1
498.163268	72.30361758	52.78497383	35.90342532	0.423376038	135.526042	722.2592628	PD
78.88191209	77.6224253	68.47739717	43.35079306	0.246393013	156.2968414	790.5369457	T1
220.5752762	467.8373664	137.0160869	1246.214289	0.726494228	978.8628589	3579.124743	T3
57.19353323	36.72925287	32.31505923	13.51868825	0.359192624	109.0167979	608.5565017	Normal
236.7065329	462.0753291	136.13914	1232.277484	0.741287045	992.3420115	3425.273506	T3
65.27774474	53.46335265	45.68217827	27.91997156	0.250997735	118.8362742	683.5223946	T1
86.07644211	84.54031957	70.42701794	50.61251504	0.393845969	172.0044854	843.9576135	T1
230.6646748	306.9690506	243.8535411	198.7931091	0.312650353	410.6258066	1412.38952	T2
59.56405675	61.04771455	48.06877023	30.09182236	0.31587093	117.2440559	788.3729886	Normal
467.6608617	35.08170135	25.39683176	89.00080312	486.2567614	96.6821308	687.0906058	D1
811.9351974	45.66546648	29.08190836	15.00922756	0.480751105	133.235105	771.8183258	PD
719.8961235	43.08969955	21.49740839	10.95432543	0.251548395	100.1998256	675.0715818	PD
29.61941804	26.47839193	23.02237007	9.630642987	0.424844783	99.51639253	600.2134343	Normal
890.0678564	77.99684325	56.5161579	188.7475744	956.7603501	165.1034254	769.9109274	D1
59.5363315	49.42955779	35.92554657	23.36173557	0.364445421	138.3131527	656.2896673	Normal
228.6787703	456.5328265	141.6235862	1194.672852	0.717675942	974.7304805	3376.292997	T3
230.5661562	295.7197571	270.6683015	221.4743168	0.333894858	414.9472757	1438.107967	T2
242.4383307	322.3217997	264.540415	201.0916409	0.404013378	363.9666609	1506.390258	T2
215.2137034	313.4546744	257.8306065	207.0318155	0.459737481	404.7301144	1429.037686	T2
66.62787072	76.87186748	60.69303627	37.59573835	0.429986114	121.2665878	764.5538219	T1
235.7146768	451.3201112	139.1588072	1240.737139	0.757255133	991.277303	3563.127421	T3
833.6240325	101.2360946	70.53601177	206.7412181	971.6587979	166.3726792	926.4649445	D1
790.181655	76.3331665	59.10495098	124.1180343	571.2657988	165.7450554	756.1940162	D1
232.6846169	304.1898228	249.0791248	214.2503605	0.424435796	375.4773553	1440.623356	T2
1005.083066	81.35779101	64.99171391	189.7070746	991.9432921	140.1427101	800.8185104	D1
1096.559261	72.49295989	39.89840153	25.0884197	0.371367697	118.3473331	699.7689549	PD
748.9319552	35.14668247	19.48398065	8.434017936	0.478986533	82.41973368	720.0224551	PD
242.2364996	306.0112895	255.4995997	206.2298084	0.379119943	415.5012977	1440.716045	T2
1227.271374	77.53787218	49.23848101	37.35881673	0.39346469	147.7851794	734.0334735	PD
251.2010843	318.9064195	251.808466	206.7080192	0.374605732	386.9298055	1445.254569	T2
225.585675	313.3400147	258.2833001	212.589488	0.377721501	417.6223317	1369.534866	T2
1141.041281	49.76396431	23.46066821	13.40685992	0.205944424	111.779167	726.8997532	PD
810.8250861	68.72257568	46.7742026	124.3755923	600.2864758	150.1935774	751.6378825	D1
370.6965742	36.93953398	22.45156981	13.77547833	0.19084649	108.6080825	622.1339779	PD
678.1493336	228.1763046	191.7780718	422.5940881	1953.613654	305.3830587	1165.710353	D2
241.5921932	299.6822284	262.311727	211.490158	0.328595708	403.7644301	1387.451048	T2
234.1404148	303.8789905	262.1816277	206.4184941	0.374807705	404.3082549	1464.421923	T2
244.7813511	438.9063795	141.1902459	1254.303144	0.653293755	1000.738019	3487.462111	T3
444.6700977	236.0559049	208.5321399	313.193771	1041.120797	324.0909189	1169.119822	D2
33.64706859	26.75564278	17.75606337	9.476802753	0.480382777	76.53961005	750.2057578	Normal
487.6278597	249.8112486	198.6963751	330.0664957	1249.838411	316.6883441	1242.331567	D2
62.04810051	74.14980885	57.80617139	38.55280598	0.347709137	147.4482351	750.1340613	T1
85.53012767	86.31307776	79.46251809	49.86151063	0.513435386	151.1594717	850.5940191	T1
248.4995516	312.7239372	263.2328583	207.770494	0.362671434	383.3565387	1508.517663	T2
45.07084617	28.04703664	25.80925241	14.23153268	0.308991651	121.2590746	655.7566944	Normal
229.337051	492.6040727	141.6536429	1195.802229	0.691273486	1051.700786	3512.284899	T3
42.03694243	30.43811465	20.27595153	8.14877284	0.359218324	97.93033769	603.9270113	Normal
602.7168135	322.8714105	255.6353867	481.1923884	1489.749631	423.7076769	1449.288019	D2
56.36296325	60.6938708	45.57653597	35.13006301	0.203897147	153.7869499	806.6067397	T1
2240.182	95.87553475	48.57681737	28.82060662	0.306546965	136.5515934	778.6904894	PD
383.5665389	55.79981217	38.80701163	23.99447783	0.239736405	127.5224911	714.5225739	PD
635.824874	309.9485552	253.0991213	464.9685554	1708.058539	401.0427647	1503.322466	D2
238.8002413	454.5363611	141.8857306	1145.418293	0.679504482	1004.645243	3438.474602	T3
54.94860151	54.62539052	40.65876998	28.31514532	0.337047021	125.7193098	801.1119348	T1
244.955696	307.771092	249.3570618	209.5697039	0.217496122	409.755249	1364.988884	T2
86.06475763	77.87395345	63.8908954	46.24361642	0.432546504	140.3240747	798.7471031	T1
2199.966778	69.3979459	31.13599451	14.34471332	0.408766686	124.5169303	650.5810401	PD
77.63777027	86.41624751	70.76107479	53.98460675	0.483446164	186.1909755	800.8069249	T1
32.09255497	24.25347748	19.12320376	8.092200848	0.48923676	104.9991457	718.4232263	Normal
703.2722991	329.6945281	261.1605108	495.7813527	1753.266601	422.7695955	1491.412492	D2
227.436833	303.5267326	268.9258166	215.9991964	0.464626578	379.7704507	1475.684032	T2
380.7230566	240.6995734	208.1247076	295.3970743	841.4783332	334.5065251	1301.415377	D2
234.3444488	445.4772728	143.2367432	1229.3574	0.837607209	988.0006637	3313.979695	T3
229.0968306	437.9292495	139.9029797	1170.72291	0.796375728	996.462013	3258.083285	T3
238.8768167	463.4071632	135.71097	1220.768502	0.642141541	983.6559689	3385.771561	T3
55.66931084	58.77747289	49.44092006	31.92232342	0.394750254	124.4568702	710.1546539	T1
228.0013671	477.5258272	143.3361283	1208.679283	0.616006685	1027.710358	3371.245845	T3
826.3511694	49.72952357	30.34491497	120.3061879	712.7028045	97.06454576	658.0617532	D1
224.482076	439.5960401	149.9648072	1239.512096	0.643207805	999.7258639	3562.320738	T3
242.3424291	309.7577742	279.7462098	207.8750797	0.269745565	370.4187235	1439.305463	T2
1505.176017	62.45211734	34.62692971	15.95698285	0.288593198	124.4757742	707.0531695	PD
234.0276574	320.8836548	263.8330078	213.963137	0.355238271	394.0839298	1370.697508	T2
49.12692646	34.53460939	25.58208623	15.15408339	0.227732438	112.9752469	659.7295333	Normal
773.6414925	53.5503887	35.2839942	164.6638019	927.8743891	120.5457756	715.9583997	D1
244.4870944	446.0666296	138.7649033	1211.789609	0.7760763	959.4001942	3372.015197	T3
1268.435634	75.23551071	43.7512346	29.63375164	0.358642295	137.1664284	703.7680919	PD
37.40737541	26.0146716	23.73019503	9.49645005	0.361136779	103.6767043	628.3361289	Normal
60.32220724	62.82543153	47.17255169	31.57051059	0.446076681	136.6186961	696.5626096	T1
493.088122	31.55965017	18.11717904	161.3178134	1005.725597	108.1435855	661.0910461	D1
1277.747894	50.0978861	22.94066981	13.66099216	0.390040067	101.0943067	635.2209261	PD
43.79608684	37.6790189	32.09539315	19.99349201	0.415269661	127.5501193	642.9707728	Normal
46.35541185	23.52633331	21.66016195	9.677029336	0.220349974	78.21503127	612.1869416	Normal
2164.627064	56.60643672	16.24827169	9.777744348	0.396879663	117.6936289	759.1890868	PD
59.47317478	61.40307917	54.34337093	31.84063784	0.216352742	146.1148282	769.0848753	T1
617.9064312	232.8836	191.7875869	415.1944194	1735.60397	323.0227314	1112.790149	D2
1908.542846	66.30141823	25.79240774	14.39841703	0.217080935	100.9924317	678.5261599	PD
819.9532198	67.09950066	39.91699694	140.4454807	731.869742	145.563118	733.3385929	D1
55.92912339	60.96885934	55.06904533	33.56574641	0.288259164	152.3789104	834.6182925	T1
219.6752039	465.9155648	142.2475917	1216.164048	0.707650201	1072.697541	3619.465281	T3
50.07761442	45.32713229	34.35877645	23.87923241	0.325982248	135.0781087	709.8217391	Normal
676.944289	57.72006032	41.58566212	160.7608405	894.8970625	147.3945789	735.4669423	D1
428.5472878	38.94859701	28.31546523	151.163445	863.8714398	119.8020302	757.3811119	D1
501.9047326	44.40562107	34.72982414	123.8162204	666.0693448	113.8784649	669.1045946	D1
221.7866276	302.0448523	266.4342478	207.0853067	0.456972586	412.3026443	1509.982308	T2
239.6761718	454.0694924	144.6580899	1194.255274	0.863935654	1002.568964	3361.831033	T3
45.95958972	26.83978438	20.36061289	10.12753668	0.443539287	94.86416078	591.2074241	Normal
234.5921336	304.8386989	268.9804652	212.6564475	0.240876355	423.8678478	1454.571377	T2
1021.408272	54.19573447	40.84024191	112.4560673	602.4625665	114.8363666	767.1262248	D1
250.3472431	295.9749731	253.8387165	203.6327253	0.355094624	425.3687509	1472.879782	T2
437.8185839	44.71066463	32.71121975	195.1636633	1091.054899	113.6057554	666.4608431	D1
660.4377222	290.447584	231.8424857	462.2831965	2009.472919	353.1073454	1298.040452	D2
246.6604116	457.7329544	137.2172008	1194.234823	0.706848468	1012.834018	3318.676439	T3
237.5307558	463.9069188	142.1771985	1276.477731	0.72469702	992.2196057	3320.686229	T3
222.3925033	320.1243425	251.1556171	214.7662073	0.380945662	421.0683744	1406.775951	T2
35.44697984	27.07342795	15.26663857	7.37673796	0.234297473	97.90668187	686.8578065	Normal
1006.845208	71.07168479	43.13670543	26.34944476	0.475598681	137.0008489	750.719987	PD
1841.33798	51.51048981	20.35925342	6.27886223	0.442190143	120.3948492	716.4504207	PD
630.9688507	237.3418298	201.8001747	426.7598882	1765.143828	300.4217479	1176.0031	D2
236.1653924	443.2032001	150.227923	1216.980842	0.678279129	998.3994832	3464.446029	T3
471.7831655	25.82726956	20.08959139	97.49562761	642.6113701	99.62357837	732.8411632	D1
239.7386131	295.9698019	277.7628927	206.1608921	0.243809653	392.1529636	1402.260458	T2
221.4881145	450.0477735	136.8485723	1149.047964	0.615839038	988.3260018	3379.681002	T3
37.64548828	19.62616499	16.40942424	5.269383812	0.330329726	109.4143447	629.6987375	Normal
65.96614898	69.32270648	47.06532284	36.71770644	0.348449962	148.0416159	753.4931891	T1
240.5109907	303.8405479	268.2711912	203.8332225	0.219562034	396.9020962	1462.019271	T2
39.77721716	39.54054285	29.17432548	16.42985035	0.357643354	99.73537548	705.1901863	Normal
786.6123885	72.18364334	53.69133576	124.587146	536.8671515	149.6310867	790.8820465	D1
2135.275412	60.32252316	18.38406983	9.973995606	0.245696825	113.0897277	683.5050589	PD
1146.28141	94.33078526	66.17958389	214.205389	1195.443356	160.2267986	826.0041757	D1
392.0086901	228.3379647	202.4870877	281.7477624	818.9377736	346.8730757	1215.58362	D2
2217.453686	83.64227917	34.63364973	25.48714575	0.322976496	134.8350036	710.4268171	PD
341.897628	35.75063167	28.73195031	90.6658763	519.3038368	113.1351425	633.9308986	D1
236.3270168	315.2388331	253.4382181	217.6003219	0.479579634	402.7739039	1456.601455	T2
608.022308	283.9961372	227.2798101	439.4923745	1696.48809	350.8341303	1329.185873	D2
1403.551966	68.90257229	41.47719362	21.59461867	0.258717217	118.7653744	739.2505495	PD
250.615642	447.1513629	147.8412735	1171.349413	0.704206084	1037.400847	3463.912184	T3
76.97872746	72.92487011	62.21196939	44.55553916	0.387707143	161.7204888	730.014975	T1
78.33757597	88.62417142	74.53452813	53.17142025	0.368191548	177.4640773	799.1298603	T1
1106.42742	89.42778097	61.7896471	224.6417095	1186.351474	135.2564905	761.997782	D1
891.5614961	64.60762619	42.58629062	99.90776186	481.9520136	141.2458073	661.6285419	D1
240.2891275	478.9576958	137.4863425	1175.262857	0.683167152	996.4713308	3467.607424	T3
236.020889	457.6735745	141.8720101	1214.747402	0.699001111	1000.735736	3491.465114	T3
245.1006822	321.8803317	256.2841565	214.3869425	0.31765637	402.0917653	1414.445116	T2
423.0662178	163.1461363	135.3240708	292.9149971	1289.325519	265.9311682	1000.820665	D2
503.845238	273.2061836	234.0663754	374.5465733	1193.063871	362.8268634	1302.552639	D2
245.2943591	436.1687228	139.1643562	1248.942048	0.721733076	1012.342326	3536.516316	T3
1236.668348	82.93522957	53.93330877	33.62575798	0.337804603	146.14431	722.2809425	PD
37.59306836	26.4921924	18.96114884	9.240612907	0.313258946	118.0136913	620.9659374	Normal
602.9408586	236.4018356	196.5655702	389.3169266	1738.620428	316.0957253	1148.838824	D2
369.8329234	206.8119889	171.5098519	250.9980483	858.7533297	296.4988974	1203.922856	D2
511.3133937	194.4809927	157.6752614	318.2417191	1276.600839	271.124549	1108.642658	D2
87.08813183	95.88960061	75.82918756	54.75042896	0.450272253	172.4329653	849.8559411	T1
1652.861344	89.27349742	49.89745579	36.35987845	0.231911905	150.9145602	839.2865672	PD
243.8656997	452.9260748	144.0490274	1178.675606	0.671566346	996.582175	3328.759039	T3
45.14038488	21.17216523	23.04825196	5.332801218	0.440553527	106.7551268	634.4189288	Normal
244.402584	308.5519266	251.5527453	201.3111983	0.353830048	418.1134702	1387.897293	T2
61.12690773	71.92804367	58.99600881	39.28407847	0.46155777	145.8631743	764.9315792	T1
31.37886882	26.01406531	18.7252705	6.531265725	0.332306529	86.49082866	733.2945794	Normal
232.8252002	473.6212925	135.9407639	1268.814566	0.691004576	1035.830699	3294.729517	T3
86.94647048	84.66831588	68.44270406	45.98623265	0.303088533	152.0045073	866.0044661	T1
246.552719	444.4032459	140.6527609	1239.462709	0.898298094	998.1590521	3407.748405	T3
34.02284078	24.81207448	14.66390247	9.82904937	0.481632118	95.19182965	663.5714201	Normal
228.4365235	461.0921327	136.4854386	1175.14432	0.861945719	1043.72467	3479.705943	T3
237.4593964	315.2376214	267.8241305	216.0208496	0.224099785	425.4160562	1359.534199	T2
916.1785569	68.53623855	44.44177039	31.56217836	0.438255331	136.8113209	801.579429	PD
540.6178958	82.22042937	66.53860022	206.2276917	1158.372959	145.7899094	730.3700625	D1
60.1464481	65.49325284	57.67119421	35.06810474	0.372691515	150.2685467	814.6146591	T1
246.0722349	451.1474083	134.9004927	1198.904128	0.874800415	1040.934612	3378.90323	T3
601.8024422	268.0231857	233.5592368	425.357228	1648.450176	357.6445183	1371.41566	D2
354.1661362	182.1672198	152.2100557	241.9029016	862.4508888	245.2384727	1006.675188	D2
373.614884	33.2562397	21.92366361	9.039081873	0.41422745	112.8190136	623.3874056	PD
222.7243142	326.6688672	260.9020026	209.181809	0.419190134	409.6914892	1454.256293	T2
244.1724504	299.4769252	265.1869731	208.6387788	0.244597302	412.5754516	1429.548239	T2
79.54124512	78.22105642	64.81861854	41.85373907	0.505536566	163.7956692	731.1530646	T1
237.5462259	447.4647886	142.6765762	1206.930711	0.686616527	1017.545445	3393.4328	T3
2252.659614	82.80410189	35.52842483	21.55056446	0.342817005	131.0200531	611.5961585	PD
448.3650395	152.8764533	128.3022009	296.8658334	1375.456133	227.1589841	1008.197784	D2
234.4763554	321.819885	249.2090867	205.5114744	0.245192695	417.2462805	1403.291727	T2
33.15795846	22.17461295	20.27522469	8.476786512	0.233055273	117.1196023	660.1051582	Normal
238.0322908	454.2959659	139.3571279	1236.411236	0.759154817	985.7718277	3456.962285	T3
414.0155013	73.09971835	60.72844136	105.6126631	434.1847582	148.1311122	833.7128396	D1
83.70167815	69.01882657	57.31177344	36.12563992	0.423219957	160.0013108	671.6507929	Normal
65.72848847	60.25313352	52.97356385	34.45515369	0.495443833	138.7956213	831.910153	T1
476.9300058	201.3039648	173.2492585	342.6943698	1388.945559	277.9222663	1139.924039	D2
31.24223722	20.24598333	16.1738115	5.332821421	0.281975975	107.7084449	617.1659391	Normal
1925.170066	94.09308077	45.6783393	29.91927321	0.500169763	158.2240771	741.3695783	PD
641.5579326	60.0936962	46.57182029	23.41292847	0.427746087	113.390153	711.5754116	PD
326.4964736	56.55042874	37.48971367	23.19140529	0.385693364	124.6722715	718.9510583	PD
54.91367452	60.78504158	46.21940766	30.22111216	0.242410948	137.7840433	821.0001258	Normal
1149.584118	55.81509563	33.50092769	19.88566297	0.466576839	107.0783682	761.4110447	PD
967.8548214	80.88002358	54.29326039	99.89123147	440.011392	148.1387207	746.5943631	D1
41.21056347	36.1515261	32.53662679	19.36881786	0.43153321	110.0871479	741.8991455	Normal
51.10810804	33.40633353	26.2279668	13.22258834	0.26358034	113.0088137	675.7170775	Normal
219.0175318	446.0597191	140.9891707	1221.10409	0.624257224	1037.046816	3388.306298	T3
243.0585055	446.8648786	145.1341362	1156.895368	0.655944725	983.4254952	3476.374118	T3
556.0522966	182.1509317	165.9263702	368.763811	1666.563143	259.5767794	999.5952751	D2
463.2920581	254.6543719	204.4444103	339.5806485	1161.883348	309.7536576	1300.896502	D2
230.2238355	457.7018856	136.6151857	1267.168415	0.74038328	979.5983091	3385.528535	T3
585.3057608	59.34897366	45.46211919	29.37153506	0.441553393	136.5724887	653.6511407	PD
728.6994645	326.9791972	249.6261001	529.7086383	1839.228653	442.6237932	1587.001333	D2
237.5107343	313.7988202	266.5840845	204.6749234	0.469861632	424.1436927	1326.666984	T2
58.65391571	58.91554522	51.13139174	30.88307681	0.207875985	127.7358761	752.8968761	T1
233.0350166	309.3213565	255.7011214	211.1268059	0.203356296	366.9990081	1371.965038	T2
238.686417	322.8624605	264.6160963	210.1617858	0.239684596	403.8617481	1504.372711	T2
240.4045962	469.3167972	139.1024759	1227.625705	0.740719523	992.8537953	3204.138032	T3
81.17553138	72.20571068	65.70399756	46.56938568	0.268059795	143.3289681	749.4396879	T1
57.70231385	43.11866499	40.98681217	23.62834549	0.308277479	104.7385744	676.429259	Normal
73.23840511	71.61411511	63.79543715	43.66048589	0.298907852	154.4437384	772.3556152	T1
995.1015876	57.07601594	44.69490061	186.0743794	1081.735784	144.6599479	781.7289038	D1
247.6350094	308.7982291	249.9311823	211.707606	0.267567448	380.3025554	1500.04081	T2
36.35214748	23.07805216	24.148733	8.307124584	0.342261187	120.5692951	714.7326659	Normal
58.66649415	56.87077837	45.19702123	34.87322507	0.358809457	143.4781212	725.6783515	Normal
56.71124171	44.25245635	41.84157644	23.65759148	0.390739512	117.3248896	751.4590507	T1
258.3843689	305.128769	256.0310655	206.6046172	0.494805484	389.4811898	1381.418629	T2
1069.031915	61.34886124	34.87467873	19.7381916	0.319314056	108.3498212	709.7717376	PD
234.7989681	439.9971637	131.4064013	1195.066845	0.861228969	1007.892127	3380.958979	T3
467.2344495	277.7609284	233.2827873	348.183971	1114.160749	373.8112213	1324.741019	D2
206.5405518	52.65090303	45.97047637	27.66234464	0.470920073	145.0587035	817.058331	PD
238.1799487	40.19570141	29.48342216	17.21976181	0.23602865	111.438991	660.3763723	PD
250.6138464	457.2913312	142.5196234	1219.021624	0.708409634	1004.582591	3388.392607	T3
51.33684911	60.51566275	42.02700623	29.63728835	0.423414944	121.3604825	717.3921191	T1
1956.757436	52.20616188	20.63758971	6.929035855	0.489075656	114.5229358	643.6193747	PD
34.66492019	23.90053002	22.66610223	6.605748295	0.264450104	100.7570151	612.6247066	Normal
1296.273083	63.13785624	31.57582472	22.66892697	0.324876793	139.9279706	753.8084313	PD
240.3748498	310.2957081	246.8676109	209.4854241	0.421394237	426.5888515	1433.047079	T2
723.0823593	82.17790521	63.02478286	133.8827673	632.7948962	132.7557473	735.7734277	D1
238.8978886	317.9569612	265.6166192	209.256403	0.199451344	386.4300057	1435.897014	T2
973.904999	35.62766728	14.84873637	176.7514656	1082.286668	111.233928	698.2953231	D1
249.062978	441.4161939	140.6944274	1188.68615	0.676625427	998.8264383	3323.147183	T3
223.3750595	453.1420028	137.0109852	1183.407096	0.829948446	969.700484	3243.148305	T3
47.99813021	42.13794364	35.49485532	21.4155779	0.261749787	104.9372868	684.2292082	Normal
49.2189241	19.95740334	15.39640589	7.779882415	0.211911807	109.0042283	686.6550438	Normal
1080.400733	55.08977318	40.69381397	18.87590604	0.479771394	123.713221	611.9108324	PD
233.4267855	308.9913875	287.0816174	204.6935673	0.47211759	420.4577978	1455.672515	T2
84.36289332	82.638403	67.8207177	47.94718208	0.277917823	155.6623796	797.1002741	T1
910.7204716	41.81165349	25.19102488	120.0850839	703.9416755	110.318821	706.4692397	D1
2082.390845	56.63917211	25.30126052	8.868482198	0.496021424	117.5154896	654.9668744	PD
221.3756387	467.3357123	138.3831646	1275.97477	0.753012717	978.7807228	3274.080552	T3
697.6450203	70.88038886	55.35753384	123.7039145	569.593568	165.5836904	831.9434489	D1
99.53781401	107.9470577	89.11234466	62.26457191	0.221398764	167.7797226	926.6196697	T1
235.5415706	316.7031513	274.4416495	212.8825586	0.226484153	408.7651021	1500.564051	T2
226.5120581	304.2319598	256.2843064	206.5765282	0.255058686	416.0646816	1461.456641	T2
46.08376481	27.4118574	19.79141129	9.60234667	0.458285647	104.2497875	656.9167966	Normal
53.3012884	49.73619553	42.04177631	29.30638619	0.276435971	148.9350473	717.5603355	T1
34.46223291	29.88722134	25.0647325	6.376162539	0.472536307	110.7127657	584.5354144	Normal
519.9976779	74.00873308	49.68090848	197.4523713	1035.937167	136.8984458	737.0971122	D1
41.86705745	45.14180523	37.93391626	19.85419383	0.275558553	108.5892748	694.8970159	Normal
238.1287872	315.3349065	267.6876001	198.2446273	0.357001427	406.1672881	1408.042535	T2
88.41098267	87.60489876	70.82005206	51.32841276	0.267955457	186.2889136	864.5920808	T1
66.45817791	53.03793336	42.80192047	29.76072967	0.497514385	132.7747432	808.8188651	Normal
497.0299501	74.10700142	65.38592382	226.8982102	1169.398889	145.9211813	796.1057796	D1
232.2009395	321.0941034	261.8550924	207.9941898	0.262077538	391.6269295	1398.07388	T2
46.6767503	31.57323691	23.36269917	14.2879571	0.327314768	107.4792931	706.2032284	Normal
224.5514138	325.5047102	266.9787508	218.0828041	0.505836192	408.7335714	1430.215537	T2
422.3327382	193.5833433	169.4687684	283.7374896	1082.518572	311.9613234	1086.567823	D2
32.587779	20.41468772	20.53630937	8.568972208	0.264311519	96.06816181	566.7826069	Normal
373.5258455	84.18272546	69.90617614	151.227341	716.3943451	176.0681073	855.7346203	D1
1237.011595	64.54601747	33.61695453	17.40301772	0.213812543	115.7472977	757.0043144	PD
228.0987676	311.7561025	270.3854856	207.178623	0.467747962	405.0329632	1427.740206	T2
1717.899308	72.48959841	31.97874833	18.67235939	0.443016795	133.9897097	745.5273149	PD
837.8182763	88.94043422	62.97809286	158.2535732	757.7692176	138.7802876	718.8821591	D1
383.1930975	28.63319822	16.9962596	72.7923338	427.6857674	85.52180916	674.4612068	D1
65.74029405	77.65938988	62.16554115	40.34292152	0.29393361	141.7586363	800.2968465	Normal
237.4911343	472.8064503	140.0310196	1194.906144	0.920039562	1010.742431	3450.548267	T3
493.5463499	232.6742917	185.6285833	338.6782439	1279.813175	344.2743174	1187.009108	D2
450.8028844	148.2587977	113.5525906	315.8161584	1416.07358	207.5936628	1033.312835	D2
245.7706336	309.1297946	264.6822495	209.5710387	0.355295857	423.7317778	1457.05297	T2
429.387252	232.4400562	194.0128641	313.6816694	1025.530243	322.1979746	1275.861657	D2
39.00720103	23.89817065	23.08834402	8.179446707	0.244739367	97.29117707	671.904023	Normal
82.2312846	95.62028138	71.82944302	59.21779331	0.485459379	179.4956997	863.413748	T1
217.167381	313.3838943	273.5406644	207.0157713	0.457856799	420.8686864	1469.14606	T2
35.39769729	23.75102416	23.0683185	9.034315606	0.283993704	111.9827449	585.4542028	Normal
49.73421069	39.32401511	29.05351123	13.56795634	0.240446138	120.6692434	676.1696546	Normal
476.0883656	63.05752292	48.46334321	97.8871705	450.3534224	113.67595	740.185023	D1
482.5863666	175.2916305	127.2545099	310.5632329	1324.847016	235.9824756	1115.415781	D2
242.5579603	321.1976273	256.1949198	205.4755333	0.462710201	395.435488	1500.630162	T2
2224.527192	60.34010057	24.85953857	5.302858421	0.327051249	91.37868671	670.0709045	PD
1215.768293	93.89362184	61.08900634	39.03887406	0.3864483	170.122509	848.9910379	PD
234.5608313	318.5595995	266.2507879	207.1570173	0.260817992	394.0014906	1456.968068	T2
669.3011762	275.8689181	221.1242495	464.6630525	1917.071499	353.5862621	1316.466713	D2
73.0526804	67.24322523	57.30754674	33.93196681	0.436836017	124.549655	756.951182	T1
736.3739404	79.25781571	61.89753812	173.7178463	917.1787753	157.0598703	718.4214237	D1
919.3372955	64.73211441	48.04518964	145.1750816	768.1373898	147.4288865	725.2911992	D1
66.92484234	65.90868467	58.63783082	33.27288727	0.378258814	147.5893855	864.0971306	T1
1337.131977	80.9711275	51.53202392	32.52045907	0.414868159	145.3503076	767.7368468	PD
32.81881065	20.89933935	23.93407755	5.390543205	0.426918566	90.47762778	616.0672111	Normal
50.02452596	45.51355691	43.79504722	23.72684484	0.382723681	121.0280634	705.8764702	Normal
233.1821438	305.5905788	276.7968309	214.6176735	0.457795469	390.7855673	1375.466319	T2
216.4004475	32.20015273	23.03298549	12.07184704	0.446547958	101.9622406	737.0189459	PD
70.3088669	75.62371357	64.45742456	43.42364358	0.476545114	151.9437892	772.9278749	T1
240.989145	329.2364326	261.7306703	207.7078823	0.377550437	401.4670483	1486.010892	T2
594.1659839	138.0973364	112.1214024	357.8312587	1809.504071	231.5614849	957.0294369	D2
84.02882372	91.93141875	78.69241936	53.10889817	0.464484033	156.6256084	876.2057689	T1
263.8757876	70.88263221	55.2023753	32.88170516	0.270892516	160.3272937	767.3212871	PD
412.8418412	59.27116723	43.86694334	27.8756845	0.265240221	118.3130581	774.9300491	PD
888.8170984	63.39560996	43.5167819	22.56128084	0.290157028	130.4472538	751.0620753	PD
1814.994306	68.63515506	39.50918088	20.16441702	0.443480934	118.7864043	709.9045334	PD
223.7196622	329.687503	261.1328314	207.7753361	0.492387857	391.7730018	1418.083504	T2
35.44789852	26.29586117	17.79579205	6.680255273	0.436027378	107.3754016	646.4489935	Normal
47.66121964	50.07626389	36.22525745	21.21174598	0.420369388	142.0696348	715.4138293	Normal
77.90425999	67.38443483	51.81627108	34.97148051	0.276190243	135.822417	751.5220771	T1
474.9722244	215.1389154	181.4119939	333.141467	1274.089148	312.3404875	1033.747866	D2
254.2506674	443.7206948	140.1990939	1222.055248	0.655919831	997.4335284	3422.884699	T3
235.5227215	472.848398	151.236356	1172.206137	0.822256285	991.7387794	3353.059145	T3
236.99856	441.295449	143.7439743	1248.018847	0.728454249	959.5030051	3155.219999	T3
1629.831876	57.12676498	26.93743848	9.860342748	0.455110355	93.29372009	705.7738897	PD
400.6538813	64.76069681	51.49372439	30.88908625	0.488807515	119.8025529	801.3615803	PD
214.4836263	314.3576642	259.5592031	208.5749072	0.422883472	388.3271384	1479.944934	T2
536.9628574	181.0658842	150.0420463	382.6192083	1716.097205	263.0090801	1116.778056	D2
589.8572183	265.5197946	217.9143318	404.0978341	1514.045269	389.1053846	1383.156825	D2
91.50841	96.04343508	81.0049588	55.78956444	0.238541116	182.4851408	877.0444388	T1
420.3620113	217.9474135	190.3740888	293.9368835	958.5094493	291.7482996	1182.02614	D2
246.6945425	444.5042636	146.1873014	1235.895438	0.749388272	997.7020602	3389.369	T3
231.0635781	442.9689387	139.577741	1269.15514	0.663410092	1000.425054	3362.28899	T3
561.4406662	250.5640624	205.4549912	391.6792716	1568.140344	342.629072	1269.064026	D2
77.90142514	77.08017384	53.93496331	43.14638865	0.480552941	136.0242076	773.8981813	Normal
220.8216898	451.7349964	135.7260314	1187.131582	0.69475075	1023.773872	3267.543766	T3
689.9673933	312.6092499	259.3747142	508.8650886	1855.862369	415.2978174	1496.193329	D2
1670.820076	89.95772625	46.1084638	34.25991017	0.370121443	122.3725832	804.1705532	PD
240.0023088	451.5531225	133.3832173	1205.989913	0.870802213	1032.264109	3391.16998	T3
48.7688954	21.90402849	16.35981243	8.2627232	0.278160976	120.4278873	582.3802691	Normal
1225.971224	44.5330596	20.11489709	9.935490467	0.2062646	126.2883377	664.5304411	PD
234.9809468	303.4778892	256.9059693	202.757842	0.406511514	413.3674616	1400.305451	T2
51.95306269	53.01345623	42.91478744	29.25208851	0.246486146	147.4015443	752.8979151	Normal
434.0648311	291.726167	238.9148411	314.4899955	845.2816339	389.6405483	1408.344754	D2
624.0329181	54.54972039	47.93567117	93.87980698	423.7040206	119.650621	768.5384926	D1
548.9444518	55.26881007	40.84337193	176.6924813	979.9177241	141.7566102	702.6843997	D1
2121.480994	62.74316387	23.08715818	13.3525287	0.406767307	124.1604543	675.3152654	PD
519.7064992	328.8320247	258.4634798	441.3431015	1199.256935	445.0184493	1604.442317	D2
239.0039049	446.7430274	138.4814296	1171.779489	0.829659714	967.522026	3286.096868	T3
226.468955	311.7059012	264.8035211	213.6741269	0.420374996	404.823757	1447.577849	T2
246.0438343	321.6276345	268.8184061	208.5853494	0.47248934	402.0300091	1523.861114	T2
355.2254682	44.87856734	38.25137056	115.6036725	616.3915015	104.56142	670.87219	D1
1142.905562	60.11837336	32.63862393	185.2227091	1101.919251	126.4477803	709.132519	D1
474.6353958	231.2716688	198.4239999	336.2100784	1276.727839	293.4812938	1213.963325	D2
582.9427415	293.5092591	235.5378334	436.2121579	1577.38305	359.2230626	1344.855829	D2
250.551298	465.720579	144.7210825	1263.237633	0.714584746	944.6940302	3324.282167	T3
79.42186569	84.41795462	59.72496724	43.84582952	0.332380708	156.4107394	818.3756678	T1
1804.799476	92.73757306	45.51324831	29.80768009	0.228082065	131.5932746	725.7701052	PD
86.22232961	83.12904103	67.40301657	51.92939402	0.403669865	157.9960683	849.150059	T1
224.1297697	446.3657225	142.6269275	1172.39391	0.689971192	1010.144425	3397.105972	T3
90.04204169	83.55695389	67.42801423	47.2418133	0.213890385	178.8808731	868.6383214	T1
245.2509853	441.309923	135.6026442	1228.200339	0.787471538	1024.172732	3394.101291	T3
78.06397803	87.46215537	74.20320725	52.14006206	0.207331231	165.519002	818.2930314	T1
231.1629599	312.0199037	260.0734407	209.1280543	0.274360239	383.9696484	1377.870122	T2
70.64388953	80.25899428	59.51031003	46.55765278	0.450578677	168.3193864	904.8938457	T1
817.4562136	50.55211599	37.36380252	100.224494	515.4558674	100.8082165	712.7387355	D1
71.92093515	84.25170078	64.82787883	45.03508789	0.348871753	160.9306693	893.8637402	T1
221.0355791	323.3923287	250.4148043	204.6146201	0.504225144	397.6608797	1553.885881	T2
499.2633637	305.5902372	264.8525125	383.8278697	1040.613112	366.387194	1373.947382	D2
235.8525338	315.5424114	251.1796344	203.0835415	0.460807441	391.4086334	1409.095582	T2
47.7143478	23.54089966	16.50498928	5.990323784	0.338171513	109.1875995	711.427185	Normal
92.81219024	99.00703933	74.96312904	59.24584771	0.304639921	191.1669917	777.5597362	T1
94.08086208	91.1714047	70.38352736	51.55317534	0.319859168	148.0175076	780.0715677	T1
243.5656669	454.32674	140.2652307	1249.650117	0.68669049	972.3329641	3415.027828	T3
237.5892259	450.710524	137.8228706	1207.605272	0.868343022	999.0937968	3278.672644	T3
233.8839011	299.2066532	255.2349665	211.1389475	0.425799391	384.2067522	1388.527802	T2
239.911273	302.4978893	261.4562559	199.1734706	0.381024985	387.836986	1431.710948	T2
39.65462341	25.03167629	25.30691314	11.54194842	0.444639876	118.1103466	738.3700252	Normal
248.3005607	443.3101009	140.285353	1188.916376	0.86080422	1024.357615	3493.537031	T3
45.27718151	40.81767402	36.47645597	22.44475091	0.332524173	119.9226019	785.4642792	Normal
2185.836183	89.92081792	47.61596254	29.10033328	0.29647693	119.3921007	694.7112664	PD
234.7345482	444.0022502	142.7033172	1213.753809	0.86940196	998.8819041	3458.379296	T3
1007.110643	45.44121495	34.98052249	188.5677494	1176.352826	124.6421873	699.7578555	D1
70.56426972	64.55052446	51.16656935	34.27337682	0.443527979	141.4940642	706.2799133	Normal
1203.468264	46.44188532	18.09419811	8.878595695	0.466914279	85.59960616	661.1313916	PD
234.3294262	325.0830019	265.3299884	204.7385115	0.275923977	403.3482934	1478.707404	T2
769.5889844	47.82845036	33.67071206	96.33035987	477.5655029	136.3061706	711.8386027	D1
652.7176149	241.1308261	210.2805941	455.7779154	1906.028376	331.3780187	1256.671088	D2
1869.420425	61.36452113	22.88275268	13.81566405	0.34381324	98.80303687	639.9674633	PD
58.54192747	54.74496858	45.13726764	29.81823988	0.234344339	128.8811766	731.2520124	T1
62.63374751	47.85597163	37.82734048	26.82304741	0.420460343	149.5600589	708.3223464	Normal
56.6171926	41.95963617	33.88789429	18.22788904	0.224264403	122.8382548	721.2678758	Normal
72.32178364	66.37262669	56.25439561	34.86484874	0.416686593	132.6010412	661.6376816	T1
242.241295	311.4298373	261.2893177	202.3220062	0.416771224	384.9243568	1501.946123	T2
232.8200193	304.301277	262.3942224	208.4397053	0.415024031	409.6140894	1503.053416	T2
80.89426259	86.41068915	68.96490135	44.92304131	0.29687315	151.6628166	816.9228587	T1
564.7149933	227.5916	202.33568	389.1570869	1662.197919	320.5537658	1176.749095	D2
37.28808582	23.22694034	19.94809704	6.404948042	0.393677049	96.806816	709.1709746	Normal
62.91086636	68.40258415	54.12337193	35.2736851	0.396140841	132.5715013	758.1397191	T1
35.50646839	20.48141899	17.38626212	6.717034827	0.485942374	105.4737326	708.9470414	Normal
911.83438	34.19950892	20.36124932	151.3086398	932.5988205	105.6542116	658.5990815	D1
231.582712	452.6931902	141.0601335	1231.60435	0.856548213	1046.300694	3234.925082	T3
224.4539561	321.6881142	272.8489611	208.3613321	0.239147725	416.379003	1384.91195	T2
428.027261	255.8900283	214.5732069	295.6428692	931.5133096	334.948249	1302.983193	D2
619.9459359	41.97531533	32.37519893	182.2664676	1107.100442	122.1473315	640.425419	D1
53.38469068	41.23791779	38.7206582	22.27798264	0.24226996	112.618668	672.3997743	Normal
79.31187462	82.01045824	61.75831628	43.08582688	0.278369299	145.5464639	742.7593435	T1
67.20960651	58.51377953	43.71723933	26.20130137	0.483954806	143.2614371	698.4341011	T1
242.0686993	327.2518479	258.9672911	201.6160876	0.324402782	406.539338	1475.730278	T2
238.4091676	303.4060793	254.0637064	202.0193592	0.373943246	395.9536891	1368.315698	T2
240.7942203	320.7606485	246.4010075	203.1552026	0.369721575	363.7223837	1472.797572	T2
494.8721905	224.2305748	196.3686686	356.6916619	1301.832328	328.1931789	1189.564717	D2
89.69295489	86.26570847	75.04217985	48.37445742	0.317702578	160.0450115	878.6323015	T1
254.6965312	54.6412008	38.56434982	23.48153764	0.345741016	132.8620461	720.5671105	PD
784.4499953	53.88911859	37.69106228	22.63655503	0.442958079	131.8600812	744.4155129	PD
452.8683445	243.9499474	205.23613	321.9566866	1041.893653	336.9901563	1265.348952	D2
223.5487942	467.0067843	132.1877115	1179.63937	0.620755272	981.0832096	3455.577394	T3
61.58833576	60.5549934	50.07247796	37.41618611	0.386398569	127.7537562	811.6929647	Normal
78.56072977	87.05632656	69.50750632	51.32761702	0.475377462	162.0561986	809.6055423	T1
241.4989867	331.2676867	249.3540957	208.3746677	0.340393065	407.5870154	1443.56459	T2
507.3831655	55.147811	44.84144989	107.0448238	567.6544628	149.5201777	742.9955166	D1
72.3270675	71.02720641	55.25193569	40.42217174	0.451095484	159.5003503	758.8172631	T1
243.4254824	298.8914145	265.5034397	211.0336629	0.252605117	378.1826474	1334.845496	T2
54.47302941	51.98185327	44.83189036	32.04404042	0.245901478	126.704977	690.5624586	Normal
498.4347649	226.8219041	199.3354143	345.3829985	1227.648554	311.6166352	1264.964565	D2
2290.793124	60.52981613	19.40159636	9.67593981	0.353910414	98.59953125	671.7462328	PD
242.5901967	306.202965	264.7652127	201.8929122	0.306123459	357.2659088	1342.713807	T2
56.75944614	47.60949471	40.08927454	25.7717476	0.372222994	119.5990987	732.4802097	Normal
511.3871199	254.4260491	214.9463113	349.0045266	1206.158174	338.4261855	1402.254016	D2
85.12614404	91.71276469	84.34789904	52.46150228	0.485665378	154.9405559	902.1842559	T1
915.2385285	34.37080042	22.51454426	96.86342091	609.0358401	98.02242638	624.5397566	D1
712.1032654	37.27692064	22.5595267	7.859768124	0.217722319	101.5495895	686.3410145	PD
236.7602178	466.8689287	146.4737503	1186.621892	0.677426322	983.3376981	3440.916116	T3
238.9653057	446.2927935	140.9257545	1177.545577	0.756383118	975.9929717	3257.654027	T3
701.906888	277.7608313	228.8802014	460.7059542	1917.800926	353.8848034	1294.246683	D2
550.6195471	311.3637726	256.4833312	450.2913806	1334.165248	384.2135966	1445.454389	D2
79.36001069	82.54776392	68.14205829	48.61675584	0.393841344	148.7094604	749.5688224	T1
633.5848808	35.02748177	19.64470242	6.931142713	0.33312245	109.9589579	664.7160419	PD
99.81269096	94.13758731	77.80469809	55.08144735	0.346477839	145.4369354	786.0790534	T1
249.5340582	298.3964765	258.8123158	202.6283538	0.286066046	403.3633786	1393.848058	T2
40.25557751	26.50691819	27.84773157	9.188528886	0.199745732	118.2904825	768.2049598	Normal
464.6738685	254.5543035	211.5943811	322.8416306	1052.058332	328.1574882	1223.665307	D2
555.0232547	174.749254	144.1179654	376.6669979	1707.451406	266.6815224	1089.786224	D2
962.5212722	115.3601434	76.32425929	127.5264826	482.6954435	162.8914817	893.7998214	D1
454.9822718	257.5539016	210.9589089	344.9179251	1140.636	337.8342473	1385.984551	D2
565.7381967	237.5957435	202.3176373	422.4866834	1585.455144	344.3218482	1275.356996	D2
2278.001783	101.6681619	51.11785765	31.45768666	0.325532151	155.2975155	806.5158377	PD
230.3303665	306.130098	253.573003	209.4805415	0.351442573	414.2556487	1371.802872	T2
407.7342314	232.4082314	195.0068718	288.952842	1000.601381	332.0896627	1249.330748	D2
521.8520205	270.8001011	237.9774194	359.1812376	1248.08506	376.0740159	1328.990433	D2
755.9904618	72.0498438	48.2139856	30.21339015	0.269982722	124.4970058	708.2040975	PD
251.2998254	469.0075203	140.6024825	1220.311371	0.845719644	1050.237225	3407.21462	T3
221.5133758	469.4337802	148.894902	1168.147976	0.764405241	988.3934275	3396.354449	T3
38.90779666	22.31903102	21.93993749	8.222526394	0.420336162	111.5311239	708.5068341	Normal
237.4057732	317.921983	257.0463749	213.2529287	0.334292886	400.7482705	1511.403182	T2
355.5427622	67.82232698	51.44323622	31.22918268	0.30541727	112.6952769	703.3217906	PD
32.78341	24.11098719	19.46199317	5.903209492	0.384767907	114.1560445	656.5252577	Normal
424.3735577	249.5431379	205.2417104	301.419841	908.9587773	327.1052873	1325.440329	D2
440.1869143	58.26948177	47.76520105	25.79063625	0.387895406	149.4632538	728.943711	PD
993.9846905	103.1951172	75.00995761	166.023696	760.4390944	159.0108129	790.573277	D1
246.1050587	449.5297713	130.3344876	1257.56064	0.67606234	1025.619312	3356.375654	T3
79.98262567	86.24808866	80.8312017	48.39469074	0.400697453	151.789261	798.5739587	T1
240.07634	318.6485746	259.6748431	205.1747235	0.317066792	399.031006	1480.668746	T2
1896.780471	88.43765537	41.22948919	29.81810773	0.485525629	147.4929886	735.8204679	PD
467.6158763	211.2979127	159.9094044	312.8702483	1238.839116	279.5723748	1144.863592	D2
2165.11321	58.95654044	23.31311374	8.146245379	0.420471242	97.23660482	566.3398549	PD
231.1159726	474.304425	142.9559873	1231.154235	0.742807355	1022.281479	3482.660608	T3
525.8884379	85.05865317	67.54182421	122.1323604	460.9107317	166.3685806	808.5710009	D1
228.6678223	330.9562499	256.458616	207.2009239	0.376343854	392.1771811	1363.777063	T2
54.86190197	63.29027018	54.87608546	35.76091689	0.431245485	117.0423192	753.1802454	T1
472.8839748	264.8276287	234.6375444	319.8037152	1040.776676	366.3641493	1324.449846	D2
64.65283761	57.31073032	43.40868254	29.81878959	0.348501311	120.0263802	683.272255	T1
241.7916986	454.2753055	142.7743565	1263.151799	0.748003945	961.5791422	3379.794618	T3
255.9422468	473.1333073	138.7444211	1282.437903	0.677608114	993.2288846	3292.246869	T3
67.88958676	53.36800906	43.32944693	29.94407657	0.499849317	137.4870328	741.7568839	T1
246.5926881	316.6462006	272.6422163	203.9184244	0.49316887	392.3018622	1474.012007	T2
249.6877008	318.6535682	258.9538249	208.7902109	0.483950956	415.5921124	1460.157408	T2
76.27305495	63.113508	56.43031841	35.34517692	0.403853074	134.3520414	742.3945732	Normal
1429.580862	55.14301724	29.29459466	16.83035938	0.442070213	108.0502926	651.6324945	PD
92.82525364	90.35977672	80.11446451	53.3493202	0.447396799	165.5343472	801.3069769	T1
511.9295191	28.4480732	22.87817154	10.29452178	0.371352836	114.2016308	594.9287047	PD
43.35472822	36.78437471	33.08010987	17.12664847	0.295879783	100.5189891	649.0567935	Normal
56.83673991	59.81032605	49.44481056	34.71712147	0.32716973	155.5228683	735.6386365	Normal
245.2067318	457.0144311	138.918182	1240.189863	0.83084607	1009.122048	3456.767394	T3
748.8248092	61.26022888	35.17755874	27.5290515	0.391411825	121.109389	658.7616289	PD
630.2823708	35.4432129	29.60507012	125.0910645	739.9098709	119.3999013	726.2216314	D1
450.9400129	224.5625283	191.7926187	321.2844283	1161.927568	310.9816602	1238.279299	D2
50.22011451	28.75727721	31.88722081	13.28819431	0.286648529	114.8767352	741.0645591	Normal
669.3623942	288.7397112	240.2110128	453.5010717	1777.105578	386.6730088	1430.472762	D2
221.6190934	461.4318491	140.3596408	1142.021564	0.795066433	982.7674959	3483.854497	T3
248.9446936	310.2561894	256.7219188	200.4986154	0.291845525	411.6542033	1506.042707	T2
234.7915328	431.8191527	137.1171798	1173.431027	0.845038083	1010.160139	3421.861613	T3
392.2548917	225.4438188	182.3113154	268.3011441	833.1337477	304.9620484	1160.575148	D2
241.4278067	464.6756125	144.0812851	1255.182746	0.734339836	1034.333759	3480.657296	T3
82.39240054	81.39178796	65.28834745	48.22238255	0.252428336	175.3009378	777.7181095	T1
233.8053301	308.470888	266.2735586	204.9839382	0.291447498	389.5382969	1414.982111	T2
52.99324795	48.53440531	38.2159829	24.51049364	0.241388142	108.6921516	688.1765861	Normal
250.6580436	470.9871315	143.7531925	1196.693669	0.86234478	987.5905665	3245.540567	T3
1339.968606	43.22985968	21.65960004	8.745239574	0.21132491	94.37584365	712.0944305	PD
734.2768497	38.24481722	27.05680561	9.367390236	0.286412706	89.87425907	668.5384343	PD
508.3850653	199.0904464	170.3325273	349.1680395	1505.482525	262.5639366	1076.321697	D2
59.28805318	43.53197694	36.90338617	21.64589276	0.444758051	116.3515087	631.3347065	Normal
47.04668785	27.97687898	27.03653932	12.51136636	0.379295024	94.31274399	674.7146669	Normal
518.4503782	243.6775245	196.4302653	368.4937283	1360.715112	309.6423327	1224.809319	D2
51.57340735	52.17738757	40.83606995	26.08368162	0.228188978	123.1965379	731.4906811	Normal
987.3295625	39.47896873	19.64737142	7.908523399	0.257406696	99.74304057	601.3144308	PD
243.578163	316.4711382	261.8093961	197.3601887	0.373696145	413.8114619	1436.028036	T2
66.74102343	50.14552554	40.63057384	24.2936147	0.299980121	106.988571	730.9501968	Normal
545.7825961	244.534679	219.1393489	372.5496737	1482.957644	323.1643585	1245.031265	D2
1073.549498	73.72818518	41.59444408	24.99058612	0.48280667	148.2387629	694.6121818	PD
229.1748661	472.585326	134.7734451	1232.011832	0.766557388	1009.241198	3365.631095	T3
66.44339696	58.4972094	50.19153426	32.82328252	0.364009139	137.0304436	724.2491882	Normal
38.97943937	19.43555495	15.90914971	9.614376015	0.365425214	82.81944573	655.2216596	Normal
913.0993683	64.48259294	51.23808618	176.2466929	955.4571493	150.7014237	741.3727556	D1
235.0641074	295.0460605	256.4179433	209.2059292	0.260862606	391.8820359	1489.608351	T2
490.8841191	54.77958614	45.30326371	22.27650327	0.231370847	129.3141424	697.9257046	PD
239.5973126	459.1469489	140.6392845	1184.61112	0.833223692	1055.463652	3502.884638	T3
1476.551396	43.84278631	19.87047687	6.802238031	0.429072648	111.872406	642.1128096	PD
1781.761358	58.4647505	31.01716559	12.11833144	0.270920525	97.26533229	696.324672	PD
51.62786936	51.28989367	43.12912882	26.30530573	0.25257424	131.1224224	699.4311616	Normal
243.5903849	312.3707052	265.5626304	201.8766778	0.429947246	395.1057604	1371.762783	T2
54.69370617	41.30265407	33.76517138	20.5439454	0.346373574	103.7308998	652.1950245	Normal
230.6915743	301.8878312	264.6347231	213.2318404	0.273901975	384.076325	1448.138244	T2
528.6353114	173.9337022	148.1404899	330.844773	1549.50139	239.1401328	1086.546719	D2
1036.816949	80.88376381	61.11349412	218.5524102	1175.11207	160.911044	848.5875574	D1
85.99459481	87.13263627	72.48614089	52.11687649	0.337388555	149.5130544	788.5753181	T1
235.2787789	312.1041365	267.4136715	207.3792303	0.401712861	407.9298615	1402.885387	T2
239.850936	319.4087623	249.6229971	212.5574175	0.44742681	384.6115087	1501.459668	T2
1532.075885	65.31838246	28.06965887	19.75721392	0.376706073	132.0067821	745.2619393	PD
1476.800651	75.14285465	46.65558863	30.26750958	0.431776717	146.6589124	701.9910969	PD
71.8483365	83.77347774	68.79178411	45.85532063	0.209587824	149.4145954	795.1832418	T1
1069.128061	41.55098382	17.29260129	9.858006994	0.385891519	98.20637276	665.903306	PD
35.77129806	24.12464535	19.47174178	9.167642225	0.316096069	108.5827729	637.9728197	Normal
673.4624938	263.7229302	230.9006192	469.4732019	1925.955314	344.8215765	1271.881002	D2
2194.420085	77.54693691	34.68824309	18.14750516	0.262947902	130.4149265	619.9674648	PD
59.96847306	61.89581884	48.69816262	30.26149291	0.265733364	132.41957	706.5220745	T1
401.336996	230.4605951	195.3972419	283.472615	847.9765987	345.1272994	1185.732638	D2
616.9823999	60.78275327	46.78838422	177.767635	1030.96634	134.7739762	819.4001589	D1
674.8759959	38.00038227	23.50032284	9.247603889	0.402052244	104.363843	649.2681262	PD
926.3420145	37.74978955	16.70859968	9.661008997	0.372439257	101.3978503	619.1689342	PD
64.15745211	52.27067855	34.86687039	24.63782744	0.278913402	118.8164658	704.635452	Normal
856.4275147	79.10182084	60.51566456	178.0007578	964.5067105	138.711001	841.0474324	D1
76.76562005	80.54370538	60.80043783	45.76851218	0.377543034	135.7568724	773.2626622	T1
231.501691	443.5155528	148.1830255	1243.246276	0.762760487	987.1266805	3385.450988	T3
489.4232569	83.30154199	70.66660167	183.8580546	918.9098221	179.2777015	803.1152476	D1
652.54467	280.5571914	222.0586187	492.7847912	1997.382772	370.8950963	1251.584959	D2
231.181851	451.8868553	141.0122984	1228.944006	0.921844495	1031.121565	3189.723832	T3
240.0945928	450.4354741	131.8953918	1183.73666	0.653198481	1081.272032	3464.951389	T3
65.39110574	56.64733445	45.83934216	30.98336503	0.504566025	125.4109176	697.4744249	T1
76.72251209	68.22153867	61.07579037	39.2261644	0.357758008	150.6761676	807.0063117	T1
1022.344238	90.86286366	65.85342794	188.5635212	996.1447471	163.9128295	727.9287484	D1
435.4016859	225.2325738	194.3162807	302.5519075	1012.30115	314.802921	1172.568718	D2
49.81266534	45.69308448	40.18010622	23.79707209	0.250329104	108.0287229	664.066364	T1
68.06651041	74.10183751	60.35587049	40.6625494	0.396175078	151.1696281	720.0126628	T1
234.6000954	437.2854724	146.9423565	1241.381179	0.807611219	984.555842	3369.626309	T3
245.4990034	471.0083934	141.2915109	1200.293049	0.872839042	1005.736093	3436.219939	T3
47.76749584	44.8175299	30.19940037	17.46943398	0.309227748	129.5236342	752.1883683	Normal
238.1571104	454.034166	140.5866633	1195.925596	0.591695928	970.9900967	3354.457631	T3
687.1309304	229.2309715	202.4560144	461.7782235	1970.126024	324.4817046	1141.303973	D2
666.7709553	265.7434017	220.2712013	477.8682601	1828.65438	359.8024229	1345.738444	D2
100.0292831	101.1046633	79.85237193	60.08129297	0.464797302	187.8020174	919.2684437	T1
222.0174966	450.5531665	141.2996721	1197.378122	0.719104244	994.9131452	3342.834811	T3
230.0114629	461.6221968	144.0821106	1219.4715	0.834270567	1030.174489	3431.098992	T3
542.3527671	281.0889614	236.0029277	370.6457273	1298.616294	377.5226439	1404.308391	D2
55.64919551	53.70790456	39.74912524	25.9339792	0.470416793	122.9892916	768.9555888	T1
231.295163	484.0288309	147.4452818	1195.250535	0.640794683	955.5200363	3462.110932	T3
2271.666393	79.26321627	29.60685028	18.31756934	0.359285604	101.9668385	673.3934674	PD
779.246603	56.31244332	41.37485857	121.8233344	639.9255445	141.048404	745.534069	D1
73.10689019	74.18786263	58.77261226	38.67514146	0.374189324	152.0803733	801.672603	T1
521.9593126	283.330243	243.7047232	398.5463549	1318.1994	364.0858386	1416.230307	D2
413.4721327	189.6836286	150.6334028	273.7049132	1016.964762	296.0557707	1027.863943	D2
219.3700144	457.7043754	138.8575078	1236.573607	0.91134842	1001.758511	3249.563084	T3
463.5646861	58.19035045	35.2354647	137.3112756	791.5390651	127.8497649	693.3269292	D1
420.3646834	61.57662353	45.49071829	28.92644625	0.259566486	145.2401815	736.9930392	PD
62.53328176	52.47191198	43.91279592	31.42411404	0.482393212	131.7520851	817.9282051	Normal
547.3065709	252.6705863	202.5666803	363.3063474	1399.053531	341.6707637	1254.505455	D2
928.8372371	61.08883947	46.96339985	178.6808266	1051.418015	116.3997458	732.7244236	D1
1909.674908	81.32189668	45.89535961	28.42037	0.226035273	140.5459479	655.7143516	PD
2002.455673	83.48603213	47.69960776	26.37734543	0.417370055	138.6068136	709.6135458	PD
245.1528356	324.4102717	262.1051753	198.5824103	0.370237667	384.8141891	1353.993558	T2
240.29143	299.4245605	256.0405104	209.649845	0.289201204	393.8647633	1386.115784	T2
608.8032402	250.4002426	212.0350905	401.1372017	1567.620085	314.9696857	1243.51087	D2
239.2134698	300.9020692	259.2053163	210.8246058	0.275593858	393.6977183	1548.232225	T2
43.27672584	45.94906681	35.10231543	23.49123316	0.375439354	112.3701862	669.5448005	Normal
560.9188512	224.8361702	186.7219583	364.8093941	1720.90141	297.2202632	1153.279098	D2
58.56400345	63.63170324	51.00074402	37.54348164	0.281268656	122.899234	722.1714502	Normal
242.721104	467.3754024	140.5511707	1239.807484	0.815819762	995.3149828	3392.733957	T3
794.3290091	39.18981445	22.48276399	8.376038863	0.257056784	98.29253347	618.3325193	PD
1695.805073	72.8100929	39.54143121	21.03908105	0.466725069	119.4691455	776.1243716	PD
891.794996	109.324817	79.96348214	214.0823681	1019.379556	190.5048271	881.9768211	D1
236.1438528	297.3389119	266.2382692	205.2173597	0.328237876	375.6324613	1343.51613	T2
71.1040926	63.8493606	55.58675759	34.92693908	0.486394832	143.5969194	666.9770463	T1
86.45545671	93.40022764	70.39645037	52.93370806	0.436202899	167.9726752	883.093906	T1
244.843171	459.0595906	132.1209305	1219.73444	0.873813693	1000.528095	3153.313881	T3
247.6406307	318.2536415	255.5120471	199.0652819	0.271647655	414.9937251	1324.30066	T2
67.31779912	75.12755506	65.82638201	44.88608989	0.287621952	147.9392435	819.1430617	T1
50.34984324	30.61886454	24.89890833	7.58188728	0.283400539	83.69668788	659.031717	Normal
1434.121587	56.15501016	21.45994126	9.510112476	0.303953112	119.9123139	612.3830694	PD
2402.800061	64.84037071	20.60980142	5.846095661	0.386131956	87.7627064	648.2115232	PD
234.7073801	318.317406	253.5105297	206.1300359	0.215703822	378.255855	1549.603529	T2
67.75939364	73.56295696	57.77100386	40.04611509	0.242062726	131.1829963	722.4109784	Normal
856.0109181	64.90716565	53.45455259	206.3886698	1116.444722	166.6805467	721.776196	D1
238.0585298	309.7231216	258.9499525	203.5733274	0.454008376	400.3567091	1351.182775	T2
80.88780821	84.14232974	61.49568714	43.82902707	0.23671543	142.7718664	799.608523	T1
57.33127466	29.56678387	34.26945864	13.48907053	0.490996228	89.70607834	737.0896036	Normal
1222.219028	45.30819481	22.62291502	7.792966347	0.420317624	84.04170075	680.7439582	PD
79.87667345	88.02512955	67.28405784	48.59161077	0.307975886	164.5454683	745.6037821	T1
64.87624768	79.6730977	57.26472079	41.02779068	0.370074833	148.6486511	801.2468115	T1
775.6771715	53.31224988	35.75660497	132.5000352	806.4397408	129.9324019	707.492405	D1
423.5108475	233.4776801	178.9356492	283.1378087	1063.481408	286.6655071	1105.010852	D2
624.5415297	102.5624416	77.24598001	115.3466887	458.610055	168.5815698	876.9716679	D1
39.94213067	28.14684998	20.86191351	9.349082282	0.450735451	82.45408362	604.3006071	Normal
459.2567927	229.3808517	183.2639352	319.6788237	1169.022214	318.5820029	1244.983171	D2
68.04656837	58.2416854	49.88719929	34.76662842	0.453842107	155.2677296	728.6962764	Normal
53.04413356	51.228486	40.57944414	28.66181527	0.297549176	142.9717807	725.5384967	T1
837.6299422	45.50240481	37.43461292	16.23817581	0.362860563	102.0076029	632.3586374	PD
531.2421272	73.28556406	60.00515684	172.7462736	884.9583559	136.2917459	752.5280875	D1
1971.832438	71.0701293	25.23500131	12.66960142	0.412991655	127.1247517	763.5033955	PD
85.01785366	88.33140701	74.43545598	51.86903327	0.383277618	167.7191963	821.7828116	T1
639.1680928	45.59786579	33.09415445	20.62324692	0.384592634	130.3070373	627.260564	PD
46.96573396	48.29242748	44.51421093	22.21451508	0.36384931	146.6273845	659.217797	Normal
232.9082867	311.8420335	263.9106188	213.2462236	0.205087589	382.9514775	1398.998625	T2
46.32106028	28.88188485	22.46243742	7.429954826	0.481111943	118.7266028	653.8823544	Normal
241.071557	313.9222999	255.3531775	209.1503566	0.224073529	377.3343924	1442.770497	T2
626.6398357	186.5522263	156.6304013	386.8789927	1858.786224	248.7141676	1173.631479	D2
41.16061541	24.89765821	22.74138299	9.997825125	0.368595382	115.4074007	706.8492615	Normal
232.7914361	315.7232785	257.8425939	199.8445327	0.240673937	403.2199852	1520.908632	T2
77.8012044	62.84863017	54.27017996	36.94946762	0.214964346	143.3074754	798.1689275	T1
937.4478804	111.339153	79.82847155	179.093904	759.8096484	176.7744762	886.1624215	D1
237.4884213	323.4899981	269.3580814	213.3445386	0.260513501	385.8533854	1483.715902	T2
457.9838897	223.9914037	185.8948812	332.2375628	1177.4192	308.6102034	1111.318778	D2
43.96911588	25.91570677	17.21031027	5.172717926	0.277943114	104.9034166	585.5451126	Normal
858.4757747	74.25943367	50.15617873	130.4477126	675.4676578	132.6913063	776.6798342	D1
1928.733361	87.28519576	39.7690306	25.07855783	0.338732997	154.7925781	720.7695103	PD
45.53150993	39.97365446	37.37867881	22.95839911	0.248803565	110.2801392	674.7864882	Normal
1399.368693	43.89289209	22.14487204	10.32733101	0.295609492	106.1832442	646.5196417	PD
859.7314615	86.37179125	60.5246833	112.696511	454.8502048	160.1398907	696.582271	D1
420.5107192	214.1860701	176.2599669	283.0894333	974.1975315	329.0840669	1179.886576	D2
235.4175981	441.9332551	134.0486699	1196.28476	0.723033393	987.6727037	3364.03966	T3
75.3686853	87.44059881	72.97382857	49.60012545	0.448298405	166.018675	756.0664486	T1
477.8384641	76.84868833	58.29023114	143.0872591	656.0882663	156.1782949	716.541877	D1
82.63573796	92.55932092	75.11418702	50.24686642	0.402236132	185.435477	815.3165999	T1
53.2791545	45.93625103	43.42109538	23.28085913	0.26648432	129.375201	734.1846839	T1
291.773293	70.30085475	53.40637158	114.2681614	480.5646468	164.0678972	798.9853916	D1
243.8653362	452.6508478	149.0147841	1216.96371	0.872275744	980.4386702	3472.267054	T3
41.91020496	20.6673615	17.01816111	6.830896847	0.414272898	117.2579444	643.2022475	Normal
71.79102462	77.53760434	67.55426285	46.50350087	0.273138591	158.7645831	785.0483868	T1
236.9083014	466.125242	146.4318954	1195.73134	0.817981521	1027.562323	3403.543241	T3
536.3637007	191.5039751	148.7891808	360.6782368	1536.003128	240.2506034	1131.786079	D2
68.51548474	57.40079702	51.13159041	33.37275522	0.407162127	146.5290682	691.0209516	T1
48.9562479	22.0539888	19.0739207	8.504186442	0.336617775	122.3296029	681.1724721	Normal
43.16390339	43.63252883	36.53623418	19.08096498	0.270592154	131.3509092	721.9253419	Normal
37.13302126	26.97828444	17.86906135	8.108048749	0.271889299	98.49105592	704.8899242	Normal
1111.094484	92.00687826	70.81045638	225.6583172	1166.096661	146.5650789	801.599638	D1
334.4241008	54.8233695	39.42640865	136.96967	808.4444063	123.8824411	739.362956	D1
596.1655273	45.3575863	36.78158549	127.8674204	673.7912631	135.228357	773.3600941	D1
239.5859363	314.206733	260.7943103	209.6258883	0.481256593	375.1616854	1470.582546	T2
474.3836938	201.8247261	162.3076301	322.423487	1305.278289	302.1235483	1121.339487	D2
59.68440057	54.80778555	48.64831997	27.52029531	0.443567695	126.0817835	666.2268577	Normal
422.4141809	31.55116412	19.19770065	154.9210533	954.2872403	105.4509885	656.5517088	D1
73.286954	75.18957912	65.4532713	48.05059048	0.293983606	167.3292717	778.5801269	T1
80.20544707	69.55232811	62.32977045	40.42412822	0.420103951	131.7596924	710.925191	T1
522.3538986	257.0699994	204.0914261	349.9773298	1231.072614	329.2845835	1336.937379	D2
229.1442591	309.0594323	250.4693238	200.9753916	0.27743738	406.4552298	1403.222075	T2
718.3901648	50.4762756	33.00059084	124.8314928	705.6524847	109.2851735	688.6826419	D1
85.14848687	85.52927368	64.00589184	47.12000853	0.276771402	178.4655057	853.9811491	T1
59.38073459	67.92304543	56.9073892	34.30050955	0.447244391	138.666696	741.2086474	T1
226.5180812	312.516578	247.5929841	213.6338288	0.291731374	401.1783897	1468.447351	T2
881.9053366	50.16093293	33.20938327	151.0583891	892.9238011	115.6493617	632.3969555	D1
81.64612412	98.03200747	75.50852418	55.2210135	0.402436483	186.9482192	833.2728971	T1
232.7262233	464.4382663	142.5655328	1213.442788	0.774292755	1024.788871	3382.379236	T3
225.7460371	449.7184077	135.1779497	1226.493869	0.778733491	993.9702436	3527.982181	T3
230.8787346	323.3521958	268.7691977	209.8945148	0.302772658	388.37742	1392.649358	T2
431.2370599	36.48005136	27.04636356	13.88794022	0.363704916	107.586612	663.3708936	PD
242.1370831	438.4775524	148.5369064	1242.312648	0.651347425	1026.999019	3414.423588	T3
242.1707416	313.0158206	268.1075333	217.4780741	0.237962682	387.5335291	1468.357952	T2
243.518804	329.1343687	265.5142905	198.7354497	0.469548154	383.6200187	1423.604139	T2
227.3189644	315.9284741	263.8472808	209.8906532	0.35842361	375.7862439	1409.515085	T2
235.2495167	320.789946	261.7567687	212.8875867	0.252987061	392.3518087	1407.377011	T2
36.67999587	37.13037011	27.21109376	15.72289015	0.45154824	102.1735327	631.3753708	Normal
511.0477013	261.195368	221.6432208	369.5542346	1323.213727	346.2471782	1296.297057	D2
1335.502633	73.78434302	42.11476097	27.97102579	0.387411364	135.2858077	769.8308104	PD
73.42169074	88.80954932	73.55691431	51.50213289	0.370687337	171.3583519	760.7811268	T1
497.8771955	41.50307729	31.14183432	89.68068922	507.5749821	112.0848709	682.8769978	D1
31.85606343	21.91270853	23.80979491	7.834341356	0.235848129	89.39674328	603.9513946	Normal
77.04136412	78.00702367	62.58707393	43.42994519	0.278119201	141.8980156	804.9251371	T1
78.16309688	62.15412915	57.98935945	37.18608658	0.314096057	151.1054845	777.3079421	T1
681.0399891	221.5140574	187.8094647	435.6604815	2023.983159	290.3416705	1265.769957	D2
234.9716984	476.9519897	146.0236534	1236.730272	0.73234292	1054.966872	3200.109734	T3
1106.575797	64.72718771	44.47591081	24.99660043	0.379501294	149.5099329	656.2198395	PD
1711.711782	68.89878789	31.00755809	17.47746706	0.479777986	95.06117173	726.8168529	PD
861.0968936	49.35902592	29.3246348	103.7785405	599.4470573	110.513053	750.8995363	D1
232.5471517	442.9591569	145.778139	1274.232713	0.798879706	1039.66898	3161.432406	T3
825.6111143	53.22158116	33.78281537	189.4419369	1142.084733	118.4766689	723.6578682	D1
731.259226	75.32839683	47.80811871	127.2590826	615.8335053	135.0433315	793.5647976	D1
705.1944963	36.93200148	26.09942157	150.951633	970.3624027	110.0623795	718.4685884	D1
54.38473123	53.21244594	37.53229096	26.70853367	0.431571681	125.8075949	659.23451	Normal
220.8882449	305.2252534	262.4115995	208.5665677	0.320532977	396.0059441	1437.760933	T2
70.36208477	56.08895362	42.05432451	32.77216627	0.24463622	120.9456151	671.2848976	Normal
56.09784204	49.19205588	35.48756545	21.34561779	0.491651645	129.3615976	755.176667	Normal
71.77568863	76.40819103	62.35140876	44.3526037	0.407117526	156.2401025	727.7831569	T1
70.8564478	73.31272732	60.90532329	43.98547792	0.47996951	140.2146176	813.6363905	T1
241.8946844	455.1289774	141.9027166	1204.687744	0.640409548	972.3334163	3328.609883	T3
716.1799886	42.95702215	25.41576736	89.35349518	540.179336	91.10609327	646.7861332	D1
78.22214526	69.15183108	58.40229344	40.83380458	0.381949545	142.4641825	824.4460326	Normal
671.0063562	32.78060339	20.21761538	85.26893624	512.4106469	94.17621721	604.688785	D1
667.2243569	83.79886459	57.31056568	129.3655493	625.2781825	171.550251	900.320044	D1
656.5836572	321.3209586	263.7890152	511.9325881	1732.99397	427.4543529	1449.462844	D2
563.8773039	253.9920788	221.9489728	368.5492898	1338.884821	337.6687516	1397.557067	D2
45.94128952	42.07560468	29.37332578	18.34271548	0.285078301	110.2194731	702.3532268	Normal
241.1902016	300.4287662	260.3759461	207.7788578	0.331242376	381.7903538	1485.989237	T2
830.9092392	80.1801272	46.97339217	35.33862591	0.292480608	138.8104646	777.8587001	PD
659.8771623	244.9801234	201.2500291	457.1438858	1978.478644	308.8681534	1228.363381	D2
241.4682856	458.3353606	133.2396418	1217.841603	0.869230916	1000.682033	3435.312399	T3
779.7178929	45.97813614	34.10918396	185.774688	1121.503008	101.3207841	666.6941457	D1
59.74363953	52.93468989	51.74091387	29.29297068	0.479524559	128.1662084	683.7164294	T1
597.6123305	62.64637457	45.27337577	28.89020925	0.2391723	122.632688	761.146738	PD
245.0100485	301.1200306	253.8076688	217.6276574	0.215809791	393.4430888	1441.781911	T2
56.10738126	54.62628634	45.35840933	31.16174072	0.310930062	137.8591986	768.4829738	T1
245.5235669	458.1915088	141.2790773	1142.857321	0.758239799	1014.331161	3404.638793	T3
37.35957629	28.73137323	18.25951	8.543721503	0.211745038	111.3765598	694.2124127	Normal
227.4553868	457.0449599	138.3104791	1239.568839	0.62256197	1013.418128	3389.208857	T3
890.3663439	41.75228899	27.12867558	138.3080939	832.2044223	99.25505567	647.8837999	D1
1355.71222	72.73710477	40.31964556	26.16056473	0.286300329	128.1449501	711.4323502	PD
698.8627326	96.12842083	73.08502886	192.9883956	1002.879224	162.6839808	867.2491687	D1
230.2715889	317.3696746	261.8375004	205.0539025	0.219306019	419.9711963	1447.862676	T2
47.48058341	22.14590201	15.47310485	7.438867116	0.398014629	99.9702362	680.4681084	Normal
549.1079996	39.56994855	26.62861765	165.4658037	1025.479937	104.7666857	693.3536152	D1
425.8689776	56.84849844	52.15704089	107.5436944	541.3199418	136.9299572	764.1421751	D1
506.6480898	235.1117197	190.5781866	355.4888502	1293.824585	300.3393802	1231.423473	D2
526.4930808	263.1014342	241.6368073	387.9306755	1280.102089	365.8123916	1380.880152	D2
41.21871965	37.72888019	27.31232534	17.17773602	0.34963451	117.3976276	728.022425	Normal
74.86507931	90.09337927	77.32990318	56.11783309	0.475460384	156.2327197	808.796853	T1
55.95210395	48.61977903	39.53555271	24.56174856	0.473175081	115.2146313	748.0834302	Normal
43.90475048	30.75462584	32.18506923	15.46812135	0.314435643	107.2122589	690.2916813	Normal
84.18717942	91.57081206	76.70457516	52.42716972	0.2289946	182.5057924	856.021175	T1
245.0747068	315.9903824	265.6106411	207.2795533	0.511247417	423.0835461	1372.874265	T2
245.9219199	321.4200308	266.5686912	205.9565631	0.447772999	388.5622688	1405.155167	T2
71.59804842	85.99417529	67.97694914	52.16718937	0.498521331	169.6945918	780.8860996	T1
227.0295443	446.9839043	147.3314895	1253.239247	0.889599834	1003.033787	3374.115863	T3
34.74380579	24.06168385	15.51065562	9.206734589	0.226379407	83.56580131	651.7096555	Normal
64.84429422	63.83030871	55.1757843	35.75574951	0.259466062	162.5901309	733.7224616	T1
485.8825685	266.2648979	216.5470835	347.8983704	1108.340123	356.1485478	1368.311721	D2
238.669867	447.3564399	134.9740563	1208.355655	0.771900736	980.6231373	3333.837738	T3
307.3484041	34.58313876	17.83563494	76.05262883	439.1856274	107.9778054	736.5574749	D1
248.5305638	326.8425995	258.794931	202.9450606	0.458079007	392.0803601	1415.581655	T2
70.97035717	61.08357308	45.71011618	32.57648279	0.274110805	125.447826	734.5797819	T1
309.6561379	32.55321744	23.45756758	6.903555787	0.374080731	117.7926714	661.6429367	PD
228.5061078	314.9713925	273.5582663	200.7511355	0.494493489	430.5687172	1413.03998	T2
75.19876419	78.83105069	64.25137806	42.26067387	0.231894771	132.3023316	770.3174673	T1
225.9621629	476.8184615	141.6384279	1233.828268	0.823840658	1006.396517	3188.323116	T3
370.2444888	54.56763728	37.99124706	24.98718678	0.329176456	136.8759242	763.0421678	PD
549.9423089	41.67659858	27.70752494	164.06819	998.7937474	100.4893038	781.2344812	D1
240.6349742	464.4236912	148.1420318	1190.954934	0.647424148	1012.19487	3286.125737	T3
519.8996955	238.2377859	197.1245528	357.0916125	1389.284725	328.1253362	1211.298041	D2
440.8993994	64.59465374	47.06503224	213.4925098	1203.011408	134.5423709	829.3058958	D1
738.0543322	37.90995179	18.89485453	7.142532921	0.500829117	85.1892618	646.2186109	PD
773.6989338	39.27690936	21.3079868	9.331176678	0.376313786	102.7461533	681.4281153	PD
911.0550776	46.50430008	27.46017037	10.52374208	0.276407818	88.77507028	754.5485689	PD
603.5731223	153.2826208	126.7214805	389.1092915	1976.342879	229.5034216	1016.172769	D2
238.0341869	448.8684407	141.3329986	1237.906793	0.898131372	980.8958469	3344.88878	T3
523.6982155	321.7493641	265.5358925	381.7534311	1243.081223	403.6500162	1445.893097	D2
436.1316954	224.4024761	176.1843877	308.2563226	1097.034375	298.0480895	1147.454721	D2
50.77942741	29.07701129	21.36366668	8.555426234	0.459428018	119.2714541	663.2458194	Normal
543.0400297	266.2820993	230.8613002	396.6448296	1497.05186	349.3591627	1286.353799	D2
66.59964228	75.46434156	58.99621543	46.2963462	0.483597215	141.6583972	722.2329998	T1
66.48400543	80.05095582	66.06179187	47.23157834	0.481370317	144.1423236	803.1218984	T1
244.6108365	331.0084943	259.0676355	207.7585093	0.305672231	427.6433331	1342.879266	T2
80.00794022	81.7823696	61.0239263	44.83945481	0.342079398	174.2122916	859.3295273	T1
1989.420189	53.5325599	17.73988911	10.85306507	0.308009241	120.3203919	716.8355325	PD
61.06116846	68.21254739	57.54119257	39.74736961	0.341308279	159.14516	830.6084712	T1
1669.961358	67.39867811	31.46221744	13.72061511	0.513649608	103.13271	732.970366	PD
51.72450458	46.55754517	33.36378888	19.90577238	0.232311117	140.4543066	674.2182053	Normal
68.68296796	52.28839524	50.76331745	28.63595635	0.447688349	142.6712519	648.3219019	Normal
239.0945957	467.1897039	140.7001113	1189.308422	0.735360425	1030.237132	3459.375452	T3
688.697872	45.27594337	32.20385629	90.53334875	541.302088	118.2920804	630.3054798	D1
459.3023914	72.02820154	53.88898361	184.8641212	982.2481182	144.379469	735.6350114	D1
49.52211972	51.2528537	41.68627359	26.11064753	0.392615941	134.4195727	802.58145	Normal
316.881262	79.34860904	62.03101113	152.6866451	714.0860479	138.2315215	774.3824045	D1
526.7364482	315.3946417	255.6029916	375.3695921	1135.763099	384.0591363	1440.131727	D2
57.60637796	68.68909397	49.91683115	36.24395199	0.381408604	142.9592126	729.781435	Normal
504.0787675	210.6488278	185.1851542	359.441954	1421.082677	283.5356224	1204.771499	D2
1054.342899	61.13609421	31.63944479	20.96106152	0.415480325	129.0605362	800.9652145	PD
588.2288933	238.1399905	185.293577	393.6086375	1807.55495	306.0485536	1160.897314	D2
59.5862206	55.10274422	50.29324086	31.70830856	0.210342937	133.8484641	709.7228802	T1
888.1912284	55.40049703	36.9243024	158.5256542	899.9941717	106.8255423	677.6765736	D1
83.24882262	80.82179894	58.75749248	42.27798971	0.441842018	155.0379157	829.5517198	T1
698.0285931	252.0927526	210.2264165	498.554452	2010.641862	364.892071	1314.321373	D2
240.0226207	303.5205748	255.9264324	207.3632163	0.343566748	398.5530456	1369.34982	T2
234.4011322	450.713343	143.0051654	1195.824716	0.694962439	1037.729514	3304.782772	T3
240.5170512	318.6516307	260.0579002	209.1878979	0.45167119	417.5861098	1373.680898	T2
461.0208616	197.5443958	165.6448861	314.6897578	1277.603133	258.3207301	1137.815387	D2
505.3918219	277.694311	233.7262792	341.0060635	1224.142825	347.5828217	1282.019231	D2
229.5547008	316.9796507	260.3892088	208.7853464	0.366017525	389.5087889	1405.689738	T2
645.7165425	165.6034728	142.4483156	401.5734864	1921.654096	253.9614808	973.1485016	D2
62.74536095	57.89083203	40.89355107	32.04635058	0.218073786	141.9187575	687.0398777	T1
35.5508268	25.59994738	17.65693624	7.613348345	0.477675612	80.86150813	713.0646999	Normal
213.4109464	467.7250366	137.0531822	1232.386981	0.883563828	990.0609183	3420.844046	T3
233.6064346	443.7145397	142.7041233	1168.977027	0.653765822	995.6853605	3406.679328	T3
439.6281195	290.5102159	240.5370713	330.0003783	833.0915714	381.3182554	1419.388798	D2
42.23456761	25.1322385	17.77947517	8.305397553	0.425315401	98.88247015	626.4813421	Normal
242.2155636	458.8903101	139.295331	1219.010851	0.830978022	973.6936566	3337.438075	T3
401.525904	80.82223613	66.42337523	183.7652983	877.6743546	146.6004612	821.9738848	D1
43.94498802	27.50120307	23.69179899	11.34763903	0.27857673	105.5575682	723.3067821	Normal
223.876549	311.6010777	255.8993088	211.4463694	0.308855804	386.7100565	1457.695659	T2
617.9035531	33.24998088	23.2970467	111.1931574	677.5702507	120.6061328	747.0142699	D1
586.0718728	274.3623674	226.0476768	402.4270738	1449.417149	363.3196948	1313.579368	D2
230.6363144	289.9547057	253.6617084	205.3301166	0.422081919	401.4937949	1380.928746	T2
235.8726157	463.9083361	146.4083905	1244.322622	0.734045192	991.1509757	3283.091605	T3
520.050974	162.1567635	135.7374009	369.7901449	1775.491614	229.5150465	1018.188873	D2
34.25393574	27.85056638	20.08769406	8.498274957	0.331844818	90.47326981	701.375309	Normal
253.0475411	310.7799246	276.8633304	219.7136655	0.479343899	399.1027885	1328.454769	T2
236.3080917	323.587824	263.024962	206.1779087	0.442107993	424.9240999	1456.43232	T2
444.8585573	34.35674043	30.13354776	79.76676515	467.4498506	118.8667192	770.7797876	D1
233.1865214	315.4844711	269.0495741	208.8171433	0.32701506	421.8087604	1484.489876	T2
229.4822753	318.0318758	255.4857487	206.8583734	0.255193575	424.5470969	1396.123778	T2
79.81949521	90.07615351	72.53132804	53.38562441	0.490620732	163.1176613	889.9662045	T1
45.67913675	24.54155896	20.81838099	6.366442027	0.304470397	81.82441867	712.9481981	Normal
1105.601313	41.87827719	30.06912342	145.6782138	882.0942374	106.0608089	655.8871925	D1
240.9369855	434.2497138	131.4088406	1273.709256	0.78281589	1045.64824	3410.309437	T3
67.72883992	60.31862662	49.8560138	27.35004387	0.329057283	120.5598368	783.1143467	T1
235.8866638	311.25519	254.9810865	214.0992911	0.401268983	389.598258	1436.285072	T2
227.7339417	451.6938289	140.5925426	1226.040822	0.843428044	988.7539171	3179.711259	T3
231.0127475	304.9750282	252.0046471	205.7414943	0.386856725	423.5805795	1521.792207	T2
232.416878	458.2776199	136.8243783	1163.297453	0.690866832	1009.241139	3568.824373	T3
89.28509546	91.35566891	78.99582814	55.32639766	0.289470159	179.9365721	858.3717919	T1
34.09583157	25.9745286	20.34349152	7.628851464	0.355151246	104.1438454	681.772885	Normal
1186.999205	106.339389	69.64257825	240.021641	1171.877594	179.730581	892.1949656	D1
243.2537001	320.6192529	241.4589208	206.168898	0.372120101	411.0327097	1462.031055	T2
599.3697554	304.8316178	272.5314047	422.7905808	1501.867105	405.6303881	1399.721803	D2
239.4914731	449.2404046	136.2332933	1235.723497	0.912676268	1035.311333	3523.562372	T3
43.45324424	37.82008043	34.61004178	19.2368522	0.441354756	115.6894999	736.3007815	Normal
68.71840951	71.19283738	55.42130006	37.44883804	0.450427571	163.7185702	810.6930143	T1
721.2692892	55.62483855	43.63239619	140.1551745	769.8462241	143.579945	694.874142	D1
248.6549361	482.0504254	129.7890795	1259.392329	0.613989982	1012.070213	3462.813509	T3
86.08093025	77.19735374	66.30448361	50.77031775	0.256216612	157.7821076	825.5668161	T1
246.8172296	427.8557077	140.8638793	1232.968095	0.815943082	1018.447869	3385.679288	T3
57.37504968	64.1630446	54.58183108	30.30418355	0.208117664	140.4851516	800.0515981	Normal
57.62465851	45.11148862	37.38602315	24.65818327	0.264080944	115.7572008	760.8537765	Normal
29.01884323	22.63956385	15.0834785	9.461246394	0.503183248	82.31384112	613.5032982	Normal
534.8389786	28.51560994	19.10404756	119.1956886	726.7510424	121.8635511	635.0485471	D1
1432.70254	52.21569736	23.87323761	13.38350205	0.202560559	114.9389273	639.7648544	PD
245.6502587	443.8900097	135.6405079	1246.88694	0.69270965	1011.117226	3312.572786	T3
999.5185023	65.09516691	42.15937374	24.1086705	0.214551408	114.5536993	733.4453249	PD
34.39831981	19.37656549	17.60740816	7.175776091	0.478190128	84.49833033	735.5448702	Normal
80.88780851	73.15302172	69.79073437	46.54803622	0.373696124	168.2017961	759.6140682	T1
90.46325364	86.87268794	67.83673804	51.35140309	0.397296717	175.7712227	888.3324015	T1
244.8840282	316.9764384	267.5636518	211.6687244	0.484210044	427.5399608	1518.283239	T2
1782.039409	89.33936324	51.39673492	33.30638093	0.237217893	160.8610779	766.9281744	PD
56.7763788	40.72485335	42.66165957	22.30758848	0.414373127	111.9370885	708.256038	Normal
631.7764966	168.7769537	133.2797568	394.4198499	2051.018603	246.2168151	978.2750474	D2
79.43501074	81.43488434	69.04583379	52.84486196	0.383401998	179.2248393	791.9819808	T1
238.3730608	472.1627737	137.9691546	1191.53115	0.804975797	1047.240602	3440.42977	T3
367.6372964	25.04854356	18.88515525	148.6020943	925.7708305	112.6418121	662.1061326	D1
86.80538908	86.09274071	78.93962944	51.60580492	0.315383166	149.2073993	786.2457525	T1
72.66594251	52.9124631	51.37866423	31.04862043	0.349017018	128.1409519	798.38691	T1
231.4498454	311.2835847	260.0527769	209.2634031	0.472682867	416.7236063	1513.315251	T2
244.7518347	28.79386651	20.67940557	11.2134357	0.360328465	101.5159838	606.7143535	PD
1423.642974	80.70204415	49.14389604	34.43916757	0.224655532	142.5587268	718.2019744	PD
878.1234584	45.25438793	21.59552469	138.4744746	828.5911168	109.3383033	687.9770926	D1
830.7002183	61.39424373	46.37911	177.4161266	1019.63249	114.5628792	706.5362884	D1
1637.624397	87.45735897	50.27299729	34.04494453	0.399529112	142.3462873	769.511547	PD
34.48361275	27.40635206	19.68925265	10.65915767	0.467894408	109.8803238	618.2921822	Normal
695.545143	64.17761684	48.86961898	140.9368963	717.7684958	148.2154643	698.4916926	D1
237.3306655	465.6093154	142.1391607	1212.543154	0.686733553	973.5717499	3164.866451	T3
218.7921899	315.372349	264.2457724	208.2634214	0.215269249	397.1750556	1513.645672	T2
233.3672755	322.4267652	262.1480537	208.0439704	0.343894386	419.7280834	1435.335055	T2
595.2124668	190.2495631	157.4176321	403.7629743	1826.240898	287.5733292	1050.243802	D2
232.8940028	466.0235806	146.9603788	1209.269018	0.73432085	1003.030053	3354.527212	T3
232.5469919	454.5003896	141.1166302	1243.011153	0.732450247	1013.481454	3316.969367	T3
39.22715503	39.31649246	29.14355434	15.07489422	0.331110078	102.8637383	624.272189	Normal
232.3997251	316.1855674	253.9260112	200.040472	0.296788698	389.9659384	1440.046615	T2
56.45635163	50.0948331	36.66519351	24.88794314	0.308712782	131.7290412	731.9776843	Normal
218.7841335	302.36065	239.868696	211.0219507	0.229941364	407.7050393	1504.202465	T2
328.7079878	70.38194088	54.78972893	125.4081253	585.1357887	150.9550602	727.2594561	D1
40.76894726	40.39043202	34.05660481	21.069192	0.26940418	145.062626	684.5529369	Normal
644.7330869	234.6509187	187.8859003	420.8701862	1870.339888	320.1224393	1340.049468	D2
66.5378262	71.77903291	63.77165653	43.35212113	0.363574196	136.7997406	859.7833975	Normal
719.9419734	54.67987471	39.29493507	23.72643746	0.228259696	118.5760615	738.5759096	PD
619.7107188	280.1848652	219.2408241	430.0105456	1720.32898	350.2334235	1262.912062	D2
1687.826324	64.13840699	33.70489677	17.56012949	0.316524089	130.5875825	625.3586484	PD
31.0811541	27.34611158	17.83066847	7.751742042	0.410866732	78.5900597	624.8131119	Normal
232.771403	481.5592156	140.453943	1202.400268	0.600752463	1015.86818	3360.543477	T3
45.06440368	23.75591604	15.69503928	7.251387691	0.424814987	81.25902999	622.7326803	Normal
68.10214189	57.65137466	46.57113659	31.13702807	0.333339569	116.7671232	707.5855565	T1
228.9733391	310.7878818	264.2932473	208.0948747	0.42936563	400.0748938	1498.513799	T2
57.62696091	65.92912451	52.59750691	35.02176584	0.256851068	134.3127964	761.1022409	T1
38.74045141	37.99626671	26.82995892	14.81932534	0.29607624	124.5508863	741.9280301	Normal
244.2753223	317.8508919	260.4722667	212.4126284	0.20283471	411.920318	1467.279914	T2
227.6768125	309.521905	253.7943307	202.6346937	0.41667269	412.7148008	1406.868594	T2
417.2324538	221.9700181	190.9030663	281.2683736	954.1280397	300.6039215	1216.599212	D2
478.5675463	251.8146864	221.1029298	341.7574053	1162.567161	342.8506392	1258.938691	D2
629.4012477	222.9992573	198.4906733	417.7808002	1760.446658	320.4193207	1242.362145	D2
231.7865672	464.7507059	150.1210777	1183.09301	0.739241464	970.1394913	3217.858069	T3
399.5845572	92.31275688	78.43044043	120.8521132	419.9854702	170.3280298	810.3091519	D1
800.6198694	73.78785372	49.90235358	138.2438997	711.9827414	150.2319204	821.8313639	D1
504.1608008	46.40724265	38.69767522	182.7154313	1038.537863	139.7630017	742.2669124	D1
748.8652792	42.86158205	28.80164308	156.2185698	1067.442654	118.4209357	691.2553436	D1
88.69314237	88.4491078	68.6061991	51.77297161	0.257801742	160.2550061	820.2234072	T1
239.5765317	296.2050165	260.2443797	212.8786586	0.4297133	392.9535891	1467.792134	T2
50.82583565	41.64630025	39.14283075	22.79963361	0.418245232	128.9528066	641.1940636	Normal
242.6532338	307.3964664	260.5087011	204.2925588	0.25187074	384.7085928	1374.344929	T2
249.7839724	441.2339629	128.6269922	1189.023552	0.810093871	990.8575534	3545.242822	T3
561.0866209	188.1457576	145.4703024	380.7008016	1593.456841	264.9723424	1113.202956	D2
253.4476865	466.0275655	142.493572	1168.708065	0.753987249	973.9040987	3463.64503	T3
64.37502568	61.87039882	46.42116795	31.23106943	0.318275576	138.509733	833.2272666	Normal
228.5427525	476.5934357	142.0855259	1211.314128	0.920295506	1034.409815	3458.964654	T3
608.4490703	258.7777138	214.6420705	399.4295964	1592.901247	342.5955766	1256.455367	D2
396.0060362	246.1146747	208.663055	299.7229521	888.5033853	360.4346219	1228.981339	D2
592.2835867	162.4703046	131.0203366	374.9848467	1918.85837	267.8928014	1022.6766	D2
56.21914729	41.58956639	35.75101454	19.03582884	0.422558182	106.9443766	651.0436513	Normal
1144.608758	76.82340762	51.82201124	32.90877574	0.461333939	134.6904408	760.9097144	PD
921.3485131	61.57679732	36.71186393	121.0185108	628.1498907	117.2878614	719.8556054	D1
235.09181	326.5019999	274.0052054	205.5257891	0.342296719	376.0913799	1429.268403	T2
40.99048253	37.51717216	25.03746202	14.59504288	0.281003126	104.8859287	651.6309518	Normal
221.749516	306.6842523	260.6627581	209.6138936	0.387928593	404.2184724	1462.788814	T2
59.20235352	48.40480025	40.61185438	21.09047953	0.447917526	135.8297214	698.5073104	Normal
1649.262623	88.39344065	46.34538943	30.70080928	0.36438183	137.7502031	762.7208631	PD
54.62680628	50.05956851	40.34462059	26.14721915	0.457500726	114.0126345	777.0578168	Normal
431.8380785	26.93553996	21.66074036	157.2324365	1011.294701	93.68904731	748.1130705	D1
473.2208783	233.4445307	187.5001962	334.5246871	1191.352355	313.9729818	1250.615584	D2
964.888375	60.62091192	42.14632004	123.1685417	691.3310013	114.947929	751.9088195	D1
240.7924283	311.5823805	255.5312438	198.4140409	0.408572069	382.3383617	1375.146345	T2
574.5258617	192.6522699	154.834776	373.1865684	1707.387299	258.636879	1164.433954	D2
35.39842216	25.28384004	21.95024511	6.815093793	0.39797106	113.3948366	615.1773707	Normal
33.42624565	26.68182731	18.93355391	11.03811692	0.212041916	89.40066763	687.0603485	Normal
53.25821926	53.06993012	44.57320947	25.76394266	0.419994149	123.3586263	678.109085	Normal
49.16989859	21.27806795	21.67793364	6.28031929	0.378320273	88.28809255	690.6843594	Normal
244.2545761	486.8445858	137.7759857	1164.365076	0.861593541	1002.305727	3370.240532	T3
63.15520167	65.33764576	51.98022207	33.10743289	0.372798934	139.4511054	799.7658333	T1
493.1171609	216.11862	194.7662866	349.0881438	1307.89681	320.589484	1250.664841	D2
1056.427192	45.22560626	32.31068647	161.9944935	953.3142016	119.2079087	681.5071116	D1
65.82446688	70.5768563	58.23152581	40.38229447	0.339563709	164.9959372	790.3900461	T1
40.97393654	28.809657	21.27631961	10.23704997	0.328065609	104.2935847	629.8035579	Normal
980.676102	50.4835858	27.98933069	149.5485735	843.8252164	120.8624638	703.579919	D1
240.2741268	323.1561078	262.6576419	201.2314568	0.447944012	380.6393957	1402.647417	T2
235.1272478	318.6148779	273.3703545	198.2680272	0.286673085	393.3063093	1539.541941	T2
78.37454001	78.58531408	58.29986009	39.43867341	0.207434347	151.4203745	824.0342246	T1
226.276257	467.8936769	135.009993	1191.175444	0.75296662	1008.399314	3351.633926	T3
440.9431212	295.6104628	242.5089355	330.4192631	899.3957291	379.2501196	1346.791461	D2
503.8957811	289.4789908	251.3810643	359.3946545	1126.173716	365.6100069	1266.959977	D2
1301.276546	45.82013875	15.23177181	7.059224439	0.411154922	81.90259902	631.9754171	PD
544.1754842	210.5571455	178.8519253	368.2103451	1549.028369	297.7421621	1149.728102	D2
596.5975586	146.6958121	132.3737262	392.5548586	2079.82576	232.8027573	1098.869813	D2
540.7166838	219.5796436	188.576439	373.3615429	1487.90017	305.6356334	1127.908334	D2
1204.955871	43.74794739	19.30451955	13.45042202	0.254464942	114.9581262	662.2360788	PD
43.55493529	27.43303411	17.49067534	6.055721758	0.401896205	89.06320524	693.6759544	Normal
624.6131109	59.86495413	40.76162689	103.0648995	476.6307471	111.9242447	780.7630263	D1
602.7855976	176.2801542	151.5234369	391.0129225	1706.901268	245.3188079	1052.672543	D2
35.90296013	25.30806169	22.71853437	6.477116104	0.265333841	107.7525854	740.2455616	Normal
44.68456955	26.69435705	14.82029644	8.093466073	0.375895318	92.77734378	697.9514199	Normal
1363.372822	67.25489497	40.12917819	25.58458605	0.311800384	103.2978675	771.7574133	PD
390.0967395	95.85331947	81.6803809	149.5269473	678.0758097	159.7869749	801.2248166	D1
482.825721	244.3876197	199.2963729	346.5581959	1162.08849	326.7682531	1191.130872	D2
882.2872269	38.94757963	20.3435926	6.228938886	0.480827677	88.1059818	607.5304969	PD
48.10614778	25.39820352	20.7898496	9.616750125	0.276767301	82.2199024	660.8805611	Normal
225.3114556	310.5775427	249.9080447	197.7802774	0.276121487	403.5148288	1413.207136	T2
1054.45684	102.7905179	69.38575332	179.2737854	879.6882954	168.4638873	788.4083028	D1
511.6452736	41.71893179	34.82193085	106.0454021	605.9177687	101.0997756	676.600572	D1
404.4950008	199.099921	172.4557721	269.7123635	935.9045085	315.5997365	1079.371848	D2
238.6079703	306.3469901	274.4739832	204.0310895	0.269916788	396.0832493	1415.579996	T2
1381.562793	47.76882122	17.69770841	7.121671892	0.405383101	113.7119266	626.1747676	PD
774.8026209	55.75280255	43.38879592	105.1604497	518.1766436	109.8986921	713.9042953	D1
224.8392303	449.8908459	140.2112299	1207.231249	0.895393058	960.7083792	3497.719505	T3
228.3851716	445.7845075	134.7864646	1236.198603	0.659709884	1023.794224	3503.703292	T3
245.93553	450.40314	141.0062655	1215.086448	0.617565774	978.0690688	3424.247718	T3
648.1451358	265.9190256	223.1155638	468.8534146	1952.932184	350.1020046	1227.245181	D2
53.78658163	35.93281046	26.74817861	21.40921935	0.244276246	108.7535561	740.7814146	Normal
37.08413543	24.9917348	19.23533278	9.737625705	0.285191364	104.8139448	599.2702765	Normal
50.71456883	45.11260664	32.86263212	20.27824765	0.353282732	127.0510327	658.3423145	Normal
34.7709301	24.40616305	17.29389569	7.436134797	0.446131497	99.75711335	643.1817933	Normal
391.7949588	211.7489873	166.9387579	286.6072891	1024.893059	310.8355828	1250.856545	D2
637.339244	31.89350376	17.76045594	94.18005688	587.8946834	124.061166	699.3473633	D1
231.0110007	463.1218406	140.339903	1229.728088	0.732682826	1000.659689	3470.79777	T3
50.69497445	57.17903609	42.97959651	27.43113741	0.458444744	138.0929966	732.3776511	T1
58.19929995	49.08357734	44.00388947	26.31879	0.405475674	109.7789888	661.7131872	T1
43.00764304	24.54653806	24.14426112	8.953065055	0.323442055	98.2337193	619.9187419	Normal
583.9819857	263.9819597	219.9562136	412.3024577	1555.700539	330.9269419	1222.268784	D2
83.53164817	81.2710848	67.78684989	48.10788798	0.341546881	159.8151068	767.0588659	T1
979.979771	73.97373818	42.95124522	28.17471642	0.413363856	154.9509924	789.5716312	PD
375.0844882	42.34939956	25.12660804	119.1726214	669.0407927	91.33148507	673.4130498	D1
243.9364305	311.5052574	259.9156084	203.5222422	0.460688411	389.3960956	1523.464483	T2
904.7049455	64.33856999	44.40789264	132.2581496	723.7188275	113.2490028	751.5826989	D1
417.4846835	40.45535194	26.25151254	10.54227492	0.456719483	86.94871255	701.3084885	PD
231.06834	475.7213198	135.2592796	1199.10587	0.749587268	984.0965909	3112.273133	T3
246.7036813	444.8996616	147.6589583	1277.817866	0.686075725	1013.027227	3308.579319	T3
58.54394949	64.20396731	53.24758097	33.4232653	0.291079983	131.4574955	832.9575221	Normal
365.4882509	199.9214617	175.8519532	263.7329596	908.3935802	259.0034437	1158.695758	D2
63.99029192	66.0264556	55.26392566	37.07607611	0.244460241	147.6856171	792.7594345	T1
60.82561406	54.74475869	45.97515491	31.22194986	0.337163427	119.9205739	788.9425344	T1
907.509624	113.6909659	79.36887694	159.1956558	638.5395561	166.479559	886.4248293	D1
235.7247248	301.683434	265.1291736	209.7601962	0.402165389	385.2701549	1464.683657	T2
231.0461892	443.1319332	135.7695061	1224.351312	0.835564027	987.5218482	3567.599125	T3
231.5958151	453.2124922	138.761892	1148.36469	0.651110548	947.0149569	3301.022101	T3
248.8214943	460.5366342	144.4110713	1234.662189	0.738426955	1032.972379	3511.417177	T3
229.4643892	312.8395459	266.0461354	201.2433769	0.363394852	393.1564576	1476.503799	T2
240.7896117	307.1365904	250.4437275	204.2984732	0.351382443	414.1058019	1467.21627	T2
483.8498127	230.7894752	203.9506553	337.3685335	1238.219035	298.0616977	1203.5809	D2
247.7545351	320.9570038	243.5762755	215.0334804	0.450976165	427.2978473	1448.330693	T2
464.1712487	217.272785	170.413624	318.514523	1218.098322	307.4491854	1167.748663	D2
71.17594407	81.24520391	72.17603143	46.4293605	0.340357717	157.5005064	803.1027006	T1
970.0848914	97.3398655	70.11591926	164.1361418	700.4398335	146.981807	749.0419643	D1
1926.30713	97.40735745	48.17206892	35.19532769	0.315223305	163.3091507	736.6794579	PD
585.3297446	230.4353351	191.4859774	393.3259504	1601.767997	300.141313	1275.678029	D2
58.04795713	62.03502782	49.0119506	30.08257674	0.287268505	143.1963396	700.4325664	T1
238.6435431	311.0226743	254.6948912	200.3882519	0.397243607	384.9279441	1419.954831	T2
227.8238704	437.1561187	147.8940532	1228.965297	0.701225155	973.5606429	3256.527307	T3
557.1397695	33.9858435	27.74496949	130.1244884	814.344131	119.7055832	686.2252967	D1
43.86038123	24.8770173	20.0922239	8.86308347	0.31868068	96.29387118	666.1588844	Normal
1012.38062	104.0992839	70.41247572	201.4592799	1043.538082	158.665864	860.9205744	D1
240.918013	308.3848877	254.0046636	207.4611738	0.257322836	391.4837785	1410.880146	T2
67.93960353	69.4393579	56.96568622	42.06838063	0.454649031	149.4195123	758.8704098	T1
58.00359277	53.87997229	42.31736301	26.87348055	0.276904855	123.3976458	696.1247025	T1
74.51347649	73.59973584	67.69443024	42.90472292	0.433541465	152.4917061	757.4445348	T1
60.98239965	65.52985801	54.56768093	33.43648069	0.413188458	147.8478425	795.4398623	T1
224.4893553	310.6374204	268.8220966	211.8893376	0.385126445	391.4489271	1461.081357	T2
231.7178865	325.9796158	264.4660207	204.0111732	0.332936764	401.4967041	1388.524601	T2
74.15610031	72.23593048	58.58334558	46.32235053	0.417803133	160.9547134	874.4458482	T1
1616.638659	62.43076907	35.74107438	14.11600699	0.434952619	121.2648229	754.9222054	PD
226.5125477	456.164269	146.9286853	1190.04763	0.739409228	978.2182326	3205.480012	T3
2026.708644	72.30288366	27.56042385	17.99462296	0.377624428	141.8385851	627.4919915	PD
231.2733548	313.2206589	269.0220362	200.8660703	0.468030766	390.2870426	1356.216781	T2
543.5148818	235.4787645	181.9930802	354.9621342	1489.2827	332.9163226	1062.127221	D2
233.9798025	316.2792128	263.8668707	200.0978933	0.2441384	415.8746991	1422.332354	T2
629.4192597	229.747865	186.5077794	405.0802673	1642.562959	301.6930199	1222.929366	D2
565.5271141	249.7968977	206.615738	394.6198228	1575.237377	325.9919606	1318.656965	D2
37.12122522	21.94934474	19.81845624	4.961265948	0.258748506	93.00193557	672.269392	Normal
80.41035842	96.16067361	73.5834046	54.87873224	0.430002199	180.1835536	805.2548548	T1
489.870877	199.6307028	172.5729333	327.6377382	1245.241524	292.6007785	1104.024191	D2
236.7137388	301.7274564	265.3497858	206.3473831	0.473425925	398.0911688	1390.584648	T2
406.0020051	198.6543269	171.2929846	268.3217537	954.4549021	312.0645013	1124.058837	D2
61.95745548	76.56053646	56.05430638	38.27993517	0.341468349	157.1123331	864.2392439	T1
90.61224276	84.96222384	70.78667091	50.31273732	0.335741949	145.7751676	799.1425676	T1
390.6668115	41.78872243	27.93292005	109.5434944	646.0372703	131.5845515	628.1277657	D1
229.8647497	319.649306	257.7977927	208.8647649	0.262964777	378.9343466	1540.071644	T2
99.04303263	105.2259375	88.38451189	62.984829	0.279316734	177.4123265	928.4870049	T1
240.9125856	307.3077921	252.8720782	215.6281457	0.24187171	422.0777476	1453.702126	T2
230.2079552	301.3012092	269.41272	199.8276705	0.356154622	402.6963382	1490.301043	T2
1103.528611	53.4028511	30.06033355	186.5339269	1129.119925	126.8531956	670.9071546	D1
235.6949685	463.658052	137.4688304	1225.400489	0.724699578	974.1369666	3241.962779	T3
55.23070597	68.33851032	52.12734797	31.64808629	0.218143551	135.2780132	751.340506	T1
515.4304111	53.22732025	40.90804488	25.60346636	0.30104186	107.4340923	766.9664981	PD
1710.012799	54.95357187	15.33827157	6.946775137	0.245899755	102.8779665	636.8565286	PD
233.5679335	312.5826506	271.2496802	204.8971443	0.504333855	390.0180343	1352.269061	T2
67.75926508	76.65939194	55.95843896	42.40993373	0.262353832	141.1813318	799.161763	T1
73.57083394	66.88573213	59.4526808	37.17076298	0.344639374	152.0264964	897.8446012	T1
507.4595587	189.3514787	159.8587287	327.2902328	1479.367433	277.555401	1073.157336	D2
491.0123049	76.60406412	67.35694898	106.4175501	460.8952451	165.0707773	884.5751491	D1
538.2742055	59.36171021	47.41969513	174.5330468	969.6719924	121.0691463	790.4836663	D1
913.6036134	57.75427583	39.50651794	137.3375726	784.7677503	113.7901427	737.3903441	D1
49.08066915	41.09471613	39.60487517	18.38302523	0.262522461	119.3810412	740.3821036	Normal
512.1946611	195.8049912	160.5296753	355.0589275	1516.131787	276.2423511	1060.013238	D2
234.1530675	460.1387381	140.5786901	1204.485853	0.719140406	985.5426297	3323.228328	T3
472.561935	275.8365354	224.7429882	331.1751577	1055.552562	364.0303703	1348.737922	D2
1589.651445	47.5075323	25.52609768	9.522706629	0.325284493	92.27098798	673.8778696	PD
54.14322642	41.62590642	34.80965176	18.86824746	0.430865377	115.4768464	663.4221198	Normal
1930.144668	84.8215424	38.65065758	26.29264867	0.238613992	118.5711063	671.2163771	PD
81.8124822	82.39260601	69.70961045	44.75422415	0.378499022	159.4816708	868.7908469	T1
41.67808083	26.62354887	17.72498132	7.451091307	0.220362192	119.1939432	578.6781165	Normal
1080.715743	43.80198408	22.44249092	6.296676305	0.396705173	81.70483241	633.3041367	PD
243.2184646	295.5702667	268.8717839	210.2271244	0.415593573	409.1668277	1514.450086	T2
625.8882057	62.56661154	42.29526767	180.6320966	969.9026464	142.8160832	670.3857036	D1
377.6910826	221.8370975	176.884689	268.1235148	874.0759128	301.0036455	1172.316086	D2
546.2871786	88.25964015	70.05583441	168.8217957	771.5059523	161.9461914	792.1866516	D1
233.4708093	316.582864	273.2331541	206.7550011	0.357775616	388.1745021	1496.201397	T2
221.3589225	473.0841912	135.5358364	1162.620619	0.629305774	1016.985896	3333.182389	T3
410.6620656	265.4625176	222.5054972	334.328386	915.5497014	371.546975	1262.847048	D2
303.7452917	100.6183425	79.11036152	119.5705861	446.2156138	182.3614346	774.1283717	D1
506.145811	290.4436333	236.3718907	383.9721418	1276.850739	355.1257558	1415.697207	D2
228.2376662	296.8769187	248.702689	212.2586667	0.358099279	438.0132321	1478.652348	T2
1734.859694	55.78066873	24.8500674	12.79707514	0.210310717	85.39300819	709.1389383	PD
236.7411774	457.6336108	143.0492797	1173.168636	0.673533204	986.7718522	3335.950813	T3
228.963688	309.8390183	256.9933734	203.6882225	0.338571015	410.8012392	1411.956474	T2
79.07365308	73.25058968	59.15054369	41.18930122	0.212139278	159.685697	864.1759286	T1
81.15867217	84.49593599	73.10457977	50.70468707	0.366888969	169.5682764	897.4690957	T1
230.4354793	295.9869879	262.8706234	204.6291375	0.455284184	400.8386276	1437.883472	T2
236.8162426	479.256815	142.7696457	1213.220169	0.823941666	1002.678617	3357.090807	T3
997.2712913	70.5177261	44.56541395	31.55701667	0.234620487	149.2786524	677.0708061	PD
241.2925204	464.6001284	139.8861516	1225.626725	0.81708359	963.3934187	3301.022101	T3
652.196004	271.9845441	220.4202705	429.8358959	1813.687568	345.1763017	1290.618398	D2
86.59297628	88.47155851	74.00904522	55.45641295	0.362230297	151.5748005	825.1831487	T1
1455.394368	65.90317704	39.5903217	20.50424411	0.295729438	113.1358174	746.4436055	PD
229.1472107	322.4981966	266.4864416	212.8185579	0.236919559	369.5333141	1458.743186	T2
53.87112917	51.58560328	41.57632003	31.10889258	0.442714736	131.2200741	805.4122108	T1
235.8536701	468.8167385	141.7907608	1218.624952	0.70910995	1022.434356	3505.871299	T3
229.9901926	456.3122191	141.9661274	1206.455099	0.802735025	1000.739791	3254.890438	T3
236.0565442	316.0717677	266.3236519	208.0652797	0.440256739	414.8775126	1393.950989	T2
394.6535996	185.8170338	172.280228	282.1327662	972.2215702	278.5160046	1108.018617	D2
521.6086284	255.78894	217.7510242	368.9159047	1377.597114	310.3482173	1388.764071	D2
48.17820467	26.06632309	27.1479815	13.87909979	0.442698931	99.9526326	641.727222	Normal
253.1807898	444.8235342	140.6446992	1235.839236	0.698066315	945.6733307	3291.804932	T3
238.2238047	441.9130305	143.4770126	1187.666899	0.678704121	1026.458039	3683.859129	T3
68.51571358	61.70738242	48.14296791	33.05492137	0.475744941	141.9776977	757.5906417	T1
818.6674816	57.93385475	38.83868851	183.776347	1098.348506	121.7161446	738.8519941	D1
234.6136867	321.8070789	264.300249	208.614096	0.436565815	377.6896325	1406.443825	T2
617.3706162	225.0441568	213.8073808	435.6545869	1821.405196	310.9659404	1168.563253	D2
95.03653005	91.38247409	71.1574528	55.00858701	0.514445315	165.0456724	818.1618371	T1
1691.054507	64.74762968	32.23774043	17.78071287	0.406960366	125.2930611	752.9335645	PD
684.7588378	277.6270599	214.7215754	468.0907817	1863.158562	367.1202665	1335.950683	D2
1040.645465	63.45466914	50.29735158	118.0507967	585.4073486	134.4660989	778.6347519	D1
246.0605349	451.7229285	140.8137693	1224.866078	0.627489691	1002.085791	3321.632376	T3
67.21711301	69.62655149	55.89205358	33.4339676	0.398579058	152.6914058	740.6517341	Normal
59.55504681	55.464676	51.37670914	30.4303429	0.344780844	148.0856223	695.5355055	T1
82.72086662	80.95725987	70.3103605	41.87289744	0.39530022	162.3564071	859.2253997	T1
35.52036161	22.53669871	22.51047563	9.095046054	0.231690127	119.2037688	615.4495237	Normal
244.043584	452.9936867	136.620426	1197.376138	0.639552723	1000.897158	3384.600943	T3
240.4025099	452.6372623	132.5016195	1176.13892	0.737045634	1021.067136	3424.517529	T3
40.20528012	35.12819093	22.80287827	12.41960532	0.301605105	100.4474892	627.4626594	Normal
248.9672071	317.7162087	265.17453	214.9784255	0.276541313	374.1916579	1417.961449	T2
326.5103501	27.12836451	17.39849967	101.0945355	641.4371355	84.48479876	649.2886022	D1
229.8425891	311.262579	256.5825061	214.261507	0.255202499	426.7962175	1484.716342	T2
241.1269293	310.5810072	260.3309004	215.1359206	0.340883669	393.0682725	1432.051848	T2
1827.629787	88.27799839	53.42571124	39.71003301	0.328790469	168.5696483	684.0066657	PD
38.4564563	26.67146388	17.49864471	10.0152277	0.364547513	103.3647678	681.6473207	Normal
68.16491784	68.65723707	59.04697462	44.0385306	0.358056982	156.3098034	819.2316365	T1
240.9062054	463.9418607	148.3469415	1181.477132	0.655864493	985.6135276	3227.356415	T3
79.99684029	80.69335046	67.24732475	43.5663017	0.365344493	151.9504184	834.010887	T1
2103.16398	83.61014113	39.80151624	27.67507289	0.30945978	147.7881283	673.231788	PD
239.1593063	305.8299229	256.6106695	207.0255267	0.478487567	393.9217849	1448.95553	T2
245.6069748	464.4914983	145.5911272	1199.765775	0.645490738	1015.285435	3501.965186	T3
58.52686782	57.13358707	48.86935025	31.04821653	0.413931351	116.4634338	791.5967663	T1
332.0010822	35.98435922	30.03528957	17.65766862	0.22106118	100.709533	724.1886019	PD
1142.136251	38.14748336	25.19502771	6.903135577	0.315383304	85.34682437	707.303866	PD
66.15408935	68.53308018	65.07248368	41.61232356	0.24966257	151.0202904	771.6719457	T1
541.2025829	43.32130811	29.82941643	132.5497389	737.2967016	129.7569721	598.4948229	D1
42.43485409	24.08611305	22.9533231	6.271580537	0.36905546	106.5321986	734.8922858	Normal
238.0494062	454.1731929	139.6745517	1235.430867	0.827136154	978.6251364	3434.324086	T3
539.4643906	159.1159499	135.8557918	342.3003289	1548.483103	236.968719	942.6405861	D2
597.7598215	39.29341281	32.89582267	15.63432756	0.46649494	103.5867623	770.4191904	PD
256.1349315	23.71727792	19.10926462	6.310350263	0.296845218	103.9322991	604.6440798	PD
1026.501184	78.57518344	58.23229268	141.2199699	672.8084055	164.3712404	700.5662828	D1
535.8566033	211.6776647	185.8484573	366.665466	1439.993202	289.0117362	1259.455357	D2
536.1496759	39.77360646	23.99960141	11.02289256	0.356840029	96.42591807	635.9250325	PD
1061.933154	83.23880431	54.8263976	193.092874	1019.503868	163.7380615	773.7008306	D1
232.7447114	321.3298873	262.568834	206.293509	0.414079963	383.1897103	1520.114422	T2
231.5145941	446.3111801	141.0848592	1223.398589	0.683950145	964.1444894	3299.385096	T3
295.9557473	29.70469137	15.91660651	7.898714818	0.253253436	88.98858003	633.9846061	PD
527.1200051	26.01895578	23.7569988	107.2778942	666.5001491	92.20511912	708.3579111	D1
48.36986668	53.94890243	40.45644606	28.0400197	0.294050712	135.3443229	775.8587414	T1
652.034197	296.574893	236.1673919	465.921249	1939.689813	362.5474971	1367.648675	D2
232.7605777	450.5161373	136.7119989	1234.356984	0.832912018	960.6986007	3355.482311	T3
225.0854694	469.0245725	136.0735746	1253.343856	0.788389208	1011.207169	3472.803798	T3
904.3334215	74.77387887	54.99363776	34.63175568	0.321791299	133.0198092	710.3953608	PD
472.6124966	194.4692603	161.7420017	332.9935342	1400.065735	255.1440936	1145.267587	D2
1019.0494	67.76271582	42.89687086	26.97005072	0.469479209	124.8373255	749.4022213	PD
672.5240682	275.1807954	231.5632186	473.4752354	1868.834401	380.910305	1245.784999	D2
495.1326484	261.3473879	214.989068	349.2594382	1157.654478	332.8865942	1300.017825	D2
587.0704232	196.28789	163.9778739	373.6036086	1703.551512	273.043096	1163.102927	D2
82.44371641	85.60068392	68.03998058	50.00635164	0.283314121	142.5533179	728.3294263	T1
1055.508502	69.1998267	47.172856	209.1360381	1142.84871	132.7855633	716.8228052	D1
807.3406525	65.52216581	45.96394597	198.7044783	1088.857723	118.2455822	737.2065203	D1
229.4564497	437.4613348	134.811781	1192.46938	0.867929758	1022.992506	3342.398982	T3
245.1476019	441.9261945	145.566979	1189.405948	0.842275288	1029.869205	3301.695415	T3
533.2995334	54.63077968	37.52883937	137.8861265	753.0057089	138.8594074	681.2715218	D1
668.0154815	246.4711203	214.2968361	447.6295484	1888.321055	338.6917732	1176.918557	D2
2038.891052	55.06993609	24.2625389	6.795449364	0.272054791	103.4207251	680.0903939	PD
58.03312491	64.17454477	51.84471667	35.94170759	0.322666268	165.2301236	777.9637795	T1
49.69498128	51.1441605	48.00633295	27.15636324	0.483221109	117.645336	698.5720809	Normal
34.43637618	24.19372306	20.46621922	6.64896437	0.226449363	108.1528263	629.813216	Normal
80.83862591	74.25977398	66.96530095	38.18368048	0.286289917	141.4614132	752.2889498	T1
569.3777903	76.37934401	54.74820349	177.4115931	941.4907599	127.022373	856.9584573	D1
224.4010315	448.6036935	133.8502332	1189.055234	0.623412331	985.5770634	3464.047856	T3
2033.45051	97.5340259	49.72738656	31.90719108	0.395056553	129.3892194	799.1830203	PD
375.5206533	168.8961449	133.791338	234.5521266	923.2302575	258.1520864	947.0696629	D2
65.19346453	53.81575768	45.15701978	27.71541502	0.452171978	143.4252507	739.9430146	Normal
709.977475	298.1205502	270.540201	499.6148603	1867.859959	385.2492354	1386.239042	D2
61.46163235	65.93976183	56.25321959	34.6579078	0.24088242	150.2439006	804.8254361	T1
653.4683717	237.6292491	197.5637592	411.8208235	1919.226106	331.5485252	1261.446114	D2
60.25578864	47.60815321	34.75966797	25.81451397	0.458495784	110.5131126	753.5883054	T1
233.893196	302.3693942	274.1512573	210.4719966	0.275375559	420.603885	1478.664441	T2
243.011856	328.2000963	269.4109255	205.7404036	0.496329688	385.628598	1380.343277	T2
1082.399576	58.7330293	41.26172311	176.8362777	960.5633928	143.9293709	725.185848	D1
47.7559998	24.61972461	17.52581695	6.775218275	0.235391495	101.6768591	690.0672549	Normal
45.29542945	45.14138645	38.67116411	18.6765984	0.491770873	129.8774873	759.2043046	Normal
542.662301	201.693251	164.1354343	377.4752508	1613.214615	305.7242436	1101.914635	D2
231.3493032	310.9147806	270.2434068	214.1878921	0.199461568	431.6145433	1508.003154	T2
51.39879367	48.83278738	41.46166899	22.81815183	0.338900847	113.6925898	675.8415698	T1
226.6987127	493.6771284	137.5752969	1211.86782	0.618907288	1021.782427	3304.739257	T3
939.0774956	53.28926357	30.66579184	15.48653386	0.45037293	113.3889329	704.9535552	PD
332.4373949	90.93049424	70.12606186	140.1149643	565.4934917	189.9049698	783.8627239	D1
218.1042039	315.0382938	258.2540024	203.2037893	0.345034354	424.9437295	1369.790531	T2
67.54596421	62.7676713	50.45718935	31.5161109	0.33699454	125.1106786	697.4918693	T1
562.4538461	73.28125014	62.85476346	158.1432715	778.127053	161.1642375	856.9355226	D1
233.9836413	312.333015	255.4440375	212.4087339	0.422648969	392.3293598	1483.21902	T2
79.33536125	69.88387703	62.11312662	39.60066418	0.424944145	164.1232794	712.8412042	Normal
248.5101925	442.6274899	140.3891202	1225.871269	0.843821241	1015.754475	3158.809947	T3
92.4396337	86.31858733	69.31627834	53.70952831	0.458122207	169.715756	832.4967718	T1
468.6118314	245.0954831	199.7512284	323.5477012	1097.634245	289.4568375	1210.486911	D2
2185.019799	60.06292064	19.26000651	8.23655998	0.296704339	110.9866559	648.3879698	PD
224.8179011	312.9504448	262.5657079	205.1513809	0.476746781	368.687277	1338.532088	T2
405.0692746	92.39309498	67.07724784	187.3765431	933.2727437	145.7420597	745.3524489	D1
1043.202736	47.4772713	22.51380582	12.0127867	0.262182933	112.968506	628.2054551	PD
1059.808721	55.06247704	27.81521998	179.3978118	1053.083176	107.3961377	692.4285279	D1
444.6844636	169.3918009	136.7223685	286.8392127	1282.047571	256.4533779	1022.651676	D2
939.1119104	63.32398439	37.7826482	19.11606564	0.430094265	110.5966502	728.9506131	PD
245.2799875	309.0889336	263.3773333	203.9060153	0.234458135	407.8484733	1526.049307	T2
80.61351889	98.19068239	81.92969683	54.76379747	0.376452972	183.9039162	837.1740442	T1
71.65548298	64.17901859	54.54889624	40.42667599	0.267699081	142.1410455	837.3178436	T1
48.85372393	42.42528758	38.64159175	22.80595843	0.282430977	125.458204	622.3973184	Normal
220.2702623	314.7620533	260.4018266	204.0477825	0.45332933	421.3180404	1442.118785	T2
242.1791211	302.0528643	272.8921708	214.5689425	0.277190263	417.8785612	1473.523282	T2
239.1466053	442.7562938	136.9404599	1215.965581	0.777055304	1000.271108	3385.209075	T3
671.5946479	271.1717332	216.662629	494.2020261	2000.364611	362.2264695	1386.541696	D2
226.0294745	447.8604802	135.3501017	1198.875832	0.721397138	1012.862517	3345.389105	T3
241.1700246	477.1969483	141.3467864	1198.240814	0.859142992	1016.922603	3358.556152	T3
32.07344906	29.45390987	17.4017032	9.458310142	0.249466328	115.3553772	628.464504	Normal
243.301828	297.2530794	263.4812268	214.3222896	0.44084056	406.9027109	1420.910449	T2
608.0385291	206.0432386	167.7363729	405.4701439	1909.438423	299.4758907	1079.365551	D2
74.64816535	88.34636439	73.97248712	53.08664942	0.269952197	156.427406	873.3004216	T1
72.72493594	70.80985639	59.75346275	42.58795812	0.356248761	148.0780879	872.0111699	T1
496.7408742	98.83451664	79.07089014	218.5734776	1121.215703	178.8994185	788.9406422	D1
253.251556	313.6222354	261.7136096	195.2973253	0.281398546	381.4357791	1378.867681	T2
399.3117492	73.62688336	57.56154043	200.1114797	1019.619799	140.4234168	733.7959407	D1
228.6227876	301.1329138	256.9615231	197.9945154	0.30191815	385.0565308	1443.405798	T2
53.90783095	39.73542289	31.22507203	18.43197605	0.285207703	125.7576741	743.2289025	Normal
1411.243932	81.09419847	54.2208097	37.22106931	0.468481409	148.5880757	726.7011398	PD
226.5652788	323.6697745	263.3092144	219.7847218	0.437300681	381.5221378	1412.631462	T2
84.89623169	93.74723752	82.13571432	61.75822319	0.433913059	165.4216557	897.2766707	T1
496.8782206	82.29500327	64.82981202	178.4250208	902.7347399	149.3644341	773.0994273	D1
624.3821462	261.8752032	222.0609511	445.3571115	1661.884001	360.7461757	1351.887271	D2
237.4590973	317.3885761	267.3855807	200.5420112	0.199797294	401.5133881	1365.323058	T2
622.9566566	77.83275182	59.51201545	173.8295163	924.8688308	139.7687668	700.2692148	D1
236.6569346	420.4707981	133.583258	1226.226433	0.646969877	1007.96492	3482.058558	T3
235.4013432	322.586974	254.8099925	205.790712	0.449260721	401.7351419	1363.655251	T2
869.1958676	31.55205696	21.4724541	99.0110245	616.2458086	115.1084108	620.6561054	D1
243.887749	463.3620346	135.1181661	1195.794961	0.666403766	1025.377931	3359.802433	T3
73.36859765	91.19529458	75.93409438	52.20552376	0.479203245	173.4480139	863.7810854	T1
55.23381609	30.62551099	21.18920247	14.11417358	0.382309439	116.6616785	609.8032418	Normal
75.85886916	60.01969021	58.4461875	35.76120895	0.209528039	128.6986517	780.5010843	T1
569.4748653	35.67468956	25.07878136	100.9180402	607.293325	123.0736636	770.2410224	D1
672.4817116	323.6005038	256.6957156	460.4131448	1813.352051	409.4081548	1411.051589	D2
244.8495571	444.6356632	139.7519572	1209.67795	0.831233096	1009.201737	3528.144341	T3
487.3544243	197.0512981	160.3510588	339.940616	1489.961932	295.8264451	1084.453489	D2
69.23283023	66.13489461	57.80272745	37.79987419	0.358686756	168.6531437	825.3398197	T1
1051.136818	58.81419738	37.61542386	21.7513072	0.372149539	117.1954701	668.5356779	PD
245.0754694	463.4508937	146.6152217	1259.766109	0.647073443	1006.997052	3335.563131	T3
981.6314706	82.54693758	54.99898555	40.53759649	0.396163904	123.3321581	851.8223568	PD
76.25890485	86.56009719	67.21067618	49.8054861	0.447053328	164.0335045	890.0120916	T1
76.43619451	61.34168625	52.84023078	36.47876237	0.259253928	154.9590127	785.5227826	Normal
862.3140817	43.85858535	24.32872269	114.7647106	635.4418956	128.7170783	664.7826731	D1
1677.538282	73.30033542	43.11283729	23.15826805	0.479608599	117.1096437	781.1502503	PD
216.7683705	316.5241313	276.4698637	211.0850971	0.219692721	395.0516544	1442.721633	T2
42.18214283	44.55741989	38.71718706	17.44315525	0.230532343	125.3248524	627.8607699	Normal
39.18930598	19.35355188	14.37941334	5.083866275	0.389252657	105.8348072	612.6366911	Normal
873.0374111	77.88000052	46.54410168	34.21160208	0.359989213	152.2841749	691.3208598	PD
80.03550257	87.75309244	73.84693517	54.16730904	0.354523129	184.6172768	868.0666372	T1
385.3783268	213.1212844	187.3758144	276.7092646	813.1462442	311.8572703	1188.045303	D2
232.9993317	456.9774815	137.7587676	1201.577881	0.858853408	998.1657195	3477.917721	T3
248.7987616	327.385657	258.9046823	201.7207622	0.274952262	393.7048001	1491.05239	T2
447.3327231	245.0892173	203.5237554	329.4917879	1065.970548	328.5531366	1250.708619	D2
240.4265662	468.7558513	140.9558605	1212.46468	0.71445897	975.8524823	3506.232065	T3
239.5892457	451.0276441	141.7478048	1203.357594	0.608294272	994.1805596	3398.613555	T3
239.2983293	447.9281968	139.430511	1230.825047	0.627180468	1038.402461	3365.174886	T3
389.1791013	29.50925373	17.40392446	99.20351329	614.3629382	112.6005156	600.6171998	D1
217.1581174	458.0936921	141.5153938	1194.357184	0.761188352	1034.923297	3348.335665	T3
233.1736907	318.9914202	272.2922246	211.886399	0.270338503	413.5038916	1465.696544	T2
1137.606303	89.32611169	62.65239572	224.2405293	1194.904245	161.1068999	767.6198839	D1
220.2866166	451.8554115	147.2112646	1172.129311	0.798552933	1000.0142	3452.869747	T3
242.1969183	460.3541212	140.3070083	1211.854844	0.790691199	1061.452349	3403.475041	T3
245.5408788	304.1677225	252.819704	216.2817532	0.473060547	389.4409915	1426.283776	T2
828.433788	86.98430798	63.70781923	200.2717993	992.6192759	146.6996879	840.9549613	D1
32.09131787	26.29645802	16.94610915	10.00323144	0.438414616	99.35283611	604.1354937	Normal
228.6156102	449.2508452	144.8575985	1224.151615	0.892242727	1008.344127	3292.089264	T3
239.2371229	428.8732502	143.4116558	1198.933705	0.813576585	1026.714798	3370.004604	T3
1677.693747	80.62337631	42.16293814	28.65826517	0.258827591	146.280969	745.7152515	PD
233.616573	310.1447484	258.4429033	205.6416566	0.243638012	374.7063472	1447.466734	T2
62.79835269	65.32431961	55.63835548	41.0232191	0.205497869	129.421075	802.7039273	T1
92.73104089	88.90450372	76.19710485	57.54119314	0.481703887	180.0055694	892.5149247	T1
69.5579622	84.81097023	69.91049547	48.6250844	0.435190311	153.3538612	753.4861387	T1
235.9440493	466.1094366	138.7780977	1228.818903	0.830710264	1034.211024	3339.355927	T3
299.3523385	70.75682653	55.83460744	38.03741373	0.462441555	144.7310259	732.8590601	PD
366.0806053	32.56409988	18.91650092	9.27343787	0.343496896	89.80996692	701.1502535	PD
55.99672668	53.70225916	48.21582256	28.92213687	0.21586131	135.0821675	704.0281197	Normal
496.9275022	194.8173835	156.4324735	333.3288889	1423.875532	245.2522267	1119.621799	D2
629.003575	60.74323083	40.56389392	21.69944592	0.285961419	130.6019074	671.2455621	PD
240.8349429	314.7121198	259.7983114	205.3465504	0.340570225	392.5884049	1408.761577	T2
542.073939	270.1728435	218.6277388	384.0618479	1442.693491	356.5109402	1351.327894	D2
2363.528013	71.93949137	25.35847146	11.73595669	0.379984413	86.49813807	673.84936	PD
230.9802613	310.8981765	262.4423321	204.2568037	0.203388981	382.5005574	1520.816697	T2
234.4502266	450.6913194	136.1100912	1223.353592	0.734111983	984.1679661	3406.317734	T3
513.5433978	254.3447156	214.6553872	365.1731822	1342.327912	353.1767394	1194.970236	D2
502.0013102	219.0244788	171.1589953	346.1748551	1380.720446	305.0068252	1236.330604	D2
422.0355636	43.11789702	39.97325368	127.9813801	674.8675733	126.8236338	764.2553908	D1
69.81400313	63.94801851	57.47323926	39.11048766	0.318355019	146.7375366	755.9874493	T1
81.40732657	100.6301574	76.30563034	53.32961549	0.396547849	170.9933368	853.0040231	T1
528.8342137	29.11021166	19.88260881	126.1233434	764.0900073	90.70290279	637.4599785	D1
868.7901474	79.67493885	55.40995947	34.55517155	0.49323724	145.1455261	837.8688687	PD
1002.564249	66.92900884	45.98380236	177.3849893	967.6244957	133.3365726	773.177581	D1
66.02171925	58.11231458	48.3784047	30.44427117	0.474055379	147.0054486	708.2222059	Normal
807.0660054	61.38000727	43.55274418	125.3122612	651.7289888	125.2657468	716.7607207	D1
779.2984375	53.55896216	31.92073709	123.232721	702.9191106	110.1016404	673.6354167	D1
1093.379506	72.95994463	45.08103639	151.9995952	816.3990897	132.1660602	762.4826997	D1
470.5215103	316.0106966	259.9032962	342.8801425	884.5566063	397.7551619	1473.637384	D2
246.6005673	309.940311	263.3559606	209.7833647	0.416085417	411.3534398	1489.303702	T2
1381.802709	50.23710483	21.92959056	7.694627865	0.2160716	88.05410364	642.8761953	PD
32.16785063	27.23086063	23.18586223	7.264663478	0.358662278	115.453726	657.8494842	Normal
248.3426576	441.8884391	133.4753857	1185.29324	0.879321223	979.5046613	3389.02975	T3
218.697566	313.1190152	262.2034587	207.1555651	0.20115984	379.7028268	1350.631543	T2
76.3342974	63.90166285	50.75613212	36.72496818	0.38567428	125.4926159	746.5604198	T1
482.5057606	80.10577337	66.24122384	206.4233948	1048.489539	186.8166854	739.4086381	D1
462.1250331	204.4026668	169.0831537	309.8628688	1239.090132	282.1795514	1101.193548	D2
228.9147574	329.9371818	257.8265028	200.0739866	0.269512509	412.8512377	1429.262295	T2
218.551382	469.6640012	140.3533657	1214.246364	0.871645631	1001.209052	3309.135886	T3
224.2920589	452.3814534	137.0572163	1215.570659	0.781434501	1018.680007	3349.450565	T3
511.3673646	57.55427209	42.45901262	195.9138501	1069.765164	117.3298427	709.8399321	D1
228.9789623	308.4141432	266.6397421	216.2538457	0.280535396	407.5778248	1486.665529	T2
33.76718659	33.75586045	27.23884712	13.85870704	0.260791658	109.4218462	636.1107102	Normal
364.4663361	80.23231476	65.94388222	130.4348151	567.3643124	144.0685461	795.0480663	D1
74.61503482	94.56535995	70.37881597	54.4899798	0.348536198	166.5624395	730.7098014	T1
60.07893591	46.49596321	36.14953395	25.87375083	0.334888876	122.6751423	694.2402937	Normal
554.2646037	226.8297192	199.625108	377.2382462	1519.274436	307.2127112	1170.390993	D2
910.3286408	44.75535161	30.59437591	196.5118439	1182.596697	121.5738313	744.2031986	D1
913.1402784	70.01373996	41.93943218	26.84180152	0.386634655	137.039769	743.2347034	PD
683.1662454	265.8193476	229.3054171	446.4326532	1843.134495	347.8454637	1253.964026	D2
40.68617166	41.34124582	35.70023243	19.8830281	0.270697261	131.228352	786.7068387	Normal
2139.445813	63.94736196	19.85688883	5.415399623	0.3344023	93.18626907	619.9332819	PD
245.9528681	442.9317361	143.2749381	1223.897101	0.874835948	1001.033757	3365.335536	T3
225.4063197	299.9034301	254.2221525	202.1454946	0.214373944	408.470747	1382.676598	T2
76.31843575	66.69340036	56.62548733	36.76225064	0.343603148	135.8316094	795.3482838	Normal
242.0290968	315.6962732	273.0200643	198.1926879	0.270553502	411.6201152	1434.061785	T2
991.272535	68.6651859	41.32790845	129.9181709	686.2258136	138.4755897	783.4632435	D1
241.9452761	457.6812295	137.9844572	1224.67612	0.605638303	1028.780594	3439.314668	T3
239.6267783	443.0538563	133.5749993	1244.406117	0.865272083	1011.10517	3273.881217	T3
229.4292606	439.9356454	146.1161943	1184.526245	0.828954593	1030.397185	3381.24052	T3
238.9389234	467.5252715	135.8170168	1210.544584	0.652653449	997.6127368	3367.20641	T3
77.4497824	74.82136211	62.96693672	46.8225881	0.305648534	157.0707421	765.5815336	T1
49.31221985	54.001568	45.23464513	27.68657985	0.34075716	137.4746339	730.5801402	Normal
2217.475	101.7600401	48.77463438	33.87762977	0.362413332	144.8053431	735.0633058	PD
40.53658962	26.92156315	21.14765558	7.033316328	0.510218425	109.431208	695.9872939	Normal
980.6248978	103.8399002	81.26274314	167.6836952	834.330431	168.2003279	856.6486866	D1
229.7264672	462.5669296	137.7965401	1232.863577	0.689831624	1025.51412	3407.885744	T3
912.2824217	61.36659642	43.09134584	201.5229559	1170.916777	142.4705398	706.983742	D1
235.7995028	459.389324	136.9569549	1183.704884	0.598150165	983.5964235	3324.053772	T3
225.012558	297.2107937	267.3025094	213.4701741	0.481524156	403.8415609	1392.586155	T2
221.6310786	308.0473253	258.1660852	204.1860921	0.221185413	417.8808434	1504.459967	T2
56.82274168	59.46354548	49.29376719	30.88363281	0.349779701	137.8265018	714.7816917	Normal
66.41521195	64.79380227	51.86151597	37.93540641	0.473526222	125.5006953	753.5678244	T1
45.61820676	36.96276707	35.25003534	21.31049385	0.222405973	112.4423418	730.8384099	Normal
40.17555464	27.51943447	16.76050273	7.548929026	0.302424296	118.3424179	589.3566661	Normal
1070.205021	90.98184058	66.80517381	191.209993	993.5695854	173.6265844	781.879745	D1
1053.381989	110.6630519	73.73135206	201.2638818	968.9808865	160.1161359	825.120635	D1
344.0523156	182.4217057	156.8714672	259.8049428	858.92695	265.1395845	1072.868878	D2
47.24160975	27.41398527	17.0991827	7.554251259	0.329642578	93.63529728	700.2056946	Normal
230.7544418	309.5189961	261.8000092	202.6017732	0.23739301	392.5726719	1471.406645	T2
34.25332883	23.2533458	17.08465992	5.307246134	0.360038777	83.18980321	750.1706896	Normal
2011.074644	79.7423174	38.99523731	19.97280438	0.51311549	98.38823949	670.5093533	PD
629.7332023	251.0358452	217.062399	410.8692149	1678.90093	341.2061715	1271.358061	D2
243.0785603	455.8739566	145.2416884	1240.78773	0.660560881	985.2218388	3349.981356	T3
402.1234349	160.4198798	127.2229171	269.6612259	1214.728533	226.760209	988.5002405	D2
237.7987926	316.0671798	260.3572141	202.7974134	0.345302598	411.6917283	1436.914788	T2
407.2731033	40.33336262	24.87947923	13.04773679	0.461240671	92.71788871	655.398693	PD
1114.085294	84.15537085	52.84153145	38.01465308	0.480438351	131.2998972	698.382859	PD
62.07962131	51.5044594	44.90510178	27.92302164	0.434735875	116.6879671	775.3369138	T1
617.9309842	249.3725594	203.6114961	422.9230592	1814.10375	317.7370815	1283.753508	D2
218.6466031	465.5190811	135.4449314	1228.788851	0.682721597	950.38556	3539.033462	T3
1726.704975	75.06801974	48.2309775	25.70544819	0.404017977	148.5451417	747.6370822	PD
375.0815224	39.42709008	23.75335644	152.3017935	858.5204743	89.76967149	674.5941289	D1
330.0803403	55.45296683	44.88826822	106.4924992	478.7924781	141.1082278	746.2088631	D1
983.851096	73.27128412	54.35005293	122.5616877	566.2811725	134.2801415	731.5526962	D1
241.4990952	444.6123571	134.0671897	1205.278547	0.819533674	966.9395439	3547.400009	T3
54.21152926	41.59375404	28.66472829	18.00282601	0.35786828	113.2793247	646.9671877	Normal
385.1067178	35.68294846	28.01417291	178.9394414	1099.867959	105.3765436	719.4722468	D1
2091.747906	82.58141081	43.07216455	27.02881595	0.339901967	127.9459726	741.1313083	PD
78.76533617	64.82449563	59.04893922	39.72650776	0.389455561	134.1937889	841.786333	T1
659.5206625	284.882533	242.7073147	482.1624478	1862.090278	366.7705005	1343.530799	D2
233.0421846	308.696656	255.4461766	208.0687849	0.221343023	371.68314	1514.271585	T2
605.7493059	244.5309975	204.5019066	447.737498	1667.03204	355.3457965	1383.127317	D2
374.11362	45.51865601	35.90805339	22.02243551	0.379602736	106.5916087	743.4584873	PD
685.7172994	259.5901531	213.7917841	447.2783477	2104.874928	355.1399814	1356.356093	D2
1234.748989	56.02252103	33.96984254	15.72029341	0.488221365	94.15692338	680.307463	PD
238.3078676	455.2517087	141.1709369	1165.727604	0.671449979	987.6319527	3327.622156	T3
223.6421683	433.6916347	141.0234104	1184.870224	0.782840894	1039.107474	3493.423216	T3
583.841676	298.038929	226.3688012	425.951976	1475.335767	370.9816212	1354.167967	D2
227.7048561	310.552129	262.8941011	208.4328262	0.437982069	406.1574003	1487.760373	T2
242.913318	301.621022	260.0957732	212.0808523	0.286362606	415.8952958	1534.317121	T2
845.759845	46.25119306	31.68502825	17.49855168	0.266848617	103.3076603	636.2960126	PD
232.5335809	458.3491943	141.8202315	1175.834506	0.657510113	996.3395292	3212.282609	T3
54.79985092	62.41798969	43.22655362	27.73285128	0.337975546	132.5318643	785.4083465	Normal
229.2398813	304.362839	250.5680295	196.5002976	0.407820574	387.7023715	1507.28761	T2
1077.596187	45.61215593	17.28533894	11.94125138	0.218807701	117.4283873	588.5884871	PD
236.8140299	300.7049744	251.83665	220.7472797	0.490667215	416.1123337	1385.798122	T2
795.8646888	49.32652762	30.32753106	13.69894189	0.242353281	121.6044302	631.8137831	PD
415.8251038	258.4922144	210.3189193	313.2415814	929.7485168	337.2716118	1315.41772	D2
247.2004917	462.9678059	139.3065749	1229.600419	0.625773846	998.6069886	3413.93123	T3
251.157164	313.5363468	247.1586081	207.509925	0.398318907	395.3476304	1381.386277	T2
63.03472715	57.78628938	43.34022387	32.15514948	0.478532815	145.5433683	703.2056815	Normal
40.12228042	23.77435277	20.75457412	7.856256964	0.207038697	103.6393125	616.2114357	Normal
72.13408369	71.73574841	67.96790743	44.26902785	0.316444532	137.5157514	858.360245	T1
2362.240046	100.9583801	45.84382069	31.39928482	0.2686599	116.5574239	852.0921304	PD
58.13232197	41.53823119	31.34433889	19.57414219	0.265349097	120.6544142	684.7000323	Normal
570.6479255	78.31646035	59.50390791	121.6893538	555.5474084	170.2900525	746.1406512	D1
49.75792824	22.66482019	16.04431445	9.372198394	0.515097395	109.1341621	602.6276688	Normal
682.1624703	91.79499517	64.78866065	122.4908622	498.976245	157.9453262	842.1149831	D1
382.9861277	67.51598514	53.14662969	105.2468832	490.3287699	156.6345315	741.5453472	D1
82.34301632	72.49041099	55.56795646	41.247033	0.264726438	136.6897245	769.6311436	T1
238.9464168	445.6615977	135.1516961	1180.34309	0.751884631	1013.598112	3225.938815	T3
350.6585768	65.36040929	51.46753467	168.1257226	936.8686101	146.9402647	703.5788065	D1
241.2106381	298.6159636	265.6390416	203.6859459	0.40943474	392.3576859	1470.832273	T2
40.4717059	29.88558909	26.0563543	14.12263889	0.397677422	116.3388671	737.3347335	Normal
425.3364889	57.14065747	48.19995375	155.7316144	864.9757542	131.8262705	793.7221822	D1
61.16882597	45.22045248	36.35955323	24.48693887	0.411741396	101.3907175	692.5009994	Normal
230.6900258	317.7775279	263.2178017	209.7921315	0.406209512	407.7070224	1389.394305	T2
626.1985015	53.50143891	37.36479428	169.645557	947.7758655	147.7760109	737.8978588	D1
238.2557681	471.5056471	136.7611515	1203.214191	0.786908496	1006.204641	3267.966337	T3
238.5709157	446.0613238	142.6023871	1240.793801	0.833535667	1025.188801	3330.680198	T3
41.4313755	37.89691315	31.03644974	19.32918492	0.368845678	129.3054995	715.7767815	Normal
70.98101853	78.46115175	60.04190343	43.0420314	0.257682463	171.2274249	777.2031282	T1
233.8904403	464.3550958	135.6072613	1216.626352	0.710518569	1026.165683	3333.717622	T3
77.13804062	96.05728301	79.87298576	59.03883296	0.399880439	160.8920772	872.5517854	T1
46.18072196	29.96470428	32.74998908	17.48121499	0.464132125	125.0762207	743.8609461	Normal
643.7667605	256.4387002	201.0710973	441.8008184	1903.8546	334.0803228	1266.432795	D2
247.0877035	323.8275599	259.8455873	203.737112	0.36932153	435.4353969	1385.662465	T2
1029.630949	39.08037502	18.96414471	145.4162346	904.5681817	96.52773041	653.5640888	D1
315.1451189	45.03104649	29.30325826	101.9576048	571.6189471	117.9953678	695.2623662	D1
238.2330953	318.2999023	266.2304351	208.2527282	0.395238534	367.6562805	1305.93758	T2
44.55087271	24.76895087	20.76964309	7.405188448	0.271933527	106.3738381	659.8198534	Normal
241.6638589	446.6520653	132.9996852	1213.256726	0.800507751	956.5272691	3499.886497	T3
1788.763084	58.20505326	19.52494813	7.259387004	0.420162613	93.81919865	593.8590002	PD
644.1705795	39.11025927	29.12522925	185.0085634	1196.165342	102.9006114	725.4121579	D1
62.74526971	70.25709834	59.7915075	41.53898464	0.480021217	134.6666688	879.0418349	T1
61.56292379	54.13939712	38.1217122	26.9302621	0.481540431	109.9495441	693.3444617	Normal
400.5917357	220.5909172	182.2464343	288.02044	894.1851521	302.3735575	1155.003157	D2
246.9617662	441.832424	135.789534	1189.261046	0.709963079	1050.441647	3565.382422	T3
66.44227829	64.2903158	48.59223619	35.01839786	0.301437669	147.6597592	769.3702657	T1
1347.558522	70.55048934	37.48245705	24.39644626	0.272162946	109.4230813	756.6931242	PD
984.9784879	34.16572733	16.21694549	154.2333714	943.0829667	86.75132341	660.2273498	D1
557.616302	294.5933552	242.8961654	378.7200777	1335.418989	389.7984012	1443.077283	D2
627.3432694	296.5568538	246.2091768	457.3799679	1734.297366	354.2694173	1344.692305	D2
505.9091524	307.9215384	247.0747295	350.2667318	1055.305392	404.4725816	1402.781237	D2
88.58435809	79.56991068	62.99208399	45.91075966	0.476591292	165.6913015	815.8837811	T1
35.95136862	24.68185565	19.09422821	6.093761041	0.467742178	102.7696866	676.1916897	Normal
64.87015724	54.66253689	47.40893896	29.18390281	0.368736512	131.5913402	698.9551403	T1
242.7063024	455.7070659	137.9795158	1217.895044	0.824170283	983.6368313	3435.381117	T3
68.21512597	62.72347255	57.04409515	34.55184196	0.321156406	164.7389102	750.7765264	T1
433.9313156	44.53174121	37.60218656	162.696174	934.1502901	129.0077469	698.9982715	D1
248.9923129	309.1126286	258.2637026	204.6450212	0.281865175	403.5433607	1505.280511	T2
606.3788461	178.9396079	151.3593048	393.0446629	1874.817734	242.417582	1050.687274	D2
242.23708	283.7870888	262.1584329	214.3826172	0.482797025	404.089902	1442.390996	T2
51.98610643	47.73303077	33.05230989	19.39224013	0.340380196	129.8833376	739.0763357	Normal
231.8530321	295.9528885	268.2013661	213.3073757	0.388283346	383.7584682	1439.888021	T2
244.4527738	310.022124	260.3121865	214.3599729	0.261631655	394.5072537	1444.76537	T2
62.44115891	59.0324416	46.89137655	34.08251447	0.424014045	149.9743366	746.6338	T1
1391.713251	45.46162585	22.55537879	8.56751953	0.507492701	85.7219219	574.4311302	PD
971.7718076	34.06648327	17.05387094	102.3864069	673.1363765	99.55894989	729.1857587	D1
417.6009304	63.45272762	46.36191591	192.025754	1082.140474	152.9623594	725.6878576	D1
234.6003073	462.0253947	142.4780683	1223.869929	0.848267201	999.0107478	3276.67889	T3
236.5572313	304.4405179	266.1323102	198.7358945	0.292090485	407.017298	1434.919916	T2
1008.999037	48.18444734	30.16649063	128.4777994	717.9131849	120.5147175	696.3991586	D1
57.33220348	59.31003556	44.56565329	31.99400767	0.24925451	115.6751466	687.5700374	T1
565.4279181	89.28691856	78.35838555	150.2600592	682.9460117	171.9037939	875.5049528	D1
228.1443835	308.6665441	254.0122276	198.5578065	0.428222442	417.5635335	1437.958791	T2
643.9650529	46.34126736	36.40176148	17.24208154	0.271821043	110.3898662	622.1092776	PD
657.9755629	212.9214009	176.2214267	429.4946178	1966.322708	312.3682488	1236.702748	D2
378.9557882	92.76302083	74.28700895	111.3142226	411.8954014	189.033235	769.7541529	D1
85.46587796	75.65859695	66.76638543	42.05785838	0.361134867	165.7653897	793.1399914	T1
497.6932585	228.8998464	188.5361317	342.2861393	1202.46687	303.844959	1204.988445	D2
245.9671366	441.3531715	132.0189683	1209.566982	0.846094588	970.6478743	3450.994162	T3
67.33134151	66.75557517	57.52558713	37.2468417	0.430278044	127.8572936	723.6023695	T1
57.07534176	58.89308378	46.74382569	30.35872832	0.297469673	116.6619341	672.4899259	T1
230.3968236	309.9163531	261.4920245	197.9457789	0.397595686	405.291412	1387.786816	T2
43.14613148	23.51466259	19.32577189	8.495580772	0.453007894	91.81485071	579.648023	Normal
64.1902926	56.64781534	46.24415193	29.13019588	0.481493219	142.0443017	823.9561905	T1
683.7111707	236.850265	214.7411129	454.3485996	1987.585759	318.9570863	1224.433522	D2
86.19719746	86.55690342	76.15359428	54.41463353	0.262385173	154.3509744	899.5992419	T1
53.27718379	54.51752845	47.6633997	29.72344623	0.393764239	143.7153378	745.1508985	T1
2275.673501	78.28137226	30.99783295	14.3141788	0.325218194	105.9186173	631.0412188	PD
561.0806586	302.2396965	242.5462568	415.3281585	1459.321834	374.7812222	1356.672443	D2
886.4517808	81.80331231	50.89562767	188.6839124	1014.114003	146.6509769	697.2426787	D1
224.1830863	298.4837695	248.5338371	216.0539317	0.234177396	402.0470748	1391.793035	T2
40.94252638	25.80617455	15.68711187	9.079015199	0.464691246	82.62346414	664.0135695	Normal
36.6908457	27.97149389	20.2793269	9.465963223	0.382714691	82.02879799	603.2841176	Normal
232.1945371	440.1905781	142.6403071	1186.918223	0.644846014	988.6958005	3532.247577	T3
2027.243902	68.81280654	27.95202874	14.44263317	0.468557584	113.5111287	666.056332	PD
467.2974259	85.65026657	72.27106242	182.7021364	894.410616	173.314919	855.8912771	D1
563.1261538	168.7957133	147.0489633	405.4582638	1878.481901	236.3895398	1073.077286	D2
238.4585241	465.6934952	132.6942535	1174.265634	0.642842639	972.5486928	3325.559697	T3
52.26171969	42.13977395	30.23153173	21.39631143	0.364991854	104.6559745	782.3812982	Normal
1448.196101	61.43470172	36.52577826	19.97355002	0.364436315	124.7691101	774.6756204	PD
70.32712677	62.31077692	54.239178	33.63063048	0.232358807	150.9249848	784.2239557	Normal
66.47518059	69.94113986	60.14149189	37.57966507	0.46341586	136.3777223	835.0787288	T1
454.7020644	25.44284217	18.64954735	170.5849487	1089.995081	95.37311218	638.2821161	D1
31.80936011	23.97299103	20.00831333	6.560349437	0.45914083	121.8576529	605.2980442	Normal
415.4491846	240.5350163	194.8274136	303.2931712	1067.718037	312.8170743	1239.266535	D2
78.8720189	87.53599934	67.30493856	47.79422215	0.473213381	149.86307	793.3559964	T1
636.2086344	166.2489376	151.8251725	396.2544694	1943.171822	263.8617963	1124.864926	D2
46.45202882	31.53136246	21.90769266	11.38019942	0.232216857	107.7135088	693.7072477	Normal
2112.154562	67.51207784	31.80392517	16.3071599	0.230283636	109.6603336	723.7171891	PD
74.21333584	82.46085524	59.11640282	45.97505233	0.507676376	150.3751002	870.1075173	T1
68.34413079	53.2533259	46.53418962	30.32318806	0.320888522	142.1580253	739.3279505	T1
520.8891481	221.2420787	181.6561862	350.9684973	1472.924324	275.2265858	1247.700258	D2
923.7245413	45.10096299	30.12131888	12.06106577	0.366782986	121.3625634	707.8919073	PD
241.0225198	333.890916	261.9910859	208.5254243	0.393736016	420.0346016	1416.806459	T2
75.61531122	69.52812716	55.31769134	36.21400541	0.249657624	148.5439419	784.1109212	T1
367.7780386	56.5782669	40.84667682	28.67404936	0.349217074	115.2206107	653.5629687	PD
33.06200019	21.71312843	21.65312993	9.29425735	0.240085501	103.8510178	735.2182763	Normal
619.1981753	256.1923344	212.2257259	458.8354132	1776.746875	319.808487	1285.683459	D2
719.7812479	42.35308593	27.98884198	13.0778616	0.3472616	100.0755241	657.4773126	PD
56.33094746	45.64891115	44.04309566	23.07180004	0.208899211	140.7567087	655.2992589	T1
44.48072347	26.41059512	18.1677408	8.04279873	0.34332226	116.1703819	579.6588885	Normal
66.99336684	64.09787878	59.92144773	36.74488412	0.37364454	151.4927277	840.777814	T1
67.07977471	65.86836574	57.81449841	41.17372803	0.403247325	154.9381352	742.1722706	T1
972.6923791	62.65792024	43.05176822	129.1874518	700.520611	122.418481	710.2173697	D1
490.4684883	76.17725872	49.52706272	35.77208003	0.471138025	162.5616723	742.6357958	PD
653.7595129	37.85804633	21.12937023	85.55374698	522.8601798	85.98781191	704.4867335	D1
712.8052684	302.2388734	278.8522853	514.0775954	2040.731053	407.7438215	1400.697243	D2
1329.141931	39.36525464	19.44914615	5.518050108	0.438914974	116.6456239	737.2621972	PD
78.41725224	90.75300897	76.45121235	54.07747445	0.442325392	160.2362423	786.9406178	T1
578.2488347	203.8023172	181.3280941	376.3734341	1697.625805	306.495623	1100.473828	D2
242.1777352	311.3735655	264.0766858	210.3386633	0.302968031	380.6631925	1350.33136	T2
619.6316725	176.0735116	140.7003063	422.524469	2011.582769	231.7861385	992.8501719	D2
768.9688224	43.36198237	26.16474383	16.25273717	0.324237968	106.0591222	734.4444663	PD
61.6019156	59.46747008	43.59774948	29.12657331	0.318587765	127.4041058	765.4575686	T1
74.46120884	69.77469328	56.79876385	39.19368598	0.217142078	156.7440234	826.0408551	T1
973.6048224	69.2516957	40.50348526	98.321456	473.1673369	110.4432717	803.1069583	D1
592.32086	30.70388893	24.06261864	81.36773206	459.0915328	91.72876283	646.2676316	D1
235.0384343	312.5339588	268.7213994	208.3357841	0.360767969	391.5156613	1419.747423	T2
891.982984	88.41288341	61.99889348	165.1374849	832.8195919	147.1827726	789.1421512	D1
582.7812367	275.2130478	243.7562416	430.9315776	1571.02325	340.1262514	1310.631354	D2
453.3846279	227.2046889	182.7415208	322.754499	1172.245526	302.5052038	1172.906226	D2
225.4826199	312.0302947	256.8149513	210.1169662	0.408520432	406.2811431	1507.242017	T2
58.57379492	36.28028609	28.85724617	19.62553298	0.30361751	103.6334515	718.0218307	Normal
867.0657642	48.01247385	30.30379904	14.37644796	0.442386759	118.0498445	635.5070422	PD
1468.054578	44.48337056	21.22828838	9.402146118	0.215783102	97.00622786	673.3259313	PD
226.2446802	461.4032487	142.6740651	1245.758091	0.634319591	981.0610832	3380.997894	T3
241.7193651	428.7199082	136.023831	1211.621202	0.677075447	1009.997832	3441.332419	T3
281.6360153	32.5912713	22.34397119	9.210419939	0.376065728	90.6441493	684.2960977	PD
2369.896843	87.87552376	46.80485685	25.91964537	0.41583092	147.740988	691.4586332	PD
839.8146332	63.80357435	41.74192788	96.42784664	471.0162012	135.4883064	770.6427428	D1
41.19740704	38.10817805	22.50610465	13.16841815	0.290137937	112.3198938	755.9682921	Normal
60.89981476	58.49570971	48.81561516	30.44145056	0.330031154	129.9039679	680.1681174	Normal
240.9882836	325.1478839	261.0731616	198.9736684	0.481615247	392.7329362	1461.436837	T2
241.5077541	461.976371	135.2180927	1205.735094	0.835543054	981.7792435	3351.451054	T3
358.1431584	197.4034349	164.144437	261.245239	877.5691321	294.7002989	1237.819696	D2
30.79497729	28.11950491	23.36980676	6.091415881	0.291435696	96.13690718	656.3066591	Normal
56.31460424	32.76165345	33.21072362	15.35106562	0.326566501	120.077553	744.7861036	Normal
238.5326298	461.3761239	141.8935233	1234.800471	0.780586684	991.4265243	3462.495911	T3
78.27469272	78.60010096	60.03581058	43.10582647	0.25750666	138.4435824	788.0551868	T1
47.06777889	23.68759797	22.73535224	9.35013669	0.458245226	111.1929795	706.9476771	Normal
445.0720015	218.5972428	209.2588221	327.4620121	1065.518531	306.4313673	1266.138651	D2
494.3459859	29.84441514	17.52441809	108.8080077	713.3431913	108.3245322	737.4830759	D1
91.61265117	89.66912356	75.51817483	49.95673104	0.43154801	168.9478352	944.3863685	T1
93.07771204	99.9124113	80.25207803	56.07131854	0.449146	179.2337467	797.17555	T1
440.8203035	58.680658	40.81171135	25.42406202	0.207459748	132.1433438	777.0731191	PD
68.28763074	72.4621711	50.36677053	35.56954139	0.263751643	139.4382954	770.4674489	T1
50.53293735	39.71494298	28.70693022	17.99490824	0.444868723	106.3698037	648.4104274	Normal
481.8300076	281.894257	220.9340622	369.5061745	1145.10814	365.9272122	1307.873083	D2
240.8770855	464.1934057	129.9326636	1182.271422	0.877599413	954.9890743	3364.38448	T3
667.8344709	288.3734769	243.9062471	464.1725032	1830.247707	355.1773943	1388.423056	D2
235.4967897	323.3473629	266.7797182	209.4970921	0.490261349	376.3019168	1454.310886	T2
71.49521226	69.51442635	67.70300381	44.15301996	0.304304185	148.3965396	757.6861882	T1
225.7023812	306.8775755	251.7177438	208.4950594	0.402995857	382.9277949	1452.074216	T2
234.3849311	463.2948417	135.763808	1224.061749	0.621228365	1042.631287	3297.165038	T3
223.5503072	309.4402979	266.1123237	198.8693911	0.396360778	412.6189523	1386.958442	T2
40.41828101	25.88443131	19.16459361	5.670492957	0.34152447	86.82717248	694.9726938	Normal
783.8077405	54.15162064	31.55077145	108.8868141	596.5357156	113.3920967	706.135797	D1
88.34195061	80.75275889	70.3902781	48.41473826	0.476008913	137.6345895	784.5654849	T1
241.2741213	311.5933012	258.6457294	209.7864194	0.288810842	401.6020147	1423.488382	T2
224.5765741	474.5946169	139.9707889	1200.662915	0.606886395	980.39876	3235.431197	T3
102.0878441	101.7844375	80.22872901	59.29779282	0.455100672	183.4828823	880.5137915	T1
451.9163725	274.2762317	222.4913442	334.3643118	945.8964337	369.7692723	1365.91077	D2
43.34824841	26.62369349	22.08143548	10.69137512	0.319589044	106.9313616	599.6532035	Normal
224.7347119	301.6279954	249.3606762	205.7538764	0.253625759	417.5911741	1505.832592	T2
232.60004	441.4396716	139.619664	1181.133091	0.73540793	984.6162633	3409.702673	T3
58.94507267	68.96288925	53.40187411	36.42138105	0.243181142	145.4595365	727.7884353	T1
29.87516966	23.93254974	24.49077536	8.165432037	0.310973984	82.83351656	633.3265177	Normal
1466.761673	58.44013897	34.4989908	17.45131849	0.469959196	107.2535438	724.0597556	PD
65.80370723	59.5155819	42.75107135	29.62195648	0.403348166	119.7137609	792.2242253	T1
708.7145749	70.51530878	51.36941319	149.6424295	786.2899937	135.0575571	724.7542368	D1
1135.373768	42.80139807	15.20704053	8.413934249	0.394574512	99.01743206	607.5902979	PD
231.9673939	432.3997384	131.2678033	1169.927695	0.793045832	1009.100159	3424.123885	T3
236.2446516	303.2489287	250.0450022	204.6924575	0.328993234	420.3479158	1355.933602	T2
2113.628348	61.68992196	15.02333654	8.087558417	0.319016783	98.29044352	683.230896	PD
580.363873	201.9992434	166.8370937	376.402578	1752.148383	277.3510883	1142.491855	D2
527.2636195	258.9308493	217.994646	376.9458078	1301.555074	337.8185714	1296.480303	D2
81.41737406	75.4439387	61.43934174	43.71451453	0.26915007	133.2134309	807.7048894	T1
433.0045107	32.69267339	16.23731222	8.999259934	0.297315332	89.65829749	631.7229597	PD
36.04700307	28.24064753	22.29156766	9.711633758	0.232849124	94.25466966	627.8866879	Normal
251.7012106	311.612897	271.30962	197.5739681	0.213129686	383.1414102	1425.683022	T2
37.35324213	26.20403243	15.12765652	5.551306898	0.374739844	104.910715	596.1052905	Normal
1030.918461	50.04605606	32.1455014	15.89093179	0.277419977	127.0493558	654.4521879	PD
40.01000675	26.54956565	25.23183476	11.74852396	0.211085343	86.70639518	724.9833467	Normal
83.00708292	84.31002143	68.30327126	48.84855572	0.337488321	172.1899085	766.4865498	T1
1012.135314	75.8960917	47.98493846	174.6239266	959.1938174	157.4142717	718.2933258	D1
394.9401373	228.7303063	182.9981753	261.9926786	852.5303529	315.7023338	1210.827358	D2
58.22494356	43.64828278	36.74640688	19.66523323	0.297776266	134.4752078	723.1010483	Normal
71.03625718	66.07784329	59.28103403	34.05286917	0.286419348	144.8136446	717.1672899	T1
240.6233628	316.442411	257.0318767	204.5727646	0.380191369	389.2595044	1443.733538	T2
66.06579342	62.62147073	62.72625993	40.52207736	0.336850173	159.7878733	788.6247263	T1
553.0363404	37.74533542	28.04678404	153.2271519	839.3600359	120.0781746	657.4238164	D1
807.8331976	68.95614678	44.83332594	132.7888909	708.6612804	107.717446	659.5366094	D1
58.82576557	59.98551784	44.3781388	30.62365501	0.393881396	121.2809789	713.2410823	Normal
236.646539	453.1479388	142.6873957	1216.720511	0.623885656	997.8073103	3307.244762	T3
544.5051542	311.1033739	265.0362728	399.0447069	1249.009779	393.9765573	1364.207603	D2
711.4182134	261.349396	217.0681459	487.8471965	1991.770426	349.5026842	1308.673082	D2
64.46885869	51.27823224	41.22169089	26.81156472	0.405112378	149.751844	761.8931924	Normal
626.7990737	249.4564912	198.9502563	421.794635	1824.502105	324.2281991	1295.86602	D2
237.4259737	318.4024096	254.7471121	208.8692888	0.284136796	386.5275159	1419.054903	T2
76.27184094	70.33951195	56.32058748	40.33496132	0.496783456	162.5704507	755.8662197	T1
529.3729517	84.70390859	64.64624381	124.3010541	503.2796115	176.4001954	828.4549145	D1
44.73371032	25.73920394	23.90164093	7.819603203	0.343426832	96.76642612	723.4960056	Normal
239.2966612	460.855831	138.8209506	1131.869291	0.61068113	1024.061744	3352.61211	T3
278.9882553	31.19000595	24.79113802	8.22724821	0.45055224	90.95013005	663.8906924	PD
54.13111947	37.10450373	28.40432679	16.68715919	0.493442098	103.0016058	735.68937	Normal
377.7080541	75.75912996	59.03982436	131.090138	581.2960107	142.8693378	810.1121867	D1
551.5406633	190.8144712	159.8837646	354.968404	1639.618251	279.9146988	1183.307109	D2
229.0256678	461.9796053	136.0100932	1199.315871	0.766699326	996.6841148	3379.281063	T3
227.2327106	309.5564649	269.2733916	200.7925914	0.434428419	399.8368793	1348.930541	T2
274.6513436	37.6650128	32.60958815	95.79654899	535.3493664	103.7714706	711.1184608	D1
206.1574582	315.3480724	258.6792789	202.3527332	0.216980935	401.1526525	1377.343866	T2
440.4625634	255.1631088	204.5143918	310.4422162	970.1195093	342.2742661	1291.831421	D2
43.85304997	27.19227235	25.99066213	12.20021745	0.456038732	122.2661798	599.1372355	Normal
68.12409565	82.31520822	63.83052689	46.54709681	0.480762899	150.9152275	793.4100088	T1
727.2263293	35.63621778	17.62816217	131.6140425	795.778589	102.6626138	661.4296466	D1
80.80419728	82.92405765	72.33821687	47.90090992	0.448571437	163.2949521	867.8306281	T1
726.0855234	93.63996853	68.73793474	196.2833471	1055.972888	161.1629105	756.0576651	D1
789.8077962	53.46646122	35.3964734	89.42286293	447.4580258	113.0878934	727.9322349	D1
1082.223802	69.11954477	37.84461545	27.17348869	0.358158116	118.4658776	694.2368104	PD
1250.1158	44.62822391	14.78976951	8.116929625	0.195221213	90.20824596	658.0117997	PD
468.6339542	43.86157516	36.91663884	162.5632244	916.2991449	117.0951827	742.8486544	D1
61.44669665	59.96389677	54.2774138	33.83974869	0.316843095	148.0441656	717.315639	T1
237.116781	462.9939526	142.1426358	1186.752829	0.624988396	1028.9563	3399.362557	T3
249.7761112	472.2890466	138.8582331	1233.450482	0.780703871	1021.647128	3407.546269	T3
64.91342033	63.88912842	50.45903338	32.27924227	0.414233973	122.9006157	735.6053671	Normal
61.06665588	43.17970643	39.44728122	21.18978735	0.374003383	117.8573417	699.2789885	Normal
242.5397827	317.5353055	264.3251307	206.2543248	0.489264585	418.3902357	1443.453666	T2
219.9814732	458.3488115	142.1072238	1173.124427	0.798533787	952.6713573	3388.908343	T3
96.62457948	96.73737291	76.42933763	56.94056186	0.290099578	164.4306396	927.1735451	T1
249.943212	452.0842272	140.9570329	1231.813759	0.768966791	995.2789461	3253.906868	T3
638.8201082	232.8069298	195.1023546	442.0965144	1909.518531	323.0093165	1299.87682	D2
238.8654035	464.2903072	137.5398604	1179.409745	0.633807671	981.0496708	3404.291762	T3
234.728287	316.357602	263.3618335	190.800467	0.446883768	385.2623705	1467.615232	T2
234.9301044	455.7899816	134.962506	1236.805501	0.8384377	995.1080116	3272.595302	T3
1803.617981	75.73242382	43.53902874	26.74910876	0.291829605	148.5189048	795.3650296	PD
252.4184209	302.9726438	260.0893267	207.2932003	0.406191115	389.9265567	1369.600303	T2
727.0701084	78.83781218	61.96267514	112.1566421	469.4571008	134.8723143	742.0466337	D1
457.4053995	245.1523111	214.8295872	321.6278688	1027.523717	343.6840315	1313.37485	D2
550.7117812	296.4879719	247.9263222	391.2444525	1322.517338	378.3599755	1480.161946	D2
243.3821515	452.1829811	138.1986272	1194.381687	0.632297061	1008.803471	3348.232032	T3
42.72586828	22.70709898	17.18229517	6.327030912	0.338386371	96.32305722	665.0201473	Normal
237.1152218	306.5264564	273.0475741	202.2969871	0.413907993	383.6967371	1477.237463	T2
241.1795781	306.2550788	258.7685158	207.2338778	0.32440144	367.7940628	1493.709674	T2
227.4150097	301.7407798	263.6344236	211.7677752	0.239780433	404.0750053	1387.891957	T2
64.76459671	69.40676741	59.40886134	36.79661377	0.220045371	152.8590283	750.117929	T1
234.3844339	454.1354367	135.9684942	1226.493807	0.831210401	1028.560449	3331.812514	T3
503.825443	38.46761367	31.12777538	136.5026428	766.1762873	115.7553099	641.1866426	D1
418.2980111	42.32500783	28.3633297	90.86544606	478.9564028	111.4206439	636.1572827	D1
554.7134907	79.86322923	62.47037517	173.5220522	935.5813006	156.9329867	724.5072077	D1
58.98117743	52.72261772	47.7268886	27.96282576	0.412113112	146.0764575	684.6532179	T1
80.51512091	99.73128525	77.81923748	59.09185278	0.209051367	183.3244205	827.5699152	T1
694.8651122	86.79761497	71.60993509	135.5051385	611.9440017	147.7466177	910.4805042	D1
240.9285986	460.9324299	139.0310836	1301.262838	0.627720279	978.7946574	3518.23138	T3
253.8238379	433.0942292	145.4743444	1172.705194	0.818122651	1028.799314	3271.420287	T3
245.7858783	317.1097332	274.738886	207.6972469	0.223983525	426.2316425	1506.21323	T2
223.1598873	466.5244412	147.9532237	1167.100686	0.605011243	990.5504936	3363.631939	T3
241.6097511	321.5082078	248.8491633	206.9021031	0.404548151	385.8479742	1346.705273	T2
246.1677931	311.6027196	250.9572835	205.3689293	0.431765449	418.9830101	1434.727842	T2
1860.691141	87.81063908	51.47423584	32.78976068	0.267073213	131.7573513	743.7757367	PD
429.9964982	34.89035048	30.12294056	107.0548104	591.0450339	92.35716947	712.2251053	D1
34.63073389	26.23394019	21.64036783	7.612879079	0.246913352	112.1449247	634.8610398	Normal
76.38400177	82.56306083	66.26294939	49.07173899	0.248024388	167.3566323	830.641724	T1
1980.173645	75.54259553	39.77182353	20.86716112	0.242301949	136.8254182	719.0001024	PD
227.5554641	471.2746726	142.4558045	1188.11587	0.684794012	1034.41827	3199.775896	T3
235.6901425	454.3056463	139.2804096	1202.193709	0.799619883	995.0439434	3355.813549	T3
237.7525495	313.6833317	264.647703	211.9718579	0.299719648	399.9741784	1322.745893	T2
388.0670948	76.80639759	54.54272189	111.5210407	481.750872	143.3638015	765.7463664	D1
74.75959286	74.89134143	67.8328591	43.383173	0.227450957	142.3363806	726.2918052	T1
233.0628684	307.8380996	246.2330228	208.7668305	0.406498779	408.051331	1436.047636	T2
664.6976314	226.7026177	183.7518338	441.5513213	2104.978563	311.4279583	1081.869995	D2
245.1853773	472.3219837	136.3361747	1208.553039	0.764117069	1031.179634	3428.198165	T3
235.5491682	298.2721486	259.8696574	207.9771935	0.217557216	386.9002832	1473.189853	T2
801.0192395	75.50660181	59.2386728	208.4647019	1160.346085	153.4140599	859.3021931	D1
2471.183289	73.3076996	33.49126748	17.28867563	0.21432101	112.9301715	670.409616	PD
1785.89504	60.79207296	26.39907715	15.5789386	0.309601651	116.5568587	791.7597225	PD
443.8393922	244.0825828	196.8474796	323.2063822	1022.622626	328.2006676	1227.118735	D2
236.3157039	303.6806585	265.7575919	207.3332583	0.493804911	370.6977362	1415.779056	T2
808.8042799	59.52061844	37.87667074	27.516402	0.260665424	142.4518067	782.8004898	PD
228.5221952	467.9224953	143.3603574	1208.912504	0.740744679	1049.864787	3282.315448	T3
231.9068704	313.6726132	251.2251508	208.3397715	0.450056809	400.9125195	1474.273216	T2
480.5140916	281.6886002	232.3029402	333.8936077	1128.86232	382.9833315	1322.531332	D2
233.7946479	314.5289703	260.7361267	203.4919242	0.440321113	420.8040145	1549.186518	T2
236.3780348	313.0129799	264.9839591	212.9864356	0.323035715	403.6637685	1314.317984	T2
60.41836126	64.80829068	52.23707448	35.84805811	0.488507576	150.130725	733.2991112	T1
239.5832192	323.1694315	251.4549338	213.5268558	0.231131859	379.4779411	1421.192974	T2
602.0188106	283.5054802	240.2449867	403.5137872	1583.467118	341.7371849	1352.434478	D2
2166.509762	77.49146432	40.16854427	19.55746829	0.385572949	142.1502167	741.2061524	PD
597.2134049	264.9766226	206.6346871	408.6903026	1548.673495	344.9739986	1212.784312	D2
53.10474951	41.01041475	31.89979556	21.60535663	0.377581215	111.7653414	662.4768495	Normal
245.1775616	299.1435346	257.1054092	212.610659	0.356054089	369.0310979	1469.082837	T2
228.2979796	436.0654086	134.5539847	1210.772466	0.670770571	972.1514462	3358.998512	T3
32.15608203	21.47667739	20.33354314	8.516122638	0.29118353	113.8387321	605.5912253	Normal
57.06956049	62.51428724	47.39827981	27.93325691	0.339006581	133.5504403	808.6478101	Normal
232.4241049	315.5692419	258.7629785	205.637059	0.488901823	380.887054	1371.819718	T2
54.95116391	54.89588847	44.46672043	28.96781121	0.417290894	135.4522896	765.1951327	Normal
594.0810098	307.1312676	257.4764857	436.9778662	1502.011533	407.962286	1465.7607	D2
61.8237835	52.80531932	41.81488755	29.90276339	0.310876653	142.3656744	657.5959904	Normal
68.07211875	58.83200764	42.76608531	32.3484076	0.274393806	125.623652	717.6386897	T1
42.39669038	37.93738243	25.71469022	15.29758775	0.288639196	105.3161377	664.509093	Normal
225.8341043	456.4804808	136.8784441	1236.286627	0.790922601	1007.24786	3172.390588	T3
85.83675465	68.74528067	64.94214188	39.86167805	0.496381748	158.9739701	844.4906635	T1
55.39099507	63.1430527	47.16022857	33.77346383	0.480039771	129.1010969	762.2078717	T1
446.4960113	68.07748047	54.25165635	134.6778904	643.6035695	144.9638732	739.9332812	D1
563.4211324	30.04381688	20.06384996	6.913371859	0.420677747	104.9816895	736.0666211	PD
944.3791189	67.65325548	46.2295074	204.1896298	1159.935269	150.3670619	703.0371174	D1
31.28227461	28.58882094	22.65417123	6.42350377	0.278421945	119.1180591	611.9134949	Normal
545.8288861	227.0752134	183.8002304	350.2351478	1370.40798	308.2498881	1213.504555	D2
442.0855459	199.5393253	172.3787323	298.9164862	1117.200978	303.4483266	1201.800407	D2
231.390825	319.9552556	265.1740152	207.0819146	0.224324657	385.2435996	1451.704017	T2
1769.069069	69.43805843	29.79249856	16.34771371	0.19679516	108.4073371	703.1069442	PD
1409.296348	46.30703333	16.52276872	6.856806218	0.415673077	107.1672456	628.8488288	PD
60.50244084	48.73026598	40.90219235	25.24380717	0.253785859	107.0163996	667.8782642	Normal
227.9375908	321.5609658	251.3347428	201.1473544	0.343711574	369.4354374	1456.276202	T2
1128.393348	49.36694988	23.85403494	9.458303412	0.411500512	122.923816	695.1617307	PD
480.8269368	40.79947073	33.25567426	143.793091	853.2248915	142.3705969	685.2354383	D1
925.4202679	31.89618797	21.45729957	155.1754972	970.9186005	99.91816096	644.0160928	D1
39.92045916	27.00934348	27.6407438	10.28318273	0.312521697	87.54668665	717.5940156	Normal
42.0455493	24.59412715	23.68495867	7.038969546	0.459612693	99.57355074	617.5081276	Normal
1546.889819	77.15033299	35.42490073	25.63995165	0.293893065	126.3107007	705.4637901	PD
683.6174656	70.01243255	49.42489837	164.5763781	927.6169787	143.3078041	737.6485302	D1
950.1599675	42.40169962	29.78435695	13.91956873	0.287217581	88.98617365	710.7219658	PD
464.9301458	239.1271035	201.8556296	320.5555009	1112.498646	303.9919081	1237.369969	D2
292.9842962	62.89804958	59.21206616	34.74901997	0.354710943	126.7155325	762.7723264	PD
807.0804641	50.60660564	35.32934046	88.34881072	451.8316512	119.977047	644.7303404	D1
2044.737876	65.7803864	29.30802556	14.52506408	0.397955789	101.6470727	639.8625051	PD
242.8478477	307.3904265	264.7153295	210.7766018	0.314590226	407.9181878	1388.651481	T2
511.6417966	150.087053	127.7387993	323.3287463	1443.726821	237.0256012	1031.936672	D2
946.4883109	41.50488713	29.70271462	116.4608735	674.3323639	91.20914988	716.921544	D1
567.3718848	251.4763948	200.2940618	388.153885	1539.533511	355.7039497	1335.521587	D2
718.50005	270.0048021	229.0257091	479.4752082	1966.389771	369.5309138	1356.054168	D2
67.68449927	76.44071483	61.06997823	44.97710645	0.238565516	171.0534489	777.7522731	T1
1554.325503	60.16563479	30.583902	13.00561789	0.338062483	113.4915453	642.399326	PD
234.5756634	302.0723346	255.1946982	199.5051598	0.364714964	409.8836245	1497.299508	T2
231.8596203	439.3359512	135.2136571	1201.678316	0.817640887	1018.324192	3320.377032	T3
46.4521779	19.48783688	14.32418214	8.169291717	0.485777195	115.8584471	641.9852329	Normal
77.89712618	69.9515968	56.3061359	37.72543244	0.231937555	151.3080052	731.745043	T1
436.4861752	151.7164617	123.0325943	295.6052341	1376.240424	221.2996673	972.8303939	D2
237.2472229	309.2291419	255.4432793	208.2305362	0.277140144	410.2329611	1360.281903	T2
247.4783087	312.1531937	281.0132861	200.2137596	0.418593717	367.8904828	1474.328191	T2
61.18835662	51.84756402	41.84484266	25.22547756	0.195222181	109.6687484	732.874316	T1
223.420375	445.1896371	137.0654111	1255.593395	0.837358298	998.9750315	3315.913868	T3
257.0091479	455.3964175	142.1387736	1188.753719	0.854112975	992.5866559	3395.441983	T3
237.8936852	304.518305	255.4176494	206.5157005	0.444994216	389.5240308	1482.022275	T2
85.84180531	74.90326784	64.1671609	47.26036242	0.496113435	183.7266784	807.6491463	T1
219.4565779	449.139765	140.2510016	1194.194182	0.888562412	965.331216	3405.849167	T3
1407.953009	74.90474514	42.17449243	26.90753231	0.330335199	130.1760459	676.626194	PD
229.6592346	470.8437343	140.9815221	1191.268201	0.619385682	1018.044119	3324.57877	T3
978.3773527	40.28981814	18.61098464	115.318135	746.2934996	103.4839497	602.9366846	D1
249.883512	446.0539592	142.8064956	1194.458817	0.847002857	1020.146408	3408.386643	T3
228.1163233	310.066414	260.6536401	209.9998043	0.358820382	424.0893213	1423.872434	T2
536.4678195	264.8892256	215.012223	364.8029574	1157.424848	355.4522763	1310.226115	D2
233.3198232	465.1100616	134.8956407	1233.078085	0.789588779	986.8834313	3190.450811	T3
757.7359688	58.21964595	41.69102702	133.00196	715.7563231	135.3229091	742.2454985	D1
327.1666728	19.45482451	17.25504259	143.5824839	890.7153477	111.3925962	613.5556663	D1
247.3048564	463.7366671	139.8678719	1203.072925	0.847764765	1000.053043	3350.307217	T3
235.6083251	458.7993231	142.3114531	1189.244886	0.629016298	1020.339599	3401.980262	T3
238.6073151	445.4385872	137.0411601	1204.349469	0.774187075	1002.233052	3461.952636	T3
1080.789716	44.15252784	18.25749743	157.6931851	1005.440706	90.41586454	715.0793741	D1
80.82716964	70.78235351	60.66350203	44.6671838	0.444344446	144.5469274	770.7808381	T1
232.5412678	452.256306	132.6872217	1236.878683	0.774294768	993.1925762	3498.588726	T3
71.89233449	79.35015375	64.91479595	46.44929643	0.36869549	149.8185628	849.5820084	T1
255.0735117	458.2001055	139.0984358	1220.879312	0.667387079	1015.476453	3442.998818	T3
1021.087565	41.78439598	26.54857179	9.425084713	0.286295656	110.2225641	639.8855487	PD
87.24382718	94.9028025	75.35856089	53.92396471	0.406691904	186.9730459	861.5989824	T1
255.6109305	460.2626991	132.4547876	1237.290752	0.751420023	1009.905492	3441.364538	T3
60.28084679	45.98883106	38.51901948	24.81090536	0.433512787	125.5286891	765.2878915	T1
53.28089203	47.62640089	40.80497108	22.36369248	0.306741035	118.6005008	649.9609157	Normal
87.42807955	79.46907257	60.938919	45.52447661	0.388715058	166.7905452	834.1781391	T1
236.9906566	333.8299325	265.8241291	212.1228277	0.390510498	379.4420678	1476.54548	T2
420.6140977	39.42263878	28.77970535	145.728177	852.1721538	111.9164903	728.5773029	D1
251.5904689	453.6819201	143.8283824	1200.422432	0.73332492	981.9613308	3397.934794	T3
1133.643998	77.87808255	56.37930425	210.1188528	1107.284986	134.4726005	763.8282566	D1
1999.094752	84.37172382	44.35930036	28.78868191	0.363132584	143.6247827	801.0043707	PD
76.16680897	70.41813198	51.70567988	36.01979073	0.266733696	160.7740973	752.6571092	T1
30.00817994	25.86107044	20.99678359	7.836938156	0.237561666	90.36030848	717.9441549	Normal
426.6815915	246.0069264	189.4869991	294.0381721	986.1795003	304.9268528	1213.180397	D2
911.5725611	53.31003446	34.02496146	198.0646417	1230.918439	126.0053492	768.3094946	D1
219.7072413	437.6437614	137.9553031	1187.558497	0.655818141	1026.715354	3340.827693	T3
74.66511799	69.34994736	57.42964491	35.14199361	0.514443241	155.2486746	831.5213072	T1
228.2474675	459.6619289	131.5477584	1167.148171	0.764288481	1032.02103	3281.305714	T3
463.494619	161.2751529	140.5251291	301.3997626	1253.851023	228.3415709	1075.450325	D2
42.78328045	25.6092722	22.53837927	7.600272661	0.332350969	111.1413957	633.0516916	Normal
239.1058546	300.0026587	271.5256407	212.0021935	0.466231972	402.1347617	1443.820417	T2
328.6039578	30.3830742	20.05144639	125.8807825	750.3328207	97.42336242	603.8818107	D1
1165.366992	39.07528196	17.58142552	7.409770707	0.365951838	95.19146541	643.2164155	PD
66.69471598	70.01238068	53.72360096	40.34209247	0.407666208	144.238154	746.7874223	T1
245.2703585	300.2670838	250.4322637	202.1507112	0.243183012	418.4045731	1324.368008	T2
238.9068598	314.0051991	255.4046004	205.2443631	0.329230464	378.00782	1375.870973	T2
68.48952615	79.40215365	72.21540507	46.7446125	0.313569844	149.378528	898.273982	T1
77.7066423	62.86381917	57.04338514	38.71918965	0.382108958	140.5253459	810.6020277	T1
58.94734931	44.79366311	37.09840395	23.20390856	0.233692466	104.2754227	717.1306616	Normal
632.3977659	264.041883	230.1461278	433.1830333	1669.925037	360.1737799	1351.783728	D2
469.4546246	68.37061177	51.40957523	159.3481681	803.2199593	128.042106	707.1684256	D1
241.9365849	327.54158	268.4105377	198.1602172	0.294447371	407.7053362	1420.568495	T2
72.32495834	74.61605868	67.52722508	40.39291132	0.470202614	146.0071732	782.18472	T1
218.4293127	307.1296165	259.2981352	203.3044292	0.236833819	400.2876761	1545.505984	T2
709.1555087	63.04867509	47.61817251	120.7515159	562.9945786	118.3803758	731.9342691	D1
220.4831954	442.5918271	138.6989848	1191.809872	0.859387917	1047.302796	3385.432235	T3
1018.425658	46.24370549	22.8692662	119.965194	697.517264	94.53687841	783.9410462	D1
236.7530107	450.7852769	134.359096	1138.473799	0.739911348	992.2487639	3382.578826	T3
62.09059427	56.89005407	46.180601	31.84835974	0.235586308	118.1873168	671.4639321	T1
53.55467341	51.65948702	45.95149768	29.46938481	0.43901236	121.0113253	780.1450898	Normal
497.6973504	198.9338196	170.3905589	348.6986594	1426.205976	293.5681929	1072.78119	D2
646.8782862	41.15159028	35.84502116	92.87680451	499.1495879	115.7074931	639.7950746	D1
77.85197369	97.33779395	78.89959022	56.7167231	0.320640876	191.7523867	835.3543859	T1
65.9606421	69.1375117	47.85054678	37.34998373	0.257293288	157.5626056	717.639243	Normal
248.281552	319.6039599	260.6655934	207.5543254	0.415356368	396.269214	1468.484606	T2
505.0119883	273.070458	205.2374772	358.4715772	1336.644867	338.7822893	1258.242719	D2
45.46112566	22.77862132	20.31584881	7.704140432	0.494395554	114.6198512	676.9891395	Normal
68.30601111	57.14065414	50.27583395	30.84609753	0.237360261	125.5592298	660.5189424	T1
227.4064423	454.2260746	147.3667676	1281.139262	0.731838779	1035.117462	3391.599043	T3
1054.763541	91.4747405	64.10785664	199.3203961	1088.506518	145.0961241	733.2227785	D1
61.32342028	61.01135549	49.08135288	31.49002014	0.272577515	127.7155728	691.6531049	T1
64.30952803	69.84018601	61.53656956	45.72966975	0.365375259	142.984311	761.9795145	T1
65.85834478	47.61861854	41.29064761	28.15428522	0.270980846	150.7774799	766.2699319	Normal
240.7240852	460.6468152	143.8061584	1258.509229	0.644342682	993.8251988	3340.10395	T3
1458.917581	44.46283198	21.27302995	5.971072798	0.300621067	107.9937577	685.901204	PD
234.4367138	465.2703993	134.7832256	1207.41655	0.678473259	1035.268975	3477.548345	T3
222.7403901	318.4299671	268.3868999	208.3655195	0.316114643	399.735116	1470.836304	T2
805.3916742	39.60575476	25.03694671	8.586948842	0.303104522	114.9792284	648.6769578	PD
228.0277614	306.7990566	264.3090187	213.0127199	0.446280994	383.5646254	1477.173115	T2
239.5523081	314.796424	258.1104313	216.9911029	0.292411076	412.8069354	1463.791682	T2
292.5706796	60.86916259	45.99316462	30.16886208	0.446309337	139.5066528	809.1486456	PD
480.4598665	245.8061403	198.8577811	353.8281866	1158.581777	319.9591378	1318.28565	D2
476.0572062	28.2052096	21.93012385	187.2701101	1131.593486	120.5964603	732.3371921	D1
238.2239146	322.5353797	269.3176143	206.3655011	0.289348274	404.5541718	1361.542425	T2
69.25090471	73.64725426	58.13794785	42.51849149	0.453294102	158.5391769	801.6188315	T1
33.77969575	22.20189618	19.71537606	9.290999982	0.31843292	99.77760409	603.7629915	Normal
792.1208775	30.91392621	19.22216062	122.762431	790.3907778	110.3703862	615.7289249	D1
43.67051468	26.4770992	18.80570547	6.159157719	0.314764661	91.01388145	579.6327615	Normal
228.7955235	470.3242184	140.0683567	1185.610735	0.810704185	1069.824806	3320.703688	T3
784.959331	82.40417616	62.43458382	127.1333178	568.4153701	150.9660674	844.4496236	D1
229.8823625	488.2487249	133.6696005	1262.876574	0.734348676	1002.48118	3219.071945	T3
1119.873344	90.70368827	62.94607234	218.0916449	1215.672366	156.8710516	763.5984371	D1
30.14635799	27.10939008	14.97976234	6.7586552	0.235704263	110.3066373	652.3804324	Normal
250.0524755	320.6386711	261.6273111	208.1907392	0.206470126	382.9403933	1415.87064	T2
2308.184531	84.73464118	38.21520559	24.21232395	0.476177172	144.236071	745.4266221	PD
549.9683065	73.79125056	52.65556678	213.3361692	1190.469455	147.3166113	807.3180973	D1
1010.852436	53.30397722	36.23232865	168.1548134	1036.678388	126.5213083	627.966561	D1
86.89596573	77.32055566	63.44239958	47.07661362	0.294429584	148.2025856	783.8886125	T1
241.0778866	476.0293299	137.0500952	1231.797912	0.753611837	989.7688872	3456.522271	T3
323.3601416	71.70200404	54.09564982	129.9523053	637.2998723	151.7612322	750.5691161	D1
1049.018388	45.01998292	21.33358395	9.686040382	0.300484325	104.2396582	603.4530869	PD
1002.846836	67.66219673	46.44572299	213.4537895	1230.562069	125.5647101	741.2000157	D1
741.3248952	77.05473677	57.91583606	129.1867786	591.9316411	140.8420329	774.9146112	D1
58.82429112	52.30010977	45.51055986	29.19604766	0.390936102	111.0869638	698.4705998	Normal
53.90232485	26.47090117	25.90902149	12.09617736	0.291457505	130.2900032	723.7728833	Normal
69.43137445	60.58156219	52.95986932	31.42797222	0.288910453	119.086239	723.3058404	T1
228.1487386	466.0144278	132.966347	1147.438488	0.843347229	983.6300575	3197.000394	T3
238.043857	450.1764613	135.9858163	1228.656233	0.645403805	981.1798057	3414.732479	T3
2253.83335	66.78971308	32.12314268	16.81879309	0.318707345	116.8931251	745.9223767	PD
436.356875	26.66358107	16.20327653	7.800868659	0.449140214	98.20491846	691.7594809	PD
241.1744381	309.5397374	269.4258414	197.6790866	0.480193103	416.3046836	1392.452925	T2
35.26599105	19.10868405	22.32682274	5.890681407	0.217050363	112.2525341	689.8153381	Normal
66.2050671	63.46748548	50.56987539	33.71208832	0.24366387	145.0018983	792.6556971	Normal
706.3347081	314.9677149	252.277294	465.1996684	1847.408165	398.4184159	1416.508745	D2
47.95864156	33.71200199	31.9042715	17.36039307	0.293853116	109.0673157	666.4986306	Normal
730.3380025	84.66324657	60.84065158	129.3593464	617.875692	164.8193614	784.4886966	D1
78.42658602	77.53593145	62.09181032	45.66266136	0.488529482	154.0212776	722.8127955	T1
225.2143844	441.495341	142.7507162	1186.442394	0.865564726	1026.817819	3347.665807	T3
625.5716825	169.2400182	143.2035759	417.2014697	1920.851956	250.2993264	1068.253242	D2
244.8288274	315.627765	268.7847078	211.6330949	0.470086344	409.2937553	1388.539414	T2
45.00405649	36.85518338	36.70034999	20.01469352	0.380618553	114.5511265	727.6359196	Normal
753.1644901	66.33631333	41.93096736	201.2356868	1130.035801	136.2817452	691.2774701	D1
1504.652614	75.33666265	44.42812422	22.84715898	0.227172781	109.8923303	694.6689653	PD
470.626948	212.8839647	171.750665	328.45941	1266.557543	273.6277631	1143.848247	D2
65.14410566	45.90056008	41.96401084	25.43413472	0.479784769	127.5908052	659.883344	Normal
213.1539916	452.3441661	138.5169545	1236.940596	0.676815154	970.4340771	3381.082401	T3
237.019935	311.5827349	264.0395121	211.6403831	0.318297811	424.5535713	1418.711441	T2
215.4400071	467.3755982	136.5950149	1242.596827	0.871354218	1046.025041	3447.146768	T3
642.6690306	253.9127775	206.7682056	456.8121549	1996.826955	340.1658445	1225.189656	D2
1118.70005	48.50165333	17.14947141	10.25314034	0.328805323	116.8429257	693.9161932	PD
231.7636012	312.035032	272.0790508	217.2517335	0.304799023	365.9442283	1549.985461	T2
2208.269101	74.62430601	33.10142386	16.05561723	0.295811983	117.2110923	725.8580329	PD
1474.467627	84.48571486	56.04104319	35.80272423	0.470404284	124.1274017	767.7929027	PD
230.4544696	314.2055344	259.4760077	218.2440282	0.260533562	398.4015511	1439.770323	T2
242.8708825	487.7334798	137.2039235	1252.344188	0.847747955	951.2343364	3342.086527	T3
542.6043618	208.9987761	179.4416022	356.0406277	1530.7504	328.9892259	1190.367357	D2
74.97852555	89.88352908	69.20899406	52.01254981	0.379457198	196.063868	850.0208512	T1
788.2272186	40.12768575	27.18455073	130.1568876	777.4657819	91.03182613	670.8282018	D1
921.3579951	76.17636289	57.6023114	212.2734274	1123.126675	163.1368664	731.6010082	D1
1958.799343	70.4945598	39.0180109	22.44287053	0.439137747	124.2458769	698.6749218	PD
231.9001921	441.1460834	148.114156	1175.482195	0.779548211	979.6043458	3443.670806	T3
434.7471409	193.8378929	164.9628835	294.2218997	1157.931025	297.3679585	1180.422695	D2
1006.270191	66.21776851	43.05481579	26.37266541	0.396177828	123.1152922	701.8278429	PD
514.2102238	61.31229034	56.43309325	129.0725474	667.4991915	136.4542751	724.3388084	D1
1198.193163	88.23744727	49.60928761	37.01606492	0.288158947	136.5998585	720.71898	PD
532.4430108	30.41969689	20.33814985	120.7903589	793.1222547	96.45110517	594.4872069	D1
392.5739268	221.2871094	203.7513508	278.4598715	771.4434654	336.095356	1190.353732	D2
1577.31775	51.18927984	25.00436066	9.100905873	0.315839181	83.09782979	658.7638225	PD
72.3908679	59.91363947	47.61343635	33.54854152	0.438051976	133.0646487	711.8773245	Normal
55.34622897	61.57969088	42.39641564	33.24570003	0.357920496	129.9460774	667.980994	Normal
1660.489691	48.14479828	21.35510351	9.247637831	0.334952852	95.77560064	696.7058702	PD
393.2346096	34.4737024	24.77922907	89.97446602	528.6091136	110.3680911	614.0179809	D1
230.735313	469.0909375	141.7293723	1223.432596	0.693296793	999.1861078	3311.078358	T3
529.9349313	293.2272355	242.5062429	375.8185671	1227.575219	402.8208809	1360.087489	D2
245.4668281	328.6515224	263.0033568	196.6283274	0.447690134	389.7136278	1453.225533	T2
58.94589087	47.10867097	37.7857994	22.62878889	0.355974715	108.9247026	771.0596079	Normal
238.0836269	304.815806	267.899248	206.39719	0.215740114	387.5213431	1441.184449	T2
915.2526849	56.17048041	40.89088207	144.5458339	804.4542671	133.2847589	706.2861425	D1
63.01516366	58.40793534	50.74355388	31.3780476	0.32682629	122.9133398	693.901935	T1
234.9861607	449.909745	137.162284	1205.377509	0.825125739	956.0016625	3410.031221	T3
296.4232962	46.43103966	36.77917558	109.1785024	558.9634942	104.6915968	718.5790956	D1
73.24046172	71.78047568	54.6837266	39.78616122	0.25147347	123.3086844	843.1351146	T1
74.99930951	61.65888701	48.69715808	31.83869673	0.411585521	148.6920419	659.8491534	T1
221.8526293	321.1953565	260.833801	202.5157709	0.28919298	418.630673	1502.51216	T2
1076.765079	99.62766413	73.15958812	182.0993396	933.2430444	157.7810094	889.8002695	D1
56.55818015	56.928215	48.65891348	35.94066715	0.490085868	128.6087628	786.9151898	Normal
737.2701996	42.4279064	29.34060257	169.7745614	1038.75878	132.0054129	738.2915931	D1
35.71131451	28.18390633	23.6331092	7.715060363	0.461428251	109.2391921	727.0736944	Normal
623.6449216	219.4811662	176.9016652	410.4203976	1716.488674	283.5854416	1223.793563	D2
797.5658078	58.92395334	38.88927729	23.05256079	0.28159254	138.5078124	699.3182283	PD
235.4078878	307.7900552	254.1415346	212.9782816	0.417910592	398.0019372	1432.445624	T2
513.5343441	266.0178687	215.3092546	353.0885629	1220.602936	357.5104172	1277.916673	D2
605.8315022	201.1519999	169.5090938	425.2061923	2005.613028	290.0747631	1202.305558	D2
929.9994425	64.38955011	41.94304051	23.92277956	0.409623785	140.0507765	740.608561	PD
236.0269691	300.7241704	268.2273317	202.4580251	0.486130406	408.7046785	1493.883372	T2
78.58997819	85.17207201	70.80506414	50.98326337	0.266093435	176.8049302	827.9718394	T1
57.78342125	51.60316998	45.19055255	26.29645994	0.45890733	148.3818592	741.7893225	T1
61.76234188	64.96371244	55.79453044	32.5137799	0.494580445	122.439673	725.3813625	Normal
249.0052388	460.3300877	141.0006724	1242.745433	0.754003372	1034.258795	3345.804842	T3
33.37180073	29.81927006	19.60445641	11.26378735	0.26805318	85.58506844	687.5569535	Normal
670.1589763	36.09012511	30.26173527	14.10263924	0.253091796	107.9423868	724.4061525	PD
237.2361474	458.5728083	140.2440778	1229.518238	0.623119617	993.3655625	3310.862933	T3
631.8255635	228.8786002	202.5825726	441.2239626	1820.557389	325.8579528	1288.078596	D2
58.01270811	52.54745906	40.05381887	26.0210434	0.341399791	127.3176815	733.7448502	T1
223.0461631	316.0595564	243.7339866	218.0904043	0.320158816	411.4790469	1370.783895	T2
355.0109608	215.8497452	180.7394053	253.4972631	819.9429902	279.8674934	1212.797098	D2
249.0409957	304.6410748	246.185239	206.374418	0.212048913	396.5064621	1423.895508	T2
1830.922888	70.39302335	36.83278081	18.67796212	0.476232633	100.8367264	661.1336896	PD
31.55833296	21.73509707	24.64931055	6.869635323	0.326824648	81.93920554	720.2434486	Normal
46.74790448	26.46876441	21.86352393	9.757798705	0.303703752	103.9984921	601.0379137	Normal
32.48800838	23.07945655	14.7063629	7.281284171	0.352011903	106.4166918	604.4877259	Normal
1777.838514	59.53936018	32.03070492	13.68647204	0.333662444	105.5551444	728.4750194	PD
954.8951712	42.71610157	31.41491771	113.2946287	666.8906382	91.18044996	645.7177787	D1
237.0743745	319.4602286	262.8889827	211.6834951	0.378727906	412.4229576	1467.562826	T2
72.45046278	71.44116593	53.7010914	36.40965604	0.227106286	153.9882294	803.470788	T1
76.57824138	74.22221178	58.09589159	39.14853929	0.471993495	147.4133597	783.0607607	T1
374.2418623	39.47483674	26.07159339	14.95785392	0.33505745	104.3563851	705.9101919	PD
353.1639844	24.20849669	22.17329799	105.7570591	674.2679717	115.9451036	655.3886062	D1
532.7352412	181.8425969	157.6853497	349.3929338	1552.304616	257.3871504	1092.134522	D2
54.39309408	63.43570883	43.9668221	31.01203506	0.219838377	135.8968248	778.4754061	Normal
519.1729546	270.2000264	230.0517398	375.3952974	1302.818119	326.2445247	1398.087892	D2
234.6213162	320.1085481	267.8847217	207.4519887	0.473559708	402.921064	1404.432566	T2
230.8466475	307.1969657	259.3138316	209.8803546	0.194514846	421.5219967	1442.92538	T2
41.51284461	21.07712098	23.18632451	6.847566417	0.391337482	87.71036408	597.724228	Normal
1218.309211	40.38965703	15.433055	7.424717055	0.42780684	103.6058779	618.6832681	PD
635.8609209	105.3332221	80.21540949	204.6782473	889.6132047	162.8723031	878.3625668	D1
1016.673458	92.65728881	62.32380306	197.1401954	981.0156787	150.2035681	748.3803953	D1
294.4093125	72.8372333	63.33638886	112.6153025	487.0276007	172.7955167	810.2085386	D1
245.7798378	317.9508617	261.6240804	200.6817793	0.412163795	415.9889385	1398.627182	T2
540.6514238	230.7154181	199.0427151	355.3329664	1352.376132	303.3990404	1258.583668	D2
70.4303561	69.19162423	62.0749574	42.20779783	0.338024856	147.1850231	733.6961478	T1
549.631402	196.6844062	173.8185734	386.5251481	1559.765609	274.6090524	1165.12385	D2
619.7720756	243.2318868	193.0418501	409.9357174	1813.739024	296.024044	1168.613027	D2
237.1460551	309.8836922	252.3640164	219.1455272	0.327871679	372.3795129	1451.614106	T2
237.3406581	466.9806388	135.3647613	1192.488444	0.886517095	1033.076857	3287.520577	T3
223.5969204	322.7568141	268.1163597	204.7839375	0.334753905	370.4365622	1463.615259	T2
39.76513426	21.92863438	21.17751824	5.279459629	0.349261867	107.490135	636.1740675	Normal
241.5180796	477.1676235	142.4941126	1180.413296	0.84038772	986.7994696	3391.180653	T3
558.1620435	243.3559446	202.5008469	407.7843604	1523.372114	327.2559017	1186.905551	D2
211.6150895	30.73659293	17.05253272	5.3308962	0.298483474	89.20742779	632.3306687	PD
68.95754385	57.41956041	53.29484191	32.42597	0.298255865	149.7956843	793.3589313	T1
235.7362073	322.9911425	259.7759173	213.0867638	0.241352666	411.06995	1478.896227	T2
1057.635823	50.64073948	32.8160771	154.456156	925.9479085	122.3863558	713.4922755	D1
66.07838879	76.72035992	68.59217179	44.38114297	0.438490436	158.1131648	831.3485284	T1
31.70702763	24.72664214	14.50899403	9.385580362	0.35369971	92.86470926	615.8233745	Normal
236.5252528	447.7211233	142.4900602	1211.704907	0.835180813	964.0925098	3364.419303	T3
429.5492437	31.29887216	15.01460528	8.185958041	0.365945144	112.5234594	665.3076982	PD
45.22704053	19.80244852	21.99541882	6.981919503	0.396431961	97.09503925	608.5852265	Normal
79.05058314	98.1187038	78.95170423	55.70041818	0.471434691	158.8985106	843.2426495	T1
588.8220824	236.9094185	207.0645331	407.3592911	1647.430267	310.4004872	1319.975735	D2
244.2844735	299.1404102	242.8635023	207.2855845	0.393614713	409.300464	1342.576727	T2
80.11709993	74.4567768	58.25354204	42.77464914	0.404404044	158.1375272	801.2142046	T1
232.940617	451.8159796	138.1329139	1247.359818	0.764390996	1002.938258	3391.898794	T3
226.089703	470.4973452	144.8494976	1211.089196	0.691998058	1038.458811	3377.637764	T3
81.25667591	75.97975088	69.88950618	43.62374139	0.361468697	147.9434826	867.2576993	T1
583.1050722	273.5462283	237.3854462	389.4626653	1468.492015	372.6179475	1365.221861	D2
231.8060152	443.9424147	139.0466502	1160.252028	0.732647632	1025.231646	3399.757421	T3
371.285051	82.09400221	66.08588239	139.3865586	670.5431837	174.2544731	722.1463861	D1
55.28439945	43.2358475	33.59191553	23.34956519	0.516287026	103.8407754	696.8582089	Normal
658.1582921	77.41753774	63.62553524	178.3241592	995.1632223	144.5683595	740.7535427	D1
1246.729296	54.82152943	34.16126758	16.39882364	0.270127098	97.19541569	737.9815899	PD
329.8514341	28.28979017	15.32436138	7.985548753	0.322792515	110.2305396	717.7518472	PD
230.7680193	451.324464	140.3181123	1212.304297	0.879463842	1064.7676	3446.460733	T3
630.6430733	268.837795	222.0624931	419.1643851	1647.712133	343.4538436	1352.574328	D2
252.5166937	439.3477856	141.6082522	1233.499936	0.634396489	1019.541772	3447.656246	T3
245.9741101	301.8466218	266.5966537	211.3654464	0.215506877	407.8749483	1367.531879	T2
237.132608	309.4831939	258.1319074	212.814198	0.297957309	413.6795217	1407.067617	T2
59.8601208	66.88672862	47.73534298	36.00140151	0.383641353	122.1200825	801.1018476	T1
925.8177617	77.22168983	55.58416016	132.8729283	664.4832646	146.9015642	712.2197545	D1
29.73637699	24.34064639	15.11639128	5.024191642	0.398090307	118.9812087	649.4405667	Normal
247.3873661	440.5313212	143.2496242	1257.812085	0.847400529	989.0551318	3306.806608	T3
69.14659649	66.9707233	62.00554573	40.65328151	0.201612719	164.5567355	843.8845889	T1
244.915573	457.2742092	145.0858421	1194.568923	0.640723995	938.4756805	3380.756661	T3
83.43033965	71.39272348	58.65391348	42.22371407	0.412944539	147.6059427	812.5727672	Normal
1353.166693	77.45335947	49.82510762	31.45138569	0.289987819	117.1302494	731.2496178	PD
629.1898056	191.7238091	166.3168374	417.0832848	1916.060194	294.4665802	1081.508876	D2
43.36567529	26.16471973	18.76794687	6.417709618	0.384868751	122.3238141	578.9532475	Normal
77.42830405	84.08000987	68.75189498	50.24417865	0.356809056	147.0452952	832.4744738	T1
230.475229	450.351883	138.6058832	1171.406476	0.653417827	1022.233865	3437.379828	T3
92.66290172	91.05829661	79.91407298	59.22275369	0.506734481	161.1173422	837.2677874	T1
2068.941394	93.77543061	56.66878664	38.88306683	0.434231783	159.5427048	723.6917559	PD
1081.910736	78.23388371	40.79902864	162.789853	883.6377026	130.3333035	712.0265213	D1
382.8024864	227.2073183	193.5176783	289.347876	901.4584417	295.4726179	1198.258549	D2
786.9679333	49.98593126	40.80995199	201.5938877	1170.633358	108.6719141	791.8096095	D1
239.1578116	301.7198049	258.3419935	202.5728476	0.223335064	409.5589594	1398.726847	T2
235.4999982	332.3050696	264.8588788	216.7774587	0.236802985	404.4174551	1474.781502	T2
329.9926305	47.38458026	40.19606897	134.0056478	754.8152795	146.2946642	745.7470934	D1
238.6655813	298.9074849	261.0131718	203.0479181	0.306049895	381.5077788	1455.994803	T2
458.5912674	241.2306679	187.6108033	310.1303128	1030.357211	323.206523	1144.890368	D2
228.0230911	464.7210489	138.9743282	1253.38067	0.672407519	971.184292	3286.306803	T3
1884.165373	52.97078569	23.79763519	8.679617696	0.401891503	86.23872682	714.7248472	PD
42.59635267	30.00665171	20.75668169	10.63565333	0.234151251	89.87928434	594.0137571	Normal
59.06008901	40.2582124	31.44658645	17.24456711	0.471213436	118.3244598	718.0565462	Normal
238.802803	299.2666796	266.1614499	211.8610108	0.293195644	421.3622093	1446.291925	T2
802.1532836	68.05742972	39.06381385	25.3927963	0.21984197	118.8405951	764.5072676	PD
244.7023931	441.5596908	144.3440079	1190.981912	0.803745033	1006.234853	3363.566688	T3
658.0265851	215.3809951	188.1963332	435.8032077	1980.040018	293.0993844	1138.695465	D2
94.59101978	91.34559176	74.50522329	56.07209897	0.324826227	184.2353484	886.1366723	T1
239.6259869	452.8297597	145.1923374	1223.38657	0.654377032	971.4467018	3243.159845	T3
1121.337715	76.16283373	50.33907337	218.7436762	1237.24679	148.8169928	780.9642075	D1
239.8426989	456.7795953	135.5083978	1222.653295	0.871940745	971.756095	3224.269497	T3
1240.587165	49.8876015	25.88457059	15.08807585	0.319944098	113.5542569	732.1135929	PD
233.2632406	435.9785597	140.2767267	1208.038035	0.74103747	989.5439873	3412.355909	T3
786.4584544	45.67125746	31.4500214	160.7752904	970.4194365	98.31715301	625.1479317	D1
226.3665268	494.2339698	140.7428792	1161.126846	0.728570402	1056.243583	3431.539414	T3
236.3890669	314.5825163	257.3465489	207.2709963	0.481954799	388.4829018	1411.405889	T2
568.6982525	280.0072774	232.3911554	405.4623759	1488.36159	382.8978597	1402.279753	D2
47.34562801	34.02464918	22.50424385	11.96533983	0.26466514	121.9476735	699.7724709	Normal
238.7263064	309.8069203	256.7476329	205.9665325	0.397651645	371.3740804	1432.283904	T2
712.393509	79.09778379	66.35251122	158.5945034	806.6921011	138.9772197	740.2340909	D1
229.0435275	463.2965218	137.5393694	1203.891092	0.768863509	975.9255221	3336.609952	T3
1952.931462	64.3156169	28.03062628	12.7064448	0.388243441	123.3610297	694.4191262	PD
243.4843444	444.5595824	140.411699	1280.065513	0.745917564	1013.810352	3373.383009	T3
614.2544407	323.0833597	258.1804315	446.7714783	1615.293208	396.0068716	1402.683549	D2
75.98045155	71.00467651	62.88638635	43.26908161	0.330534235	150.8083678	801.1058802	T1
231.4816866	458.6207956	139.4749573	1178.625837	0.716289766	1006.022619	3428.967828	T3
32.7038117	22.44841202	14.92095266	8.079120438	0.253022807	97.16900961	602.5815248	Normal
245.7618743	446.5813063	143.1857749	1225.790105	0.643035939	1002.560089	3226.426574	T3
463.3916815	283.1131257	237.2086986	331.4753047	940.1946124	383.9279318	1404.00788	D2
309.6650911	29.90876613	22.27616358	92.48387974	528.6376432	117.379535	731.7527594	D1
39.934935	29.19888627	22.94771209	6.279395915	0.313771925	98.14803785	668.3800145	Normal
65.81304023	58.07956637	42.02471989	30.62128437	0.365986741	127.3685	743.9359045	T1
716.9122783	256.1541068	221.3982925	434.1115934	1776.55535	364.4276963	1315.182077	D2
46.29060485	49.66083795	36.14613191	22.72904525	0.299367672	111.6944107	701.1386806	Normal
1716.155725	61.01040292	26.74499947	11.18230997	0.283237678	90.37742176	745.507562	PD
561.776093	251.251622	217.140731	406.6636286	1512.427485	363.8445959	1320.597896	D2
907.0029809	88.12832943	62.90026012	115.0533752	522.2013353	179.7401645	864.4475027	D1
604.4165036	248.0263356	204.5129047	401.2308054	1615.341801	324.2056514	1247.073485	D2
1535.657785	85.07843289	60.0429954	35.83396958	0.306862232	151.8615333	890.5685438	PD
37.42573315	25.6020886	23.11931054	10.10153004	0.356305172	109.3857354	585.1556588	Normal
48.62915903	19.51240232	17.88883878	9.7148215	0.295183488	86.95671328	683.8768604	Normal
2285.184992	80.92742217	37.6801849	18.98983529	0.452305934	103.4026584	631.2735864	PD
292.9182547	44.49269118	33.93857244	120.2946923	721.7284334	114.9292555	629.3495965	D1
247.1261682	454.5159796	151.1441666	1172.560264	0.825005294	1005.527443	3450.668327	T3
307.38323	80.03486561	56.98449724	43.16683818	0.292639882	142.7350767	785.0475277	PD
58.94475229	54.80013288	46.80152879	27.30438642	0.421343524	139.2114323	730.1224034	Normal
622.4197928	306.2841586	249.00955	450.2604752	1663.544494	402.864422	1389.214642	D2
222.6927264	472.0540997	137.7968393	1198.575868	0.640259051	1009.229743	3344.378264	T3
239.5568104	436.5603715	136.0488314	1206.92917	0.917538266	946.0952284	3285.239655	T3
455.6123797	23.80148186	20.14998399	142.2849942	872.2158308	115.8205215	632.7413853	D1
32.0200362	30.27293128	16.90486041	8.728842352	0.330817639	110.1058476	728.5455656	Normal
47.41953044	23.11116238	18.40144129	7.921311641	0.492543521	84.76775722	684.2495361	Normal
2199.243925	55.21422124	19.29577382	8.73162183	0.355714323	85.76569801	655.8133741	PD
86.56416192	91.88558198	70.93537469	52.262436	0.319312812	155.6002179	793.5901228	T1
416.600533	177.5859066	150.0797678	289.9250371	1240.624506	267.5741132	1154.861796	D2
234.4372394	311.9265421	262.3551954	196.1904528	0.264463974	396.4919389	1436.081177	T2
1401.447364	56.37698139	27.07730739	14.20253627	0.469956156	114.7913984	698.2435215	PD
227.0786173	300.9648517	255.1208318	207.6421549	0.317556528	395.063779	1357.81907	T2
757.5108098	66.45916544	47.69563537	26.5357442	0.221557649	129.2320909	697.4961648	PD
620.0260063	61.89822639	48.48546556	31.77306956	0.358739122	135.0273816	780.3880337	PD
2280.796443	55.55082975	22.74402472	7.845050569	0.258543184	83.92810059	613.6231414	PD
220.9771351	318.4763422	255.3742076	208.3356875	0.291859542	413.0354776	1424.114961	T2
639.3682566	32.30237744	16.33131794	193.7492396	1179.931451	95.18332559	577.118363	D1
238.5340777	461.5773736	142.703492	1222.467802	0.668613001	1003.454984	3307.443465	T3
681.3226072	46.29440941	36.96240174	102.7486793	569.5417714	104.5832093	606.3919611	D1
230.5552227	454.4355574	144.3619207	1299.967054	0.63639206	1005.872184	3337.326819	T3
67.49717578	62.92862918	45.47946355	32.02378512	0.355505867	152.8767584	742.8725915	T1
43.20257941	27.14932357	25.30289517	10.67157361	0.401172258	97.16385107	666.1114789	Normal
376.2669755	133.1679866	109.8369281	251.2159359	1039.101492	216.0899455	1010.437274	D2
228.8873263	448.5891311	135.4135244	1231.161417	0.616240128	1007.11953	3614.600361	T3
828.5202297	59.53249023	33.63228415	117.2738416	612.6793236	137.6618124	703.5295507	D1
239.0185164	460.9908406	144.9102493	1201.534594	0.684891196	994.2306858	3482.922684	T3
1281.119031	51.6172777	20.7222586	9.026741883	0.339362473	96.98613685	700.6994524	PD
807.8029775	93.01039262	68.48592882	139.4602422	577.9719731	179.2048217	768.6729236	D1
466.7650447	171.9191575	138.5944917	310.8200608	1302.247267	263.9090859	1107.736649	D2
48.15035713	28.08224816	22.5225557	7.539622857	0.276765328	120.2690046	689.2761746	Normal
75.18273121	79.13308216	67.06082467	45.58978335	0.402079791	176.7942845	806.9011382	T1
516.7649957	52.96816558	38.45713091	23.75928715	0.369428201	125.713256	738.2554152	PD
619.890661	67.13052498	50.45051734	141.3123145	711.5794271	125.3798868	698.3676561	D1
968.4422429	102.0913847	71.45096755	214.1234308	1083.363792	171.9821735	864.1330006	D1
45.92645743	34.69666237	29.02175053	17.90950973	0.378915774	127.9959982	763.6881858	Normal
241.5366591	430.5365078	135.4390941	1188.164975	0.785410899	1000.81105	3561.702126	T3
667.4317794	42.48503154	23.55835592	12.26693595	0.377077432	94.45125119	713.9171498	PD
236.3186543	310.6871158	267.4729416	202.5928009	0.204555911	411.9713805	1436.592562	T2
456.8882368	172.725622	144.9627596	318.4018312	1373.112636	276.3376596	1027.176342	D2
403.2124446	232.6331063	196.3879478	273.849837	869.0502407	309.1708651	1151.348913	D2
563.5147714	295.6658313	249.7021472	401.9953965	1448.969019	380.0973173	1427.121814	D2
241.6214093	453.1554635	135.0777495	1212.17163	0.793352029	1018.315623	3374.127775	T3
236.2387127	467.1810425	138.410664	1183.548003	0.650973354	948.9307704	3278.472749	T3
1912.529235	90.76137274	54.18934397	33.13910308	0.383047269	138.268018	792.2609126	PD
349.6624307	170.5518598	141.6675295	239.1699397	850.842664	223.4844464	997.4169673	D2
82.10324954	79.35079394	66.80667794	47.0767629	0.268545955	153.3725257	891.499782	T1
414.4292245	237.2232512	193.0877107	323.3438103	1076.551218	326.7177084	1260.439753	D2
235.7468087	311.5165937	253.7704359	204.0814013	0.23121024	401.7650447	1440.08988	T2
244.8134112	317.0639109	274.2965212	213.0406295	0.450852916	418.2014708	1529.027117	T2
266.8629471	69.40028452	52.9331607	37.14930848	0.436329599	141.6268165	853.9583802	PD
60.8633407	58.1698506	49.71491655	32.70854766	0.195850871	126.2727809	660.6568675	T1
586.9113789	50.846568	37.445797	145.6117292	760.5811836	132.9551576	681.1816567	D1
1408.307906	85.22810443	59.36437166	33.31274326	0.420818256	134.2351508	805.5089752	PD
71.09494353	59.37727655	45.37905311	34.43032749	0.263109506	141.2723349	748.1721221	T1
1702.711793	92.52843338	57.4096957	33.34747572	0.440851102	132.6741976	773.5350588	PD
2415.505195	60.79141267	21.43121076	7.721265352	0.477490164	116.3169192	613.7009112	PD
690.5783496	283.0175033	226.5702974	482.0591264	1952.298763	352.8653502	1279.482851	D2
1494.944982	51.01809576	23.87650083	8.035769587	0.383811512	107.4875893	645.4930636	PD
606.6554257	233.5500867	173.9690645	401.0726925	1649.918073	308.8892761	1271.720335	D2
946.2175324	59.95007947	35.63740142	108.4260445	607.5573653	109.1410234	709.2154344	D1
74.55281876	67.1837954	51.56756941	40.61125494	0.214251581	136.788332	740.1143911	T1
217.7127681	454.9450955	142.7133471	1235.914065	0.844278637	1059.988011	3392.9033	T3
33.37201182	24.85052217	16.2108652	8.739170421	0.227246223	116.226474	612.6509835	Normal
231.6102323	465.8032504	143.3787885	1228.078128	0.896570814	999.1543566	3322.639477	T3
31.74082475	20.99849644	21.75135092	7.287798445	0.440731664	92.67047083	709.1176989	Normal
588.5601315	235.658058	183.7897468	400.8453186	1613.089635	323.3643445	1196.897367	D2
837.5388571	79.08195702	56.14952527	140.5788996	655.9330017	160.1987711	735.7306128	D1
240.7165981	438.8014697	135.1353524	1240.0754	0.637979102	1004.952673	3381.301505	T3
81.73621977	74.20825972	58.99914869	43.42133907	0.256933098	150.1114654	843.7682182	T1
224.4251962	300.5598055	245.3461762	209.4959195	0.463171368	391.1084125	1387.587787	T2
2143.493585	74.20798419	34.01139002	15.58798454	0.221700927	119.7494839	743.2844647	PD
34.10397761	28.22929562	29.24330518	12.7582497	0.217026745	124.3074164	666.5884076	Normal
244.7470428	309.8817069	247.005584	202.9229884	0.239867943	389.3253841	1488.782556	T2
398.0136676	166.0529347	141.4180293	274.2386943	1058.874304	275.6139433	1064.039615	D2
60.71092765	69.99826669	54.28393322	38.64662759	0.355070229	128.938673	712.2136026	T1
249.7558741	428.4855256	134.2833017	1237.470837	0.71235079	952.6852621	3532.89431	T3
225.3603915	307.5922551	258.5506581	215.8816664	0.201847544	395.9838105	1449.453556	T2
1787.976144	63.33557964	29.99094902	13.9773388	0.467143881	100.2598627	619.0241973	PD
350.614305	50.14302048	39.79708029	113.5287569	612.2234804	137.7704496	787.8778638	D1
435.577926	215.7965055	175.5961843	298.6707061	1052.913364	325.5546138	1123.996918	D2
238.7752687	314.076736	257.163266	215.5682478	0.283694406	410.0346838	1433.254256	T2
66.55189054	71.71833689	53.17538732	39.76312942	0.391898717	129.5457368	707.0986286	T1
476.2311058	242.9139849	197.0338384	343.6452269	1251.335398	311.4098646	1326.457452	D2
1912.806226	60.84467918	20.23790193	11.71352617	0.257396177	125.0757795	612.9146633	PD
435.0770521	56.55649408	43.77937487	145.022778	674.8111599	152.5185441	682.428309	D1
94.38113291	88.29032668	78.35197912	48.72973012	0.313142227	181.0224989	800.6646467	T1
326.0344359	31.89241174	14.71293756	8.537084024	0.412146359	103.2982314	688.9842607	PD
69.56898057	77.43184956	65.75752347	42.88731316	0.265743052	147.7034608	823.5300688	T1
236.4496161	308.8808134	268.888563	205.3629267	0.261687153	409.1413746	1381.465196	T2
634.7634029	203.3817973	161.1978876	403.7426294	1842.945281	254.2914028	1085.390938	D2
749.1024008	46.98921102	26.9806556	18.47193369	0.463384725	95.09070644	754.9063198	PD
242.8017586	322.8668999	258.3928557	208.5527644	0.345395915	425.2815201	1470.667336	T2
460.8089537	39.81762682	28.85878507	172.1762851	1041.899996	112.38444	682.7577318	D1
83.83527319	91.70288243	75.67185761	50.37216655	0.358672486	153.2288074	838.0201783	T1
601.7160392	195.6762035	159.8896401	404.1044756	1799.653116	280.856157	1102.201116	D2
244.2587038	438.970326	134.1042093	1224.117666	0.631379978	983.3463232	3414.516572	T3
62.27669369	72.67563713	64.31307051	42.74348046	0.256167625	149.3388297	829.6810096	T1
239.9371296	486.1546433	137.1819955	1215.220118	0.747050257	1014.994839	3216.279276	T3
230.1323191	308.741962	260.7790683	214.209848	0.347298153	377.9002266	1488.682035	T2
86.613153	82.23685236	66.7553459	51.24617111	0.311236343	147.5330789	841.0880396	T1
915.4266489	91.04923288	65.46764157	182.7631493	868.6477519	155.6031263	797.4796566	D1
1555.165017	48.18482457	24.60065381	11.16424648	0.337619341	101.1525601	657.2592269	PD
422.270671	209.3502846	175.2568664	299.7213396	1122.328751	293.2175292	1079.048033	D2
235.7076393	471.221921	139.7841454	1172.348882	0.748581112	1039.075722	3381.219204	T3
953.8399856	40.9111198	21.61366231	167.5608638	1033.535081	118.7728799	668.0835523	D1
77.01367282	64.62395257	58.35906459	34.88258508	0.230722812	157.5112277	732.2131854	Normal
83.98567796	89.64033692	68.54459876	47.56118199	0.218058709	163.645874	816.5399593	T1
420.5438096	269.1423656	215.4162675	334.4656602	1034.706892	337.9299697	1347.17943	D2
60.73649694	50.2646447	39.95673807	23.66710956	0.276253794	138.1520902	769.6241795	Normal
708.4655856	31.28733375	21.86160276	9.979211622	0.516713263	83.69241643	694.0544021	PD
1116.06523	47.69508542	16.93624156	5.583659523	0.349671307	117.5061968	745.687075	PD
242.8298232	316.5134294	265.9275017	203.2668492	0.268953771	399.2799905	1377.590593	T2
702.51933	313.783442	266.2555194	482.6470776	1956.918822	423.6890919	1509.069425	D2
53.53103116	50.6128032	43.28956421	24.00106689	0.460755262	121.5559813	717.267517	T1
247.6301467	306.012282	253.0492899	205.7495988	0.507952515	406.382745	1432.53817	T2
353.1384862	24.75219441	19.63690206	8.241980779	0.459677309	86.8958523	633.7028792	PD
227.356476	321.3966091	255.8170032	208.1477955	0.257094726	423.8617622	1486.602115	T2
243.8066986	474.2778944	137.9250993	1219.906503	0.793800939	1014.264134	3384.941475	T3
1184.105386	44.31866776	19.18273423	9.580390275	0.390806949	102.3311802	611.9597371	PD
248.8738344	464.2869208	136.997467	1213.881795	0.920424842	995.4206345	3392.679229	T3
837.5446166	48.57689665	27.41545545	16.8406005	0.410476917	125.474227	686.6686804	PD
452.1285141	41.99332207	28.55171465	156.4671829	907.6024664	140.4487784	740.2240943	D1
248.6149755	316.2740237	261.1414084	206.7282439	0.227145069	397.6419685	1543.705294	T2
1583.747451	55.66047386	23.38335233	8.271723682	0.277476191	110.5539039	693.2384929	PD
1727.438996	50.96443473	20.72542699	9.024444055	0.45901662	91.71940017	663.3536297	PD
646.9640298	231.4970452	203.7548014	423.992234	1911.831751	330.7740607	1239.096975	D2
892.3534069	67.03137971	44.42602996	90.45285042	428.4225073	124.2546842	794.3067341	D1
1114.913433	76.96245164	51.81377097	181.5152728	1006.837833	131.0367322	767.8404181	D1
490.3181953	30.43116658	16.5720424	152.5180753	940.5347393	101.0276612	718.3849183	D1
246.4732509	469.8559952	131.0834134	1245.505356	0.77037168	993.0598564	3402.338549	T3
72.37104401	74.32896427	71.22159242	50.38315558	0.376578424	169.6879279	860.5589161	T1
637.5675401	67.66885063	49.90479363	104.7012191	500.2612872	133.8151901	716.1830234	D1
2456.89458	65.43850672	20.63570097	6.449778406	0.270139309	122.9683244	660.4724185	PD
240.9794334	443.6261438	143.934857	1225.710743	0.838353238	977.4907905	3424.618558	T3
461.0531332	256.5648108	211.3638875	322.764295	1015.729677	343.4190559	1338.93547	D2
701.3847434	29.72836655	17.03101897	137.8591501	892.7529955	107.8973456	671.098696	D1
732.2821648	79.76605215	62.52725205	141.6510308	730.1471974	156.5292328	774.113077	D1
450.7788648	228.9097225	174.4462852	304.9774297	1135.335833	287.4878239	1208.518448	D2
1996.678158	87.01997837	49.17794574	29.95032257	0.41784559	125.893334	758.5088503	PD
92.76117309	87.3451046	74.53724641	52.166913	0.273709534	166.9120677	817.9968069	T1
775.4683439	59.02987745	38.63107025	131.6333435	731.2828791	130.0563625	683.9565276	D1
228.4032758	302.0512805	259.5539314	202.0023024	0.251384603	408.634344	1544.062064	T2
243.6339692	445.3710674	134.108752	1178.355927	0.778777018	1007.258185	3465.655676	T3
74.50774976	62.45774801	52.03455234	36.2098772	0.320886171	151.0668776	709.8559673	T1
233.9999766	313.649318	259.9142653	204.9943532	0.476338356	407.6887858	1463.730631	T2
238.2158026	315.1428456	265.2820929	213.617706	0.247172009	395.3014089	1489.738082	T2
94.15221187	103.6069721	78.52041896	57.46472572	0.346968701	200.3819944	937.0801952	T1
1094.513692	36.77216262	16.67812985	9.189085184	0.239532842	81.48181977	664.7943123	PD
685.7915717	321.6050853	252.764509	503.8657397	1895.501377	400.2018294	1516.869474	D2
613.0203939	169.5553424	139.9484871	381.9901011	1897.624488	271.2148791	1157.307745	D2
64.0890133	51.45684027	44.33892655	28.69587359	0.214718174	134.1413232	830.8627511	Normal
224.2052612	301.175136	260.9195451	207.9782084	0.247656747	390.2127696	1454.350091	T2
332.3296017	150.2303536	131.3975731	218.3440507	836.4343852	230.8768418	983.9205552	D2
242.5623365	468.1982152	132.3098689	1192.213865	0.76529202	1008.798773	3360.554768	T3
822.2858442	34.21929697	18.82563341	173.1205955	1148.964193	100.2408458	657.7176432	D1
745.4475982	33.28910127	16.34050472	120.6553221	734.4752995	85.09098439	678.6231848	D1
70.78555391	69.88289778	58.46163408	41.88708588	0.319400105	133.5623058	722.5664376	T1
76.63115579	71.43343332	54.04061098	36.90650454	0.293549398	148.3938561	863.6060575	T1
448.1934222	165.6729311	135.8437751	278.9785387	1282.119601	233.6742343	967.1716675	D2
396.9625024	158.7029409	130.016359	263.3140852	991.6832054	239.9328077	1060.125088	D2
38.09078169	31.44433156	27.05885868	15.56851821	0.218790242	106.6169017	732.3888286	Normal
82.88656631	76.46957247	71.07882135	45.24377511	0.257042946	144.2623388	732.061457	T1
232.0880756	453.3649395	143.8975043	1162.165703	0.728772887	1028.545243	3555.640887	T3
233.1146998	468.6072405	142.3439503	1273.764397	0.874936495	963.3250079	3388.19562	T3
46.15839506	21.02532227	23.0962391	8.193474888	0.343727184	100.296963	592.859941	Normal
1026.746591	38.65301505	19.03356387	5.946486267	0.421534048	103.6790512	646.57962	PD
1702.063092	94.76935332	60.98892905	39.81601552	0.228409222	168.4747316	738.5087706	PD
57.08519112	54.69404037	44.3275087	31.28029044	0.210507438	139.7839003	652.7283144	T1
628.0901274	188.1242585	167.6964149	394.4539426	1818.545733	292.7955111	1124.853412	D2
236.5826302	314.1960973	252.3263505	213.4070472	0.287069255	414.1529795	1403.790898	T2
40.04696271	22.43593276	16.28098175	6.243597002	0.274095648	98.85392658	651.0837012	Normal
44.77145403	25.45765023	24.53963804	5.612878975	0.434627691	98.40690041	651.1484968	Normal
222.775688	459.657135	125.8690431	1153.830132	0.795545653	988.6556387	3446.264121	T3
378.2206047	24.86841723	17.40758637	6.482541631	0.506804363	123.565828	639.5385571	PD
527.6203327	35.9216673	22.05150542	13.18425094	0.445448511	124.5203212	637.7796645	PD
879.4606678	76.85188839	52.09566066	203.0466399	1135.655387	156.5625786	762.5117157	D1
244.4016067	468.953718	135.2746496	1223.06876	0.87528329	1014.44642	3500.620359	T3
471.1475488	225.0370448	189.2367313	323.1950639	1275.757063	288.5443041	1145.000306	D2
449.1028462	293.1292022	231.3482371	338.2964836	987.8150362	375.4722032	1263.969934	D2
432.9370225	143.7750263	121.1332149	259.3660709	1196.225541	210.8609751	891.5771281	D2
444.2305115	49.91143769	43.11154539	108.181362	546.3862757	106.2733649	765.9928435	D1
551.402145	173.2064537	136.0036759	357.167292	1661.728728	259.2955975	1144.786846	D2
68.76350003	55.17058402	48.13459696	30.7293585	0.379582539	136.1493011	677.8143664	T1
477.8620876	46.66999202	36.5410686	100.1287736	532.5503575	109.5255621	691.1975894	D1
622.6828547	224.665128	199.6330515	418.7523333	1918.750823	304.4197527	1202.48072	D2
232.8937774	459.7130976	134.7312525	1222.055348	0.877811511	1034.530748	3324.69265	T3
230.6142043	310.1356699	256.5114016	208.4729961	0.203820271	406.2801247	1426.815014	T2
227.4757156	452.7726496	147.6020136	1205.169793	0.82389283	1005.170442	3401.168193	T3
826.0967591	51.9701405	34.40233541	18.40759085	0.482828455	107.1021818	651.9053385	PD
236.098782	305.7707739	251.821582	210.3964874	0.320478998	382.5176826	1481.728787	T2
241.5254852	428.7653535	139.0294737	1237.367201	0.842472461	1004.314622	3338.622312	T3
527.954644	197.8023997	172.770817	350.3718626	1565.632952	304.88634	1070.726214	D2
252.7722975	307.7172633	265.37409	209.972937	0.439653969	369.7609888	1461.70004	T2
586.0761278	44.81661155	34.93519351	166.9854021	958.1608142	118.9977285	715.6578741	D1
917.6534567	109.2916148	77.32201153	190.2262554	895.0548611	158.8860325	833.985301	D1
419.3797608	88.18533212	74.52751119	177.1131324	848.5237071	164.0376111	786.1002322	D1
2094.122933	94.37856125	44.5857407	29.20709489	0.461037574	119.9366779	670.0353985	PD
417.3282585	260.6720147	216.6623432	307.5560629	930.5395498	359.1365743	1359.49657	D2
859.131581	82.20477654	48.08509252	31.7428837	0.467497881	152.5932659	698.9037406	PD
76.04917203	60.893729	50.56001969	33.91633025	0.424640174	148.4876127	734.4807029	Normal
237.4660442	305.1897869	265.8172819	211.5470477	0.364088608	382.9922765	1428.139043	T2
82.75380681	95.6863625	76.96137516	54.1769933	0.345751173	191.2390294	794.1458956	T1
234.9894137	311.203324	260.5255308	201.657954	0.266973049	400.4932319	1549.306519	T2
1117.358767	71.94048262	48.3070016	188.6677645	1075.654305	154.9786333	830.7868752	D1
253.623306	314.1252823	267.4624774	211.1494979	0.445305304	386.8401626	1453.808812	T2
246.1993007	444.7917303	135.9184298	1175.502355	0.758414559	1023.925973	3501.548697	T3
238.3893356	298.2149021	289.0374902	208.0674994	0.376018139	406.3717026	1371.874391	T2
909.0931878	35.82732384	14.96888319	98.32295903	636.6048574	105.0242759	611.4841539	D1
42.32353121	30.00428304	20.42521344	9.25608756	0.428100147	117.387685	707.5802005	Normal
560.2044684	285.4884955	239.2981692	406.2287351	1484.512606	373.6762609	1366.489188	D2
402.7431841	56.54518559	43.7318109	26.47150952	0.366841308	118.11071	746.7835643	PD
545.0063655	265.3682269	213.9024484	378.6620331	1306.093495	350.5248305	1222.349832	D2
1073.954988	91.21112418	65.32379897	39.39951928	0.406800156	159.9115907	776.3012872	PD
576.9540397	148.9469725	121.848773	354.6139683	1771.33798	242.8875808	1023.991155	D2
240.3984835	476.9722443	144.4733563	1177.734352	0.781191359	986.9102548	3272.154526	T3
470.2267237	239.6747517	193.5990795	328.8924952	1165.576534	326.8184132	1175.903631	D2
358.5486736	31.23884817	18.6096999	80.50777187	481.7137587	107.4563525	590.4616329	D1
77.71592484	61.59238448	53.60960049	34.55762774	0.347170772	153.009521	800.0538663	T1
526.5323942	254.0218699	209.7775243	375.1824998	1360.83903	328.9050146	1333.726159	D2
228.3723057	313.1448285	257.86901	206.694968	0.432364971	392.9530476	1375.179849	T2
53.71604169	27.20378836	24.85069892	10.74565969	0.204405687	95.77784055	624.6028345	Normal
221.7522769	65.82026143	50.71051299	37.50783485	0.355219723	143.2205759	748.2925015	PD
228.1268895	460.1593598	145.1869675	1201.282465	0.833922532	990.7811208	3432.107307	T3
251.4620608	319.4220796	260.4815272	210.1027939	0.432722811	395.3627307	1354.755209	T2
509.9349541	248.4283061	227.7401821	363.0057495	1276.040694	342.2819637	1276.266525	D2
74.18725832	73.69492133	56.1917326	39.84273684	0.309278584	149.7530309	733.9888986	T1
230.3110495	298.8839978	261.3371076	210.3014325	0.323482208	439.4029953	1469.502947	T2
255.1286309	316.797926	265.4742798	204.1583071	0.203593429	377.6519094	1449.816227	T2
1336.341523	62.78985109	31.38635629	16.50991197	0.286721061	111.092129	757.3945699	PD
342.522684	211.3597375	173.1433065	259.5087576	871.836798	285.0187469	1109.196974	D2
82.54538233	76.93958293	63.06240185	43.42050155	0.31945051	149.8895711	799.3935273	T1
75.73332128	68.34444345	53.80001567	37.18572805	0.238675819	167.15335	765.1059953	Normal
565.1044626	258.1905417	221.2777105	403.3281612	1501.791845	348.174495	1310.904223	D2
528.1487489	56.80810663	45.86894684	26.64411712	0.305479446	119.911486	650.4846509	PD
232.1134375	316.9396557	265.9662895	209.6184046	0.425335886	387.4838927	1518.092494	T2
81.38298323	85.40453918	70.02307128	52.68219718	0.240655936	179.9430996	789.6687422	T1
470.1821896	26.31391503	14.95387934	123.4012453	741.0349399	97.16247347	626.3880801	D1
838.3933031	53.37368024	25.35258201	13.90465593	0.24216098	110.2309494	602.2890634	PD
57.61148149	60.20589648	52.1838033	31.42068877	0.217951632	139.2032014	689.4776251	Normal
507.7035812	221.8542077	180.784731	358.6550739	1448.872989	316.2384269	1273.13895	D2
222.1590027	483.5967511	138.109821	1159.661191	0.624986067	954.1461387	3432.170529	T3
47.40570436	28.30403189	18.83067041	8.209294249	0.209241609	109.1636211	653.979682	Normal
70.30369001	82.28048735	71.79115202	44.48914408	0.272072748	162.5581643	758.1924105	T1
2066.473937	81.29466093	31.39153172	18.35163826	0.227956402	120.5782321	737.4608028	PD
38.97744803	19.71034958	23.16845123	8.990079891	0.46494309	103.0170366	643.9350585	Normal
46.04513188	40.34650799	33.84393795	17.46706511	0.316883949	108.0811009	749.5932163	Normal
79.58313638	88.00481569	70.8347029	49.84848604	0.441103276	165.8312125	855.6477687	T1
39.28611657	36.9613004	29.80104357	16.50688797	0.476574489	103.1890677	712.9862031	Normal
233.6640043	330.2385621	259.532077	202.3471616	0.490662289	387.9498501	1528.364281	T2
228.8390912	305.3327312	256.618135	206.255079	0.355722379	427.5697802	1472.526933	T2
236.8597481	457.2368075	131.3809663	1169.276531	0.600271986	984.8271097	3321.46812	T3
74.33556339	67.69133409	55.60630539	41.02859814	0.382590808	136.4623136	831.496304	T1
68.01208569	59.56214124	46.04309211	32.6156695	0.405232606	144.0669414	781.1733338	T1
46.19257768	27.4590203	15.90196923	5.296385204	0.429568427	113.872181	618.6823945	Normal
65.51096773	67.92269995	57.07869906	39.74729941	0.33360012	141.6409408	832.4644062	T1
241.4561471	308.2362857	246.5862095	215.4015942	0.358292953	363.4345853	1527.621896	T2
66.62191374	65.78027875	50.67527123	34.03294956	0.374828546	142.8866685	800.0304034	T1
446.1931362	300.3367403	244.7667845	326.6580196	883.0343623	390.5184184	1461.357455	D2
237.3963551	307.9552775	268.8843782	211.2912299	0.331528073	405.6684929	1337.62517	T2
57.91751091	55.46155358	50.15219474	30.74276137	0.29480328	122.4377983	729.3145107	T1
66.00830884	74.20706956	60.38123808	42.69285563	0.427729971	163.1044024	791.9366316	T1
94.14608144	102.30981	83.93171095	61.22764684	0.204823254	190.8283036	888.3412218	T1
239.3275924	313.1350807	258.4210818	219.2802466	0.222100044	377.6813469	1350.767926	T2
245.2866512	307.3436596	254.1804317	204.5517697	0.503621418	389.0416128	1402.983626	T2
401.4493715	187.2458237	152.3260577	285.5769721	1083.278723	254.5922789	1148.182925	D2
32.76028495	25.87823136	21.90535403	7.582300853	0.287782779	100.8027224	659.8506204	Normal
447.6163406	196.1800602	160.4326573	296.5719361	1109.72625	268.6175534	1111.678952	D2
238.4976917	333.4293038	257.7988367	212.6555549	0.414036984	420.8760096	1444.299203	T2
549.7005138	169.3896817	148.9703829	345.7453325	1689.458508	251.9289906	1085.611718	D2
1004.620671	34.2107765	16.68307593	177.3431993	1131.713533	82.99614579	595.490985	D1
1065.89979	78.71636167	51.45236083	35.27972426	0.470417531	160.6192205	833.9060174	PD
249.8768727	450.5040353	138.3775158	1249.178733	0.878014932	1031.697007	3385.577929	T3
2010.525683	76.32940194	37.24546004	24.03064172	0.49205802	106.7014591	730.0212581	PD
58.04195528	66.23461207	48.3210452	32.55828744	0.313742722	152.123105	748.7215849	T1
485.5451824	179.1338115	140.766602	341.5928984	1481.541324	244.7729738	1008.52066	D2
44.87749453	23.37423759	15.06501317	9.152672208	0.50668812	102.486628	723.3878272	Normal
233.8652503	462.4265309	137.9661406	1243.19642	0.698476096	958.3240111	3308.114666	T3
220.8554575	460.6006189	146.7249576	1200.56545	0.723672778	996.5306775	3289.055399	T3
50.13628062	43.5333593	40.84562701	21.70404265	0.203650599	139.7045878	660.9326671	Normal
233.9455379	459.1910306	138.6044232	1253.142953	0.880824746	971.9982401	3437.763654	T3
627.9706495	188.8839793	159.495801	409.7776355	1965.32039	282.2413646	1025.371901	D2
226.2057593	463.5459273	143.326671	1215.947525	0.800076702	1037.377006	3328.401278	T3
45.8001661	24.05614761	18.78657028	6.191510099	0.395613546	115.4453012	639.0536813	Normal
233.9935179	451.9096494	136.7502235	1202.990609	0.616020566	956.3413901	3361.004396	T3
776.5042439	39.31098421	31.80396746	129.1946269	772.379964	102.0408663	722.2350229	D1
79.35008358	73.36186845	61.33435555	39.880414	0.422267145	160.2012061	812.4402083	T1
241.9932808	477.5553466	142.2681273	1228.982781	0.678678394	1035.659424	3341.649235	T3
63.99114421	57.71792757	47.51127265	24.22108629	0.237105155	144.8971436	786.4725977	Normal
887.3408082	39.99980808	15.69560045	6.267732258	0.46717209	82.55729775	710.0518086	PD
67.13961476	71.79651174	60.01512586	46.61866944	0.36915814	138.0235276	831.896729	T1
490.3885876	82.82127318	60.99276176	167.520504	826.0900978	175.8174153	875.9051621	D1
54.31499865	35.31950502	36.18686428	17.4173983	0.406000605	117.420251	713.3159915	Normal
49.81453246	30.07834516	20.07137363	11.30589316	0.457719757	98.12664424	681.6221246	Normal
251.2317974	313.1447495	255.9998764	204.1741375	0.294498869	407.820809	1347.589212	T2
229.9134919	444.9914019	141.0830122	1218.940162	0.65896351	949.5121914	3449.761107	T3
832.3641127	83.40654451	62.72216643	104.4231718	427.4203751	167.6227298	807.2152839	D1
345.5128193	43.41334996	24.26201715	15.4536151	0.375252212	117.6129535	658.6105965	PD
235.0527925	332.5923214	266.0831073	202.8379862	0.321259957	409.8629329	1457.998739	T2
66.87749158	65.24013776	55.82708939	35.68858781	0.394294245	126.8704065	726.9559828	T1
641.4434029	80.26775378	56.46835533	186.1635641	1050.207222	139.8446591	749.0277317	D1
2273.573736	62.620549	15.82670991	9.71529238	0.316894081	95.42844299	654.0520625	PD
2076.055403	61.2390103	19.95143864	13.99346556	0.270462096	121.2396984	613.2450332	PD
234.3344945	427.6738988	144.2903464	1194.554145	0.776697006	971.5052575	3401.626397	T3
733.0503146	88.4790577	54.17474654	41.9549073	0.414842954	127.5533805	766.4069878	PD
229.8229631	458.6135724	140.8254969	1169.798833	0.77168734	1005.273234	3372.258581	T3
30.63545918	23.66890036	20.35028318	8.857954898	0.371695528	92.15256797	599.872633	Normal
48.17496246	21.16414054	18.41659462	8.499834439	0.40540447	119.7372288	643.0331104	Normal
447.1566347	34.74653665	20.86741378	138.5784283	817.1549651	106.1017409	758.3966766	D1
1015.967388	107.1748078	78.61944754	177.6686522	741.0162155	161.5571295	827.7865265	D1
754.9152656	93.92271485	74.5129961	166.652546	734.9188354	167.6115998	840.7909458	D1
44.30655484	25.45059597	15.08108369	6.118263511	0.410564676	92.77362808	702.9219416	Normal
35.16340557	27.91654037	22.31552802	9.367727818	0.325767822	112.1949075	718.5183248	Normal
244.6698271	318.7810907	259.3812773	202.6238033	0.490057525	391.6025543	1395.867248	T2
246.9618961	456.8601529	143.7272543	1188.90662	0.784629607	1012.88805	3362.628156	T3
220.4940526	321.4526051	259.1562188	214.0468862	0.39184435	361.4253999	1463.17601	T2
225.2848693	431.8569787	136.9239083	1252.987815	0.742206394	1015.465964	3423.064475	T3
425.4625966	298.6462121	237.3650806	324.0876553	851.2134751	356.2891123	1407.795903	D2
427.7593411	292.5240974	235.8457817	332.7845069	861.9324229	372.3496489	1310.010291	D2
467.3844461	75.16083656	60.55958275	204.6455213	1042.602635	161.6490586	789.0392644	D1
49.90180789	38.36766267	29.45475072	19.38356872	0.222741718	97.48955719	736.7882903	Normal
233.7207871	325.015751	245.8717776	208.7755003	0.285306318	386.0229451	1294.883323	T2
971.2061029	37.93147634	23.95843415	135.4497023	835.5317745	86.660408	742.4419588	D1
495.7390552	145.850092	118.2608638	338.6473981	1581.167288	236.33812	969.5451283	D2
1069.941366	91.66320884	60.68539755	216.6892381	1115.212659	150.1072669	787.4202357	D1
665.6315461	57.54262724	36.50655712	121.2783163	683.3520084	136.3459665	737.227202	D1
804.1146308	41.85682827	22.8158586	7.501796751	0.273437865	103.3989325	716.1954323	PD
627.2265488	34.56881775	24.07766221	111.6323878	620.2009015	117.622437	716.4619597	D1
242.0123985	306.8533307	253.8827796	197.1232769	0.373199348	400.3275192	1497.587517	T2
85.81207171	94.53082774	78.70747821	53.35379097	0.428565638	184.1238432	894.8490798	T1
546.3081265	57.28937348	44.59246677	25.9491787	0.243553464	142.1807581	750.9219928	PD
240.506205	439.3496631	147.0163002	1199.104999	0.787003354	1029.976084	3337.425449	T3
61.77675163	65.86303588	53.93790772	31.97739233	0.199448906	142.9582067	785.9095712	Normal
241.9604081	480.4026996	137.8841367	1185.315781	0.809364709	1023.163341	3477.191435	T3
451.1560033	272.4116385	230.2586764	327.6347839	899.4726004	348.2184972	1279.925971	D2
465.7355092	283.2617757	255.2891049	332.1833946	1013.300465	365.1673526	1328.187914	D2
494.6606957	198.0309682	174.7392305	316.0727349	1260.232545	287.5184023	1125.452043	D2
251.769368	461.6720481	141.1596018	1210.093892	0.776647842	1038.271193	3435.600979	T3
814.4316308	55.29028186	36.95532938	182.4957214	1065.283063	117.6852589	762.9309275	D1
591.3981602	31.39660049	19.32664336	6.825126528	0.316617338	82.3789928	727.097651	PD
785.8076007	84.10163937	49.29633083	146.5885587	727.5579265	135.3175832	843.6875021	D1
69.13700361	69.80914459	56.48992927	42.89415459	0.204797593	169.6482103	721.9709753	T1
37.92439676	25.57328457	15.42240283	7.321239393	0.288246541	96.52224099	659.7847511	Normal
229.9937675	460.2973158	144.0569433	1207.566457	0.782800622	1054.168774	3421.006935	T3
36.1092222	21.53247794	20.67845434	7.914917301	0.374434899	87.85092325	705.8880711	Normal
668.608013	208.7934615	179.4220583	423.4880154	2012.953079	304.2021067	1168.676935	D2
241.1036401	454.2043816	140.2854053	1162.902148	0.658284379	1030.207368	3427.118464	T3
246.0680455	439.8452553	141.8543302	1257.0541	0.642982292	990.0227631	3320.328886	T3
59.95658256	51.38784229	43.12508625	28.00513869	0.209230606	133.9772421	735.3985794	T1
244.7676159	307.7572164	257.5204762	217.4062623	0.465014377	358.5529543	1531.812828	T2
233.4272289	471.222159	145.0100895	1194.819576	0.850424476	995.2109091	3361.724469	T3
241.7289308	316.3207714	268.4929738	210.8395765	0.43849529	422.2180866	1387.640234	T2
611.7222601	145.925911	120.9069639	400.1969522	1946.926391	230.597809	1109.342831	D2
243.0173554	451.7909725	144.5847622	1206.526264	0.633444993	1040.030981	3497.616123	T3
71.89802551	66.19375482	51.47399092	37.48983938	0.333935445	124.1413389	780.741487	T1
226.0166858	328.403015	267.1941718	207.0129313	0.382399337	386.7406793	1451.361939	T2
399.4123351	156.0557936	125.5377555	270.5771309	1175.902502	204.2320551	1051.148972	D2
1996.721645	85.07100658	40.44640401	25.70003284	0.510761703	148.5483036	656.2758511	PD
1141.10221	37.71193442	21.60844017	166.2980513	1135.487245	100.847504	583.6466706	D1
240.2271903	475.5981111	142.1573656	1185.948034	0.805674402	1027.735212	3360.38583	T3
250.527907	466.5141243	139.5454577	1254.780744	0.7915462	1040.612429	3369.653515	T3
233.7166984	462.7389455	133.3065063	1171.610924	0.693103258	1008.920073	3374.928595	T3
55.53625887	33.81403522	26.38092281	14.53500337	0.417638218	92.65496093	700.521967	Normal
96.46326153	101.5926348	82.36794688	58.61599884	0.488757404	179.1789056	874.2632637	T1
740.8752896	58.85868671	35.71699812	22.48461738	0.458242544	133.6065314	723.1110921	PD
657.8536104	106.2270616	78.76607043	182.1017887	843.4140111	161.7325856	798.1758991	D1
723.5640251	76.71896881	55.81961366	137.4879445	721.5840503	141.0456335	700.8799599	D1
573.3898496	254.8380266	219.519733	379.1357222	1490.457477	323.4393024	1281.175474	D2
501.1762755	112.5278649	82.51463642	128.71544	418.4856145	180.4504359	908.5210232	D1
65.02717335	63.32900546	50.60300644	35.57755517	0.41864568	141.8026397	856.0374753	T1
245.1345498	455.6467092	141.3064276	1228.336448	0.62887152	1016.086324	3315.399769	T3
375.8006496	165.6398716	121.9137088	254.2983449	988.8609083	225.4403002	1083.074754	D2
576.2655968	71.43547717	52.57331528	119.3625208	503.9674329	146.6997438	769.2927165	D1
503.3543488	235.3680784	188.3759701	334.7690797	1311.409614	298.979479	1147.467125	D2
442.217776	29.78451986	24.79336164	103.8124527	655.7434843	85.2801363	679.4014784	D1
243.1166505	316.6973529	269.1242354	204.5328941	0.462361014	372.8867747	1386.286769	T2
653.3233238	258.7712697	225.676448	449.1681972	1791.093765	322.3205095	1412.744704	D2
237.5092043	458.010528	139.2107653	1180.872806	0.60562684	1015.077407	3476.783485	T3
229.7717574	300.8139022	250.3333869	201.6391259	0.381613408	403.2040192	1444.042409	T2
887.6007925	56.27452909	32.74921646	19.26901038	0.221726371	123.562895	725.2981223	PD
234.923486	479.2512435	147.2328632	1198.722675	0.951945297	1011.197317	3270.365754	T3
235.3423096	311.334785	248.1950639	204.5911082	0.26064069	409.9470758	1504.349938	T2
74.27522987	72.08635819	57.05110955	36.83416173	0.236624534	156.8223522	795.0435105	T1
232.9898276	315.9773717	262.5907859	208.74413	0.382577067	397.854431	1427.617946	T2
64.703572	47.08009167	44.20868134	24.12703574	0.356696871	140.9960452	660.8708461	Normal
1156.939248	92.57085777	66.85563352	202.6596059	1070.201507	140.336341	829.868671	D1
76.02000526	82.24749973	64.88179744	44.51218882	0.364711045	144.5369604	791.1655205	T1
665.288431	250.4535242	211.3468157	458.9561064	1892.577934	340.222494	1168.638312	D2
65.45792417	69.62473694	62.0634974	38.53505008	0.328045547	151.5052852	711.4018208	T1
697.9783719	82.237562	56.43182359	144.3598134	615.669913	149.7647894	757.8756865	D1
82.5636551	95.43705651	77.44366224	54.93861963	0.271668189	164.5929346	871.5496273	T1
238.3142486	452.3427614	137.8293765	1240.191278	0.705764996	1006.486841	3315.663435	T3
242.9177843	313.4929609	262.8663911	212.2191935	0.334137649	412.84967	1451.900311	T2
480.5213697	281.3028458	251.008078	341.5896467	1047.022865	377.5359985	1382.76513	D2
251.8538407	313.7470401	250.4684077	202.6617848	0.296665478	377.2845589	1450.471642	T2
2109.28505	76.29375404	37.08705237	17.39948204	0.302860746	122.6284132	724.1831688	PD
47.46598663	34.431665	28.38715747	17.49642107	0.251357224	130.5845533	767.6328783	Normal
687.5479042	83.9218504	58.18640935	121.3841799	526.2696726	148.9211754	759.6469098	D1
363.5087952	188.6465089	154.4359665	242.2768976	854.8534091	261.9893359	1014.860025	D2
1302.955079	40.88758011	21.39805409	6.633190622	0.401040308	94.98878352	719.8166994	PD
244.2249874	455.6819021	141.6512973	1242.583146	0.84235626	966.5094763	3399.739941	T3
584.4645254	226.955086	189.8492594	428.0972963	1688.479803	332.6624139	1315.480481	D2
470.7076544	223.3210097	180.4829062	323.5883208	1156.090683	299.8962046	1177.682362	D2
44.86571357	20.35186264	19.23716784	8.776837309	0.387551969	106.6397045	604.233015	Normal
237.2962787	315.4138179	255.3809465	205.4888464	0.281327969	409.9367752	1484.490388	T2
45.05671567	37.11889379	28.51937116	15.67751535	0.290540163	94.29380894	599.9424418	Normal
48.8787294	25.5948282	23.54386833	6.831475951	0.32047414	106.876386	671.1436149	Normal
1472.32978	69.00015218	36.95066683	22.18835151	0.31892911	101.5891621	628.0822156	PD
519.9195568	26.30431343	18.87590703	76.06992963	464.0949061	113.1073023	616.9519329	D1
562.8319301	214.1100341	177.8846676	420.2024466	1753.143171	282.7117241	1238.894122	D2
66.4908351	46.52358262	36.60452037	27.41762301	0.337345804	116.0763917	707.4160636	T1
236.3747615	299.1104206	274.1447758	215.0373239	0.456629859	380.6526176	1331.138419	T2
60.42662072	62.65290559	59.03656087	33.07172129	0.28713181	120.5298607	803.168427	T1
949.1640402	43.10982497	28.7246612	168.8024483	1022.993682	101.9082212	665.5464769	D1
462.3526934	223.2461644	196.2713278	300.5737142	1034.554599	293.5022528	1257.387906	D2
240.1280164	311.3748337	266.3070441	210.2577026	0.387446607	401.6716795	1489.285668	T2
236.9140377	463.6291876	141.4825839	1178.782957	0.679618182	974.2839757	3554.314308	T3
236.4193884	313.4757432	267.2430837	205.2401128	0.210429789	416.1330656	1451.764387	T2
421.773617	234.0480482	195.4671061	306.5457095	957.1277216	304.5341135	1232.408483	D2
226.4407865	314.3961525	255.0314429	211.6696999	0.39666145	425.9183273	1458.178202	T2
49.59549743	42.3799652	36.2616233	21.35958187	0.296281827	123.4747602	702.9081299	Normal
237.1131377	314.5107975	249.4916446	206.8385465	0.503087311	399.8822516	1467.495377	T2
61.5671887	47.51311643	43.6359133	25.24454002	0.252416722	112.6142697	815.7027695	Normal
233.9933679	443.9909274	132.3365967	1210.183818	0.871527167	1019.377933	3402.263863	T3
36.2819979	20.7780893	18.01430649	9.027880115	0.246020432	115.0902637	677.8113404	Normal
233.8740359	317.3942471	269.6702656	206.1998967	0.404794208	395.468292	1440.888567	T2
853.5102074	48.69285393	34.87159191	144.0593898	789.8130803	111.6462005	623.1135651	D1
69.34958663	69.26180135	58.33555898	38.91939425	0.454732475	164.5552905	754.4994769	T1
236.3963969	451.1101112	134.9477529	1242.182431	0.810270216	1063.702713	3572.522381	T3
457.7542936	173.894842	150.3941406	302.1255698	1208.186879	278.2327681	1111.435984	D2
1300.050389	73.98939567	45.62305544	25.24666098	0.274150397	117.8878826	732.8669939	PD
57.64780928	69.49143593	54.05919854	36.00727204	0.258624104	136.7183546	827.7644046	T1
1019.417236	64.50928354	47.86647974	130.6731421	643.5056762	149.9887724	665.8786665	D1
58.95618501	74.85205504	56.59535652	40.48375717	0.227230357	147.6829442	740.2375167	T1
53.75125312	45.25379755	33.72477988	17.4572474	0.299596119	114.9516275	663.0326398	Normal
249.5665364	442.6072991	139.2838486	1211.916405	0.787607644	992.0917629	3481.318403	T3
245.1943939	304.9405951	267.4403364	207.3041275	0.380912942	419.6781863	1431.93739	T2
243.9861465	484.5403934	154.8385738	1214.16378	0.914041936	995.3215171	3200.414778	T3
34.11276635	25.95729557	16.01965839	5.780632671	0.326440407	95.83893917	696.8993088	Normal
71.70703462	69.58682397	56.41082378	34.27085435	0.426869176	125.4272632	736.2052686	T1
873.8627037	58.10261867	39.93362891	196.6718566	1172.799281	119.1988785	738.7293185	D1
412.53331	55.59853861	36.08579213	25.68653806	0.380149328	111.0250495	736.2896272	PD
67.87587238	52.10051182	48.55869875	29.28924982	0.335768884	149.2024849	780.7546579	T1
63.23939878	68.6998301	53.32446591	38.75455919	0.30986038	140.4289219	767.6794525	T1
240.9225979	299.3493862	262.8899709	210.3214499	0.420779303	367.514626	1504.178275	T2
61.72687122	73.87946625	54.75495992	37.72383563	0.244256777	132.8835158	813.3854133	T1
221.8807505	450.2456818	138.4378331	1258.588388	0.754226258	971.1740985	3448.410568	T3
473.2823401	295.5646186	245.7414567	372.2141601	1074.428908	361.9424619	1237.231186	D2
1151.994067	84.55723431	58.64977943	37.05644859	0.338509206	128.6971246	817.5278015	PD
246.0080299	450.2489711	145.4728711	1160.061056	0.894471631	976.5935806	3430.552904	T3
38.78345445	20.91642822	21.76216696	9.489650028	0.457252978	108.9430707	646.3858092	Normal
237.4001709	446.1561298	144.1453937	1207.15198	0.884564525	1022.838582	3404.927175	T3
412.7123979	267.607926	226.1634116	304.5514867	815.5110953	327.7594137	1305.987919	D2
583.0726357	76.35894049	51.58736447	219.3553218	1187.104034	135.5293924	718.5372281	D1
63.7050338	60.16122305	51.15989796	34.06867626	0.219583471	127.9550027	683.430407	Normal
225.6218649	320.970516	257.0477418	205.2210907	0.491993867	387.2062005	1345.319234	T2
48.28954765	31.83497978	23.93697205	13.10479305	0.424727519	90.92996109	654.4770196	Normal
579.4597693	97.0497601	76.7153754	140.6565094	578.9358331	173.4603529	899.88385	D1
431.213244	259.4234049	219.7155086	310.2961061	947.2927148	358.9335817	1244.199717	D2
78.97625869	62.09911937	45.45634863	33.03252906	0.479253616	129.0178937	713.7180918	T1
257.885648	452.8389998	138.759572	1245.740457	0.834965909	1029.820265	3449.044809	T3
245.9943198	478.093548	141.3283323	1223.586092	0.718833286	1003.292764	3460.13411	T3
2231.446869	60.47703318	21.77345601	5.626833939	0.403534909	83.24432477	603.4185494	PD
585.4817254	38.5936895	33.14428807	103.8440584	582.9335725	117.2152341	710.0797401	D1
223.5506397	452.7132422	141.5900739	1203.769847	0.662711466	988.4034046	3229.003308	T3
2349.600931	88.08132008	38.94267113	25.00993398	0.405109823	124.2282705	777.373371	PD
37.3777004	28.09859075	15.96560465	6.607117728	0.209381293	89.7400062	655.2813394	Normal
664.3382506	35.52195671	20.26133123	107.4848459	648.1880271	92.80294546	613.4825327	D1
677.2129724	261.0618004	207.7082942	424.5787023	1806.869574	325.8748344	1183.305271	D2
233.9914988	325.0629301	262.2326195	206.5395399	0.334168033	397.7590549	1454.940696	T2
38.50069608	24.71559915	17.26050583	8.606109877	0.309531648	113.2583613	667.3736982	Normal
485.1496295	302.0158352	228.0150934	349.0076088	1037.593634	381.7820897	1510.750974	D2
956.2651581	60.43951626	36.10387084	23.50073404	0.249406215	121.6213207	708.0886364	PD
638.9005218	63.04751504	53.40187471	124.5613444	594.6933866	138.0230856	686.2167312	D1
63.72314413	52.91888881	48.08823291	31.67156284	0.372702484	126.8646049	710.8765805	T1
578.2166134	248.9361539	208.0368071	390.4190387	1547.837752	335.7670056	1288.172451	D2
229.2121648	469.2044019	138.4754453	1253.169635	0.888019381	1036.957773	3436.898906	T3
38.10112577	28.83534143	23.4224538	6.079166636	0.292772937	107.2509796	644.8956531	Normal
695.4741045	271.043979	219.245151	464.3221484	1932.788891	334.785079	1274.596819	D2
68.11220223	53.38940018	44.95548017	25.51766114	0.368763463	138.0047413	721.7089287	Normal
407.6166092	62.97546835	52.95092077	113.6536438	496.9831177	157.2890474	850.0783098	D1
222.795168	314.184304	270.442996	211.2146552	0.415837179	406.5468395	1354.022404	T2
336.7750385	124.0689096	95.3688203	207.1986078	948.3381511	226.6104578	872.9124364	D2
78.80204861	69.15710473	60.45469973	37.115952	0.216032851	146.8872906	689.3824113	Normal
1107.179591	61.642247	43.48697926	180.9077444	1046.205743	154.889949	716.4923884	D1
449.3413695	224.8814161	192.0596071	308.9563997	1076.045894	318.6318307	1122.511765	D2
75.88423742	71.19334648	55.87925032	38.56119949	0.451441241	155.1262607	743.3229658	T1
245.4017956	449.9870444	145.2781472	1207.847575	0.722042652	996.6118035	3302.806214	T3
231.2404966	310.0095431	272.9688556	202.5687001	0.371495264	382.0547383	1373.38181	T2
389.188254	196.6386536	161.8506949	277.8873487	880.0083082	302.342568	1260.213989	D2
2358.456744	79.42268312	33.08125413	20.06456652	0.231596178	125.3735385	801.4741259	PD
224.9044064	319.0353443	262.1301954	210.461016	0.344873254	364.5455255	1427.938187	T2
601.598812	245.2641366	193.0503243	413.212102	1645.827761	318.613354	1265.534036	D2
1015.970537	44.72424372	29.84424991	104.4429038	600.5499497	131.2933171	646.5997555	D1
365.9342649	50.26431864	45.08660764	124.3222402	727.4999322	103.1785334	700.0191601	D1
508.0508324	166.7204425	147.513967	326.9985876	1414.022622	223.6583847	1107.106202	D2
227.352294	319.1760249	256.2369807	198.2271863	0.459940212	408.9269302	1516.714528	T2
643.6390755	264.3004499	218.7564017	447.0346038	1632.043997	348.8428425	1351.438175	D2
220.7580227	448.7198407	134.1365758	1248.137765	0.775696143	964.8537491	3339.961955	T3
236.9128587	453.711175	139.0473904	1238.337453	0.671393536	1035.98177	3354.330598	T3
2068.285301	55.17515098	17.4929532	9.431053924	0.419427395	103.1716149	689.463046	PD
551.1105221	185.2025514	157.9207182	371.9090553	1623.088679	270.3126545	1081.237497	D2
640.6179155	38.36675565	18.92629564	138.9343037	817.3222532	99.37879082	714.017067	D1
679.6488189	98.52019687	82.02365819	167.9344323	778.8547068	193.8378896	920.8118528	D1
239.2744645	301.3467365	266.5377402	216.574372	0.405062326	392.4327485	1479.477855	T2
455.429972	174.126694	142.2428772	322.2929129	1355.098914	269.1438711	1053.312149	D2
232.8010659	462.2354302	139.7050756	1213.401823	0.724395166	994.1789704	3490.842432	T3
67.2676504	68.02137371	52.50774057	39.59284594	0.34976832	141.4454578	701.1581271	T1
602.3458682	290.5207328	241.1509226	447.9956365	1553.571939	383.9062185	1397.419372	D2
449.9883978	55.81544831	40.56954934	118.5015374	659.3731447	124.98421	661.5592775	D1
237.1345873	471.11333	146.1896347	1145.913465	0.642263364	1013.081925	3470.363307	T3
1417.758953	88.22817282	54.43363251	35.03449851	0.281170474	139.8901953	807.725321	PD
766.837449	35.0901573	16.7232871	9.792772538	0.322555918	83.75942112	636.6963427	PD
447.9629354	34.4163016	20.25218025	86.41675866	507.7421714	88.68623606	650.5947971	D1
570.0383845	216.2978629	186.3226727	379.1703773	1633.612278	313.5803209	1182.243925	D2
517.8247688	271.8201253	232.3232811	350.7769491	1173.767091	368.7036572	1342.317785	D2
80.28133381	73.97302474	67.77032571	44.94512466	0.363278382	161.7662385	790.032525	T1
78.55676208	89.15839122	78.98667658	51.39115959	0.396022069	155.4495703	846.765563	T1
75.71216209	62.6838046	55.06455603	36.47164067	0.445475865	128.1589777	849.1509174	Normal
57.22087398	51.45231301	39.2457206	22.30481667	0.30838111	119.9157967	729.1366831	Normal
693.5437963	52.95696318	42.49654714	187.7366366	1191.330865	135.6601877	752.324779	D1
239.7016349	302.1262826	251.7560695	199.1391709	0.403050218	389.6452228	1487.283358	T2
2328.613361	65.56153288	25.92337131	15.56092125	0.276138015	121.5021637	725.3298217	PD
55.43803135	48.02673049	37.83220076	24.111554	0.321408566	144.4928083	727.6865224	Normal
49.40055815	48.16707664	37.57474785	25.0855866	0.329679541	114.6511303	671.4108004	Normal
252.5254329	451.4548934	136.232168	1242.681955	0.857058279	953.7314103	3388.742264	T3
1499.028333	79.19298925	50.0664532	29.73014977	0.465703987	121.0096985	658.7847159	PD
237.6461205	481.1928637	146.0781274	1209.786561	0.711621084	998.7466824	3330.426494	T3
228.064556	439.8779744	144.2146744	1237.612793	0.731424399	1001.448844	3341.833528	T3
43.99086784	26.34883279	21.32496641	11.37886216	0.508265331	122.0672462	653.0769591	Normal
237.8136535	326.1117264	262.3595067	209.7784309	0.383272933	397.6043802	1516.683206	T2
425.8076137	83.39018436	67.64876316	141.5099148	659.1042778	148.2787978	747.8240651	D1
88.37767436	92.12567756	77.6218571	52.79245105	0.382792606	156.7701655	789.0916283	T1
60.57377039	56.57927407	37.76284622	26.02696428	0.243936188	107.7420781	697.1173611	Normal
425.7875641	222.1033192	186.9939196	284.8073049	950.1977637	304.4958857	1212.913538	D2
488.3240173	213.3737206	183.6628135	341.813381	1308.380771	290.4525443	1239.199925	D2
603.9024675	65.30540505	48.96780322	29.71349306	0.378624871	132.0501507	754.4803041	PD
64.53286032	54.47461918	48.73234579	27.27552585	0.462521578	111.4936251	724.485229	T1
1736.929826	85.12111056	53.15207213	35.43033648	0.44436346	138.9823934	709.7654136	PD
608.5436607	32.93596569	14.3374214	109.7116898	687.5465235	97.62356406	649.2999129	D1
443.9477215	35.18015778	28.67639591	10.88232112	0.480106633	114.8149333	696.8117633	PD
239.1062796	443.3336214	134.8383099	1175.024001	0.605465614	980.7759195	3386.000806	T3
230.2003982	466.8408242	129.4472828	1196.101042	0.690672783	984.6302078	3542.487447	T3
46.57068617	25.34618621	16.05359665	7.799685278	0.443956955	81.32140232	596.1527793	Normal
488.1202498	287.5639982	241.894447	325.4026613	989.0759386	367.9480002	1511.816986	D2
1097.120838	63.3038051	40.03313667	20.36073444	0.432671393	135.4383898	690.6350368	PD
251.0530465	462.2085967	132.6191777	1185.1282	0.608220084	986.2120311	3363.69829	T3
502.7108158	269.5534789	228.4816865	385.1658716	1271.462079	351.9996132	1270.216712	D2
698.3185033	35.55705358	20.96560827	11.0111964	0.253100753	103.4898958	708.0974773	PD
230.3175437	449.2416913	143.0334522	1177.58602	0.781749324	1082.424824	3225.336739	T3
34.06209509	32.01093999	24.37572183	11.4534555	0.227327299	110.4017537	645.6444953	Normal
229.9750844	454.8112165	143.200872	1226.047887	0.63210543	998.9162579	3521.986825	T3
949.4648273	35.68497057	15.8285402	9.619498103	0.209227094	111.9832082	701.5619648	PD
625.3389354	214.5877414	175.6014871	411.4873719	1860.33866	293.2648031	1154.2555	D2
42.69076947	35.18450145	28.01402876	14.23395253	0.447040079	124.6065931	702.405499	Normal
39.15330493	23.57153575	16.88043558	7.58633506	0.330229814	88.13577259	700.1035987	Normal
230.3178973	466.5257488	145.8380953	1218.769024	0.787052638	1015.316255	3313.275196	T3
935.9929371	42.57798521	17.10299138	11.39337124	0.215334454	116.2178629	612.713245	PD
685.4464535	307.0108355	265.9962871	467.2942943	1872.329126	399.8474372	1503.810968	D2
1569.481957	63.81116993	26.92869944	17.08772254	0.496056897	126.23313	711.1117217	PD
241.6645893	439.6991504	145.6565262	1196.749003	0.726374168	1008.339774	3368.894518	T3
248.7272875	327.6850203	253.2902377	195.7646348	0.397559801	408.3732821	1515.058431	T2
606.9580784	208.9735713	164.2911439	410.7903598	1851.472962	274.1965269	1161.996067	D2
81.55240545	79.31316211	64.56013154	46.53235595	0.280936864	167.5263506	838.5459986	T1
57.00522679	47.67941586	38.73537292	26.04942603	0.291793665	144.2435044	750.8989401	Normal
70.58559931	70.95465627	53.18792135	35.83474338	0.336068046	165.5408125	785.5906925	T1
221.4266729	468.4322676	137.781478	1232.87914	0.839800155	1020.28745	3340.926845	T3
234.7208201	320.7116121	265.5743918	199.1106595	0.328183017	416.8943075	1463.047055	T2
518.9050887	94.8692882	79.22842759	195.969009	954.4957535	165.4632142	806.8003675	D1
39.91122006	30.31980427	19.06507623	6.89851573	0.248171984	113.212307	669.1949788	Normal
55.27638849	50.93545453	45.4796803	29.89275086	0.250689763	135.545465	760.1885212	Normal
87.78655448	81.50032107	67.84542616	45.22121114	0.23850046	178.1794663	750.0866497	T1
83.21219599	85.73059702	66.06773584	49.0450509	0.460498829	140.9580355	784.6480766	T1
37.4258536	29.34873951	20.97377003	9.368497153	0.311084266	89.97940646	701.1385509	Normal
1080.75003	73.62408359	54.2318516	215.5337668	1151.3211	146.5439251	782.1595353	D1
40.91109676	34.21057589	26.60548044	14.25177197	0.249508388	87.27602206	732.7776419	Normal
227.6680122	306.1530863	256.375655	213.0964726	0.413061975	385.756626	1492.999341	T2
515.3299378	47.93289176	36.23758419	190.9084965	1124.475593	130.9636744	754.8102374	D1
245.8939146	458.1977452	134.9264319	1198.509036	0.871877969	946.6747774	3359.385081	T3
1051.295741	38.59320733	17.64383675	8.892137793	0.471922347	109.7041831	717.394929	PD
710.0378489	311.5173095	266.3722471	509.1036329	1970.75552	382.3297872	1473.037975	D2
69.78428739	56.0647982	42.92035103	29.37226814	0.202554357	119.5467777	783.4244085	T1
79.05080208	83.58005382	65.13099705	48.59881639	0.301753515	163.4592768	779.3801767	T1
232.0636577	323.225689	266.7385828	209.7439621	0.308836856	379.0104779	1355.526186	T2
590.3822829	207.2630577	176.5450505	399.7400931	1708.948095	308.0744949	1233.833043	D2
852.384648	50.13957816	31.36903089	15.68860139	0.326453206	108.5201031	705.7906071	PD
225.8382801	457.4014619	131.0806866	1224.012325	0.702033665	1023.367771	3510.4074	T3
420.5928477	202.4733103	167.8426372	274.9628746	1059.353731	299.5732014	1065.813554	D2
64.15662708	70.53378282	57.81618689	39.40218193	0.469728551	126.1241706	702.8784233	T1
1002.162065	95.79524621	65.59161546	179.4091701	899.4489999	186.2408579	838.0370065	D1
226.1423554	452.4562495	133.6256863	1204.502309	0.916468738	1096.051002	3570.648016	T3
1089.758912	77.31588309	54.53827799	169.0262212	886.1043458	125.6350958	762.0318761	D1
396.4150034	206.3795216	176.7047213	265.6331357	928.1819275	299.4549511	1086.856572	D2
1609.754695	88.21292275	51.10580967	31.89121412	0.331409145	139.9400153	751.8547577	PD
38.16377114	21.16292291	22.10581632	8.519099714	0.304216384	82.02898816	648.4656671	Normal
940.6736751	88.48269078	54.59015673	42.29156923	0.324320579	166.3532822	773.0574219	PD
497.0833243	325.9826427	264.7277118	399.4984692	1102.81881	413.9250288	1540.666732	D2
240.6594957	306.6099349	264.2977115	212.2227127	0.226346984	424.1093036	1450.580697	T2
925.9124562	53.31961725	42.47101748	135.8628527	778.4396601	130.4671413	706.8782804	D1
251.9478541	467.3985492	136.7729437	1224.36508	0.771973784	1022.646913	3532.45147	T3
68.22940905	67.28326086	57.88666885	38.41663441	0.265941286	146.7291749	730.5780952	T1
401.2440965	25.08476089	16.82504384	112.043026	704.0257541	107.2863888	640.7781628	D1
236.372012	315.0993522	253.7162963	195.0754213	0.23544944	413.8432624	1417.731301	T2
927.9972831	92.95593661	59.67591848	153.7688806	667.2295435	161.7686409	889.0168361	D1
523.7763939	221.4406144	183.8978432	334.2373338	1339.679684	294.4155094	1180.17818	D2
39.53150282	25.44908743	20.37401189	9.932081152	0.281114033	94.62423836	670.9538519	Normal
496.0785621	34.63196252	17.97429208	97.19722179	589.2142238	86.92859733	619.3354264	D1
566.1679004	53.37812509	42.44509092	151.8365516	871.1873696	116.1420243	664.9948461	D1
1315.622418	64.14150761	30.46393642	18.24454815	0.408575636	103.8379751	748.8674398	PD
480.5565792	296.0832593	254.8636169	334.2295747	1006.282797	364.0003449	1367.072735	D2
621.9428573	192.8039269	159.9673246	396.9105809	1857.908133	281.3997733	1164.218295	D2
243.1815223	300.8294795	260.8370129	205.6220423	0.310969764	401.4868959	1367.205712	T2
965.9190824	35.91236752	19.81663916	172.5905599	1115.85231	89.50668233	696.7087418	D1
1089.448459	96.47653265	64.36295086	223.6655944	1198.122069	164.8751264	831.8038097	D1
232.3644833	323.3841681	252.519603	207.0743761	0.378329487	400.454767	1466.282267	T2
568.5559635	71.06580154	54.95751865	34.36480531	0.272954864	132.8679118	701.7055635	PD
69.03978723	75.20159014	57.45451245	40.38523554	0.466617763	170.1137942	810.8360061	T1
235.085028	477.2474373	146.6965266	1230.913286	0.675779988	1014.402858	3296.791478	T3
543.7668875	257.6036441	215.2014183	388.8985778	1393.712438	369.7378107	1257.253696	D2
254.0386455	312.9920278	250.8931597	210.7852759	0.474990786	382.5182211	1361.469701	T2
1059.589009	86.82490475	53.43396461	203.6713638	1039.191469	137.3553365	695.060588	D1
596.0294176	29.00552934	15.59193726	9.629165347	0.479013783	117.8480026	684.6193502	PD
606.1446504	261.8307805	214.8813397	400.24052	1650.312991	323.4692759	1262.158274	D2
1096.611769	62.04273258	41.70053078	23.0282327	0.208547622	117.8870977	663.9261867	PD
70.13269326	77.34205958	62.56136748	46.71212471	0.200462472	145.2743841	846.2158385	T1
242.1671859	478.888829	138.2703817	1218.27444	0.774858442	1010.304336	3532.500294	T3
34.34094536	23.27548328	15.53401474	9.63321289	0.257147477	87.01504209	665.4581673	Normal
562.5062313	291.6612317	262.7014667	385.595909	1278.427815	422.6903585	1512.058809	D2
248.7380097	474.8487324	140.9467004	1221.590914	0.730289515	986.2789617	3299.177512	T3
44.25445196	20.55978777	22.4702893	7.832251714	0.353891528	88.29002054	681.2005339	Normal
71.7271189	77.47619616	66.90627191	43.32288283	0.264556522	162.971477	867.6259174	T1
57.81273413	44.13543321	29.64924799	17.50125796	0.48179323	101.4124517	714.0404824	Normal
74.23790227	80.36439729	58.35059391	44.61760656	0.363004895	140.4554936	781.3914687	T1
81.24353177	84.28284324	66.91465812	53.20166731	0.241927231	173.5871649	808.7348702	T1
82.43322769	87.26688705	67.15314263	53.06436801	0.245156178	159.8090642	806.2274958	T1
499.6021675	77.12377671	58.530354	189.4493156	937.0563832	141.2672503	798.1683643	D1
92.27545016	92.85165132	81.02318909	54.22764863	0.343657028	172.1298554	759.2996813	T1
32.81093152	24.65826702	16.99256674	9.238036097	0.47255535	119.5847616	682.759952	Normal
93.16058777	91.1469661	75.44793456	53.18038052	0.400925107	184.1789489	872.9307148	T1
921.313104	55.04965422	44.39160932	180.1748104	1025.843009	131.1753911	640.7865132	D1
652.1971058	245.6889195	230.6314286	452.671252	1827.036311	355.3000344	1264.028029	D2
1363.87049	56.27076721	29.67994188	16.14469425	0.394061695	129.9981274	688.7813439	PD
465.2365399	32.64395986	25.35097389	9.738927483	0.446012956	111.7551429	705.3049832	PD
443.3917176	226.1273036	174.8066432	307.3393653	1283.546586	285.8520831	1208.317643	D2
247.0016557	446.5809699	137.8231769	1237.999552	0.605395745	1021.527879	3402.572981	T3
229.4094791	321.4760695	254.2649679	213.85504	0.231262459	414.84684	1409.213214	T2
922.6791441	54.71925117	38.17697801	22.75613236	0.240578601	97.35351249	677.884223	PD
586.270301	192.7166711	163.596929	376.6446991	1753.229057	288.0506499	1089.84144	D2
1697.700348	48.34502018	18.26358789	5.989188082	0.395661664	110.6022946	676.1728959	PD
235.6305224	317.2402097	258.2574324	210.296907	0.282867148	400.4423748	1413.894655	T2
565.7963507	209.8054925	166.920439	381.608311	1643.221158	292.1292375	1181.221459	D2
41.56145947	22.52976418	17.32556056	5.879427922	0.439684269	93.69474783	608.8671607	Normal
63.14113066	50.71292344	48.09510689	26.35019384	0.449863844	114.4854597	706.0892577	T1
41.20408204	24.92128597	28.1403566	8.604065425	0.258667176	115.6986363	584.7786894	Normal
302.236516	26.13329134	19.30318988	7.148274918	0.345448275	106.3712218	634.8363385	PD
758.8257942	86.69926059	57.51813455	113.8501126	460.6334997	174.1895083	708.2081675	D1
228.0102472	41.90187887	27.12337475	19.12624684	0.331395268	129.906683	643.7947921	PD
70.53300955	62.77254725	53.00874632	34.42193332	0.214192826	141.2452315	827.6716723	T1
48.36182931	25.0582958	24.36424643	9.364758422	0.223473646	121.739882	602.0912066	Normal
743.608607	74.12840521	54.92500148	175.1546174	954.5100982	129.3257006	841.485134	D1
43.9112877	28.68114223	25.75287304	7.699141033	0.473450027	117.7116329	731.6220093	Normal
224.8320928	315.6428827	256.3950969	213.3536496	0.381502615	413.6635429	1472.452123	T2
63.65540818	51.26723895	41.36377935	29.39489493	0.412063643	133.726855	836.794218	T1
41.01017458	27.62241491	18.91543721	4.98828981	0.431609431	108.7519484	650.9896484	Normal
236.7943586	304.790017	256.9687053	206.249656	0.312966448	405.4937454	1366.30542	T2
575.1737333	232.9909295	195.7150163	391.5025083	1657.815158	340.9286234	1222.717441	D2
77.62087639	87.58238038	78.74300175	56.94815955	0.259851302	164.7810329	742.7902699	T1
1041.841237	44.8032167	22.6760798	9.291574893	0.27120338	86.75851702	671.0921637	PD
417.7768427	233.3840223	195.5020558	293.8581995	939.2012714	344.4233156	1264.545941	D2
329.7594421	76.44373667	53.69978155	38.75520033	0.314813728	140.2735732	843.7928105	PD
255.466066	478.7816756	141.9278108	1252.550174	0.859333292	1018.350109	3484.700874	T3
40.82891567	33.44217939	30.60295037	15.88191824	0.380391472	116.8418705	740.5546677	Normal
968.3217512	38.76934757	14.81456214	8.811853528	0.228936641	91.58731475	680.4252135	PD
1039.608681	69.35894946	42.86624972	163.5861515	914.4979253	121.3334231	680.1283511	D1
945.3427166	91.29877171	68.99067839	158.2365782	746.3201323	157.2602463	801.0672488	D1
40.0691349	33.51328242	35.27653207	14.90145728	0.216237733	122.3132075	722.6540483	Normal
997.3768243	72.32642301	40.68467037	110.1034967	502.4390228	131.8810077	802.3832813	D1
89.28563205	90.44578766	78.19620733	53.8010798	0.371671573	163.1204395	787.9925949	T1
658.9173333	64.79322785	42.1862192	116.5083395	579.3147368	121.5757931	706.9502834	D1
76.10930095	65.43864856	54.4203645	38.27480292	0.349186542	132.1878545	752.3746314	T1
72.60227932	78.87564095	68.21168819	44.97345943	0.236318016	158.2899273	748.0820624	T1
73.48427334	82.52559465	63.47975645	44.39612858	0.456310407	138.3665014	736.6911895	T1
535.0116834	35.63865156	28.5740769	13.88043325	0.396670916	103.1306464	755.0006703	PD
2364.24872	72.00024995	28.29075496	20.51045713	0.438964472	129.3549613	748.3535805	PD
68.61645363	55.76967752	44.62586763	29.18438856	0.233949612	123.5873033	767.4243677	T1
1322.438529	42.52670143	14.48116654	10.19433043	0.209008724	80.67202257	616.1815683	PD
659.3082331	240.0243107	198.031267	448.8779736	1919.547828	305.6293234	1292.700892	D2
36.93402074	26.99950796	25.30734771	10.83246272	0.451783801	102.3444465	686.1982205	Normal
674.090149	292.1366512	246.8434795	480.138906	1910.923732	408.1870615	1475.048622	D2
716.9980196	76.05759432	59.34074512	127.0186011	615.3835461	135.0725907	734.4004678	D1
237.5734504	312.6213238	247.6353892	215.0882516	0.268398054	395.0933219	1430.763009	T2
644.6494176	202.151827	168.2648095	396.2323384	1852.660532	301.2098189	1109.372106	D2
32.50169944	22.91352337	23.37824083	8.330728414	0.399449804	85.95412456	678.6934638	Normal
232.7308237	439.3926075	144.4378873	1205.461884	0.849134282	1033.671638	3359.4246	T3
246.0789074	320.914559	255.3021876	200.1617959	0.398945846	411.3404364	1420.527524	T2
335.3231749	184.1536955	161.6425345	258.7212442	853.0579382	235.991345	1052.635401	D2
226.5813358	455.318026	148.1594205	1228.378319	0.694493132	958.83864	3316.790168	T3
614.526499	321.2571934	252.8712135	464.9112183	1621.757475	399.3270703	1435.933978	D2
239.994327	308.8662215	254.2861335	210.3090054	0.268441006	401.78597	1411.158183	T2
225.0108195	312.2411922	274.8926786	202.8455953	0.260681242	398.2567699	1454.892207	T2
33.49965645	19.71157005	14.44832585	5.646973947	0.425909024	93.35112739	594.4971517	Normal
230.941798	329.9321655	266.601036	203.1192043	0.303007486	386.6976621	1446.712014	T2
232.1003143	460.5482035	150.9675666	1281.959099	0.665336717	1022.4114	3287.58308	T3
237.3665326	307.436427	254.8330523	209.3927514	0.470578086	403.6156762	1336.211961	T2
32.64814481	22.71269506	18.66888741	9.266649599	0.324831502	82.01854866	686.3100046	Normal
234.9408879	447.9929684	139.6207259	1239.261173	0.601653585	957.5432466	3334.752395	T3
77.35039921	74.50842966	62.85667833	45.47903591	0.489073117	172.1298953	803.5591882	T1
2077.779314	50.62600712	22.2336447	7.06541048	0.261294477	81.87302833	682.204772	PD
229.8393436	311.0599523	259.6692019	201.1858871	0.237074085	416.7016696	1412.167159	T2
868.9871471	53.59965361	32.25034456	110.9787783	635.1836125	106.8351244	646.7276728	D1
82.11858223	75.99527705	67.61830929	46.39259072	0.446661982	143.6906896	817.1956962	T1
226.5877259	466.6079903	142.7738327	1232.907388	0.888687258	1012.105075	3553.710054	T3
232.0474399	331.7110825	268.3074616	216.7758234	0.418275811	360.8770907	1512.876655	T2
248.6125713	461.1934609	139.3127656	1205.196224	0.662629973	1007.959441	3328.95065	T3
70.57326629	56.20703221	45.74837389	35.53908725	0.424239159	122.0951789	664.4577731	T1
240.3385507	448.1547844	146.2286628	1227.482519	0.620512938	1010.327994	3423.978055	T3
357.0042225	29.74749515	15.79087217	8.640288101	0.393429118	122.2054043	716.6098109	PD
89.51044885	104.3561374	80.79595955	63.84728852	0.243279902	187.0371419	780.2962955	T1
70.46332439	53.0676217	51.74181478	26.61469484	0.384203722	128.9297114	731.6108268	T1
35.5973873	29.84182615	26.86613005	13.0307569	0.418681663	105.1457426	675.9073728	Normal
680.8469082	50.34952769	35.95223855	20.62466264	0.290772172	124.0317582	639.8816686	PD
48.40185116	46.25158075	41.81421877	23.94625379	0.34780446	130.6785961	746.0471266	T1
82.35074957	74.23595541	63.39940572	38.34660315	0.21119662	148.629822	827.8022512	T1
489.1736102	236.5508317	200.8375644	342.3041293	1318.925088	338.8755622	1221.469116	D2
59.67850802	63.91003551	47.61953862	32.57263076	0.330984184	133.772313	780.8168746	T1
233.7406164	307.88871	253.9154736	215.383484	0.281279286	372.2190145	1364.037097	T2
507.7733086	285.8770715	236.2488283	348.2898899	1186.205674	320.3507942	1457.270992	D2
227.0497298	456.3293249	138.5579619	1209.039408	0.649874801	996.3424232	3252.084321	T3
248.7611972	304.2576019	264.0995499	213.5706537	0.468492064	376.8108084	1469.751995	T2
237.6153164	460.1714614	143.3388026	1267.62424	0.892247875	1003.068152	3346.221128	T3
243.114968	312.3036575	256.5145869	209.7802514	0.308013906	375.339299	1397.210515	T2
67.03977803	74.80599778	54.3877718	43.74273679	0.283668766	147.3841489	759.5007222	T1
1050.22552	89.34865585	69.14145328	153.2783847	659.9155603	155.4032492	763.7790658	D1
2384.198516	103.8003012	51.65773795	33.92734471	0.303292677	153.0404705	699.8025182	PD
234.9891054	459.7386712	142.5599651	1141.234346	0.715118769	1026.659587	3407.454259	T3
224.6230203	328.734987	257.2712898	209.0360959	0.236098964	413.8461892	1357.801647	T2
35.24701654	28.1120066	23.47879735	10.85906555	0.425556979	108.8403334	655.3942666	Normal
289.5100417	24.7939839	19.69025996	9.196896728	0.322236277	94.6688597	695.1107199	PD
67.12973748	71.26024588	56.60948463	34.5993431	0.390309894	124.4492455	758.3242916	Normal
478.500279	30.20580258	19.54806512	6.330418134	0.450610011	101.6664091	687.6912522	PD
222.158495	453.7731592	142.1902611	1160.349877	0.648247338	1000.438972	3278.472548	T3
937.5320872	61.75279366	39.36351133	25.03156787	0.379272396	128.1113253	684.3630711	PD
704.642903	245.2055235	212.5374377	452.6844761	1974.445771	335.0014591	1262.605536	D2
241.2627363	323.3112675	269.701261	195.9412413	0.500933973	378.5950446	1414.492442	T2
672.1295876	34.44730403	20.78978052	8.034618069	0.336964184	112.3890697	735.3447473	PD
579.0334461	27.69595073	19.97987175	68.88513918	430.8245674	79.53292511	682.4248572	D1
523.0442017	53.51990096	45.25297105	144.6764073	771.0565245	129.6346723	609.3181699	D1
46.43396751	22.98972331	19.40976789	6.151879322	0.252842785	105.4565108	625.6819069	Normal
221.976104	470.4316196	146.5863823	1220.49013	0.878045768	992.9407591	3359.834531	T3
1398.677057	47.45048689	23.00982024	11.76045513	0.231161083	123.3457397	695.4700698	PD
60.42962677	67.65141061	61.07139408	38.25038091	0.373924818	135.0397628	788.2731828	T1
70.33890848	67.05133665	61.30600431	40.45819643	0.385234058	136.7196216	782.7020854	Normal
240.0601301	314.6333005	250.6623558	205.1356306	0.415959505	401.7409166	1396.959279	T2
2389.885313	89.43065504	34.70829246	19.87017733	0.483063288	139.8473984	720.9394556	PD
611.2996656	199.5005716	171.6873019	401.2012163	1821.580799	279.2719405	1068.008274	D2
472.241092	76.9604112	62.23494637	164.3674957	774.8923029	140.027103	780.0187924	D1
226.1084029	309.2754525	251.4139447	212.0803047	0.496861941	394.4946302	1421.837647	T2
941.6594606	45.40063279	27.60739725	74.99722589	413.8182803	116.1381279	627.5817877	D1
228.5395627	311.5206384	247.8952746	201.7636717	0.476049907	403.8135281	1404.803058	T2
1465.58632	94.63052926	51.94826669	34.4131019	0.448991919	153.4401152	706.9175455	PD
245.4609268	470.876429	134.4320924	1194.887259	0.865207158	1001.087844	3488.917312	T3
244.7197445	447.999706	143.4566186	1232.951357	0.691019369	1027.179985	3404.779402	T3
54.50389176	53.51528502	41.47273338	28.57251513	0.390728374	116.9533456	775.3247356	Normal
430.617692	296.0620061	240.4618424	314.4665652	866.2512586	361.7376566	1355.013083	D2
43.52930853	23.35946437	16.49244714	7.794902132	0.436940905	108.120213	632.017879	Normal
82.24630782	82.69334055	68.30328133	50.54880881	0.303962576	152.5277507	800.6970979	T1
30.07476113	23.33352014	21.68751229	9.877900832	0.220026522	90.47803167	627.3483414	Normal
669.115793	35.6371697	21.89521432	134.8998224	873.2505594	99.34861463	648.1441839	D1
564.8206103	214.2212234	170.0127627	399.770744	1631.076527	267.3632654	1176.430449	D2
65.49371929	47.74912514	41.72638372	26.78920995	0.212603916	107.9996195	767.9620313	Normal
1040.166388	108.8515717	78.18734398	188.1978625	902.9091989	154.6994376	806.4039432	D1
661.8566672	39.49592378	22.66896044	9.744781673	0.238345142	81.45397706	614.0310797	PD
71.16194582	70.43635814	52.50082978	36.33238516	0.414626619	138.7798	784.7515189	T1
236.2098839	463.2149768	138.3184652	1267.592916	0.794506999	951.6841218	3645.176998	T3
620.150708	89.84107722	75.60099828	145.5397929	576.4327886	177.0446213	897.2889033	D1
884.3046074	43.48285164	23.99030213	12.12368421	0.452175934	93.94962971	691.0032904	PD
2114.75998	73.93155605	34.21131226	20.74691578	0.420920279	127.5336534	685.4538157	PD
79.33783375	84.90679595	66.94135993	48.2064212	0.259244463	146.9477194	857.8040646	T1
68.52141213	56.12593413	52.51720754	37.99940437	0.436677191	121.4026024	778.3832138	Normal
510.5003338	248.3725168	200.1747469	362.0649904	1378.383298	330.3387331	1266.821976	D2
560.5520593	138.7181281	121.5565297	362.4792558	1832.006097	195.0682092	1006.937873	D2
1676.761595	86.00444484	47.89580235	35.45725857	0.266470381	141.5206138	807.2668292	PD
456.282928	77.26590613	58.81177358	103.2892305	442.6117142	131.1690589	732.3192528	D1
234.6970167	441.7269133	128.8307132	1244.361512	0.752708051	995.953054	3469.051608	T3
51.4933125	53.67844298	41.97128371	24.71428839	0.437252095	115.592912	765.3244228	T1
943.9436305	77.68411934	50.0827526	171.2499769	952.3485147	134.2458201	727.5646296	D1
966.9889219	36.00422305	20.21416307	179.9202871	1081.480863	124.0607439	731.607947	D1
69.35924653	73.00941726	52.91424831	39.47174292	0.3017457	136.1036567	829.2694355	T1
60.53837808	52.64086986	45.7506568	28.41991914	0.474798596	146.2676069	718.5393234	Normal
225.7539218	451.3927715	136.0109441	1176.980135	0.640847316	943.6966621	3304.369061	T3
905.3617808	64.294279	41.70246619	190.6482474	1133.955904	143.8080957	701.6597304	D1
248.0719142	318.3125917	261.7749043	215.3573985	0.273665016	392.4549661	1460.008711	T2
547.0767492	28.26480963	22.92829962	8.965944989	0.24882002	111.0500206	680.1524925	PD
33.97161821	26.60033846	18.38027172	6.421215616	0.206985605	114.9118811	697.2482008	Normal
83.49826052	91.42023123	71.76909274	53.17729866	0.46463918	177.3822104	803.1502038	T1
239.804694	311.2612181	263.7304879	214.1953057	0.252945306	407.0691017	1322.448073	T2
618.6744309	79.47896395	68.60495543	135.5631268	582.0074797	160.8713788	795.7224003	D1
225.4016334	466.2487672	138.4951837	1203.821481	0.655949068	1028.651476	3360.884272	T3
242.7929638	318.1832668	255.7848482	200.0451801	0.427661261	415.6916306	1451.044328	T2
234.4233579	314.5340199	265.7503462	210.3942901	0.32556311	398.8749671	1436.263498	T2
590.3479834	31.00154244	24.05002884	136.4883368	836.0116617	111.4782196	678.6557326	D1
231.7595107	308.6509929	254.8083389	206.7372104	0.367884033	400.1386769	1370.883554	T2
43.07242311	28.05723336	16.63490196	5.410834563	0.500722472	105.4998571	702.2950947	Normal
59.92200856	39.62068137	31.49760077	18.59489463	0.263194362	141.7158686	695.7757763	Normal
658.9184393	84.81809668	71.06029068	199.5325896	944.4242421	179.9102696	855.8881932	D1
288.9596179	66.98292695	44.00133689	32.48145839	0.304281764	118.0298612	744.6282698	PD
69.90816942	68.38753365	48.59172128	32.65465345	0.479506841	150.239922	714.7818289	Normal
761.6571956	52.98853911	36.19959405	182.1999569	1086.564814	125.0559789	783.8761721	D1
605.5854016	221.5465153	187.8494178	403.9240433	1698.049693	307.9950765	1151.183113	D2
55.732185	59.7230213	52.83976612	34.23957061	0.428270549	127.6248599	808.0491052	Normal
65.63282541	63.82505348	53.19613472	36.75209579	0.314342064	157.0472845	779.8809754	T1
1858.285298	58.03209915	20.47653955	9.031872608	0.303541363	100.910985	716.2585584	PD
800.8242399	36.44908444	17.58896773	122.3580926	798.2318304	100.1449478	710.348643	D1
234.5636435	437.0101051	140.8375022	1236.345069	0.777141925	976.9964098	3253.795218	T3
39.47230584	24.54987701	19.31469689	5.887303874	0.504979337	112.8556878	620.9199488	Normal
86.68975982	99.33243423	81.09076797	59.54565626	0.268356258	181.9471467	845.9957057	T1
2260.241646	64.04561975	18.39735435	9.971345936	0.336689468	108.6635958	631.7175199	PD
241.0067768	465.3985934	140.2809934	1173.063739	0.711441718	1026.165508	3407.114371	T3
61.03982996	44.3061376	44.72485963	24.5297383	0.422106805	112.6808946	797.6413316	T1
226.2709908	433.1726264	145.1476661	1231.200641	0.710022472	964.6109944	3537.253201	T3
59.99119596	65.58553032	57.68722898	37.5538401	0.342922654	133.1923699	810.5095441	T1
58.46506675	64.09912999	52.16260847	36.77487173	0.467195502	149.4617458	739.3413642	T1
65.90933633	58.06844286	46.53865988	27.6853257	0.460603906	113.4469823	678.0725202	Normal
233.7746454	323.4247317	256.0776707	205.9927823	0.276994667	407.5321449	1432.897718	T2
223.9612783	463.0452691	145.3423845	1218.354894	0.832076598	972.501182	3337.849437	T3
60.92924318	64.68704671	52.84400621	33.90408967	0.443656879	132.7314969	745.924377	Normal
392.8350933	188.0065151	157.5950032	265.7529644	911.6984383	275.9071875	1028.332429	D2
59.37883311	54.09131194	45.2155091	24.85548143	0.441754769	112.6206442	684.47273	T1
532.0819448	160.6924648	121.4313136	350.0801801	1671.233717	232.4054382	1095.564495	D2
50.83203891	48.00920789	39.29960326	21.49649563	0.313634181	137.0879087	734.2846588	Normal
567.1997637	148.6925136	131.1246845	346.0987765	1741.18676	242.7615139	906.4265174	D2
522.7214484	300.7297483	249.5980224	388.6101181	1278.979399	391.829741	1351.018695	D2
492.6782649	253.0227318	212.2094152	343.5193004	1253.472556	329.5018565	1199.504353	D2
226.6446355	309.9058379	268.663084	207.185227	0.270796687	430.6267225	1366.535054	T2
62.14633007	44.45177862	37.46471508	24.51717662	0.329421885	112.3127051	776.5893632	Normal
861.1875138	54.10802267	32.42069646	17.33536555	0.435451483	124.9080724	633.2345352	PD
62.85609069	78.09385285	66.63886563	43.51004132	0.312494354	156.1622551	812.0967317	T1
590.1877256	208.0327584	184.3209301	397.4352182	1730.57254	292.9520055	1232.054473	D2
233.505617	310.4574851	261.7503167	209.9305231	0.398329566	393.7121084	1376.705006	T2
722.0903497	41.81504053	27.26126349	85.65658132	482.0472535	108.8989291	644.9523034	D1
223.694651	446.5473858	143.0520772	1263.233697	0.69661081	947.8119443	3529.750569	T3
235.9901599	309.990735	247.9951662	205.7002715	0.488050448	366.1945914	1382.54115	T2
222.9849547	447.2117263	142.0459558	1224.211038	0.731800111	1018.219412	3449.054823	T3
232.4334045	471.9729041	135.1777921	1232.084585	0.915119772	972.5104871	3293.359933	T3
80.6241376	69.54118758	55.52231963	35.10913309	0.211000504	139.1076736	823.3361464	T1
228.0739226	307.0806494	269.877905	207.1484199	0.491997729	392.274899	1426.179459	T2
87.44776948	86.62610089	74.91535448	52.26443848	0.274353274	161.7256151	912.7687003	T1
69.11111818	55.33735685	50.96265127	29.14565454	0.332987692	119.4551094	828.4178982	T1
551.0267514	92.6051235	74.79190832	240.0844263	1218.820927	147.654827	884.6350636	D1
1485.255529	85.46323808	57.42838679	33.67744094	0.32349662	127.4696098	799.0454459	PD
226.4355508	479.3427058	136.604914	1166.229687	0.821638998	1044.212378	3344.924851	T3
81.9043981	99.84957917	84.54343863	59.4979645	0.30753549	183.6433596	847.0829589	T1
247.7531755	311.0824377	260.7975839	204.3143429	0.357392571	386.0383345	1352.676679	T2
43.61913118	33.12621345	32.83927164	17.15375604	0.247214934	104.3966653	678.2386067	Normal
484.9052144	247.6460573	206.3954539	337.4222668	1179.00899	340.423701	1287.226217	D2
562.2625017	34.78412849	26.98972746	197.1290015	1167.868004	99.39131375	700.625792	D1
423.8312596	49.94526291	35.20812338	18.64435788	0.206202633	102.0857357	705.2823516	PD
236.5059948	468.6611744	144.2418133	1215.353812	0.683162466	1022.318194	3468.05218	T3
233.9128787	301.6656358	258.6475092	212.9944416	0.382316147	401.6899701	1496.73794	T2
242.5497694	303.8893991	256.3581062	210.993741	0.34293311	383.9798997	1423.490187	T2
542.9692993	45.62073155	29.39323484	119.5921743	617.8574358	116.4041497	736.8984984	D1
240.2759532	449.1032348	152.9356508	1215.110418	0.75085922	1037.353706	3458.81535	T3
234.1021643	427.2171682	140.890501	1226.9491	0.650813159	1003.517967	3418.312972	T3
651.4888677	47.62020499	31.52855685	23.15434409	0.487980086	117.5982929	629.7961638	PD
362.8716643	65.09648534	45.07617318	29.04671424	0.249487153	149.7242759	715.7193062	PD
2137.837733	81.98189848	41.67549432	27.97469687	0.292240285	119.1714439	759.7883119	PD
466.4145683	48.90490201	33.94038995	194.1758135	1239.134935	114.6015413	708.5400248	D1
459.2792903	42.79720346	23.02762859	13.0651194	0.26899449	90.86439486	606.9297037	PD
47.35343678	19.88373619	23.20512831	8.713173084	0.235747469	80.4717212	584.0155959	Normal
591.5238323	267.8952242	220.2487181	411.3770036	1563.64261	336.7460278	1390.208913	D2
691.6480896	78.88083188	54.39219514	205.7413288	1080.623364	150.723033	858.4605978	D1
223.2240329	449.157005	141.9569852	1190.709676	0.683596021	1020.038313	3571.32536	T3
233.4606031	312.3832917	273.7461795	206.8409205	0.404360943	413.2909744	1430.24633	T2
230.6242222	320.1972199	266.3911451	196.0592554	0.511165155	388.7917962	1429.250443	T2
711.68534	242.6245508	215.4001214	457.5193268	2002.996701	307.7857555	1323.565936	D2
1954.997406	61.14392931	19.47838426	8.295491079	0.358843306	84.26719305	747.8556858	PD
239.1140866	457.8753844	141.1936561	1197.46677	0.728007841	997.1100827	3496.23603	T3
241.3651577	321.9788467	260.7575659	195.2947422	0.213688661	376.2530238	1393.7286	T2
471.0122524	317.3770524	266.5548028	358.9512984	978.4165767	404.9132449	1402.564862	D2
578.3035762	212.927054	182.6217132	396.3796401	1721.104768	304.6218395	1117.804944	D2
78.07399069	100.6480074	78.59432022	63.84880865	0.436834554	184.226745	906.1216394	T1
463.721607	213.3119828	171.5383255	328.0911675	1234.916053	286.863468	1223.220867	D2
920.1119347	87.69342257	58.90934955	151.8981344	729.029487	153.6936383	726.3612201	D1
71.92822161	81.80498243	63.39897566	48.12856668	0.388948256	163.8746071	813.6315052	T1
83.47742161	84.69703152	75.64043075	54.90557585	0.246232304	159.5119619	784.7126481	T1
243.2995347	318.4705738	259.2689696	203.4787837	0.201509011	359.153034	1448.460825	T2
225.9261818	468.6875345	141.6073954	1207.405277	0.809901949	1050.455909	3352.409438	T3
51.1496167	50.11269042	31.50975349	21.79886227	0.25636592	130.5053526	777.3638678	Normal
234.8246957	334.0789771	276.3191829	216.8953606	0.473421218	404.1283533	1462.686127	T2
618.8565901	212.1825989	177.953907	421.173168	1831.607726	298.5436103	1207.854459	D2
655.6131167	315.3196483	254.5604088	505.5773277	1815.034238	452.2932846	1563.14127	D2
86.05069681	90.07111215	79.01432345	52.12812356	0.287666253	186.5049995	759.977119	T1
235.1712403	311.2213129	266.310561	208.437984	0.203571744	417.1188003	1326.161862	T2
86.07218499	90.23503575	73.30102128	49.35377401	0.246922046	160.299121	821.7762659	T1
68.47163639	73.15873177	61.21284542	43.15545266	0.357769425	166.9322442	778.0144241	T1
1076.970431	45.45835798	22.40321631	15.12652172	0.365124988	100.0067299	703.1897355	PD
2030.136022	76.13584168	39.1033394	22.78171173	0.277024213	112.0782621	712.8779244	PD
66.9935721	65.04046576	51.65303344	34.22100745	0.452794298	147.2038713	812.532626	Normal
233.0384515	456.521774	143.114162	1229.794856	0.618333572	1031.558416	3390.977307	T3
69.52239084	78.57287139	56.1502838	44.74045344	0.434822807	149.6199284	802.3595905	T1
1991.545822	85.47674813	44.19206355	31.29025142	0.245955565	145.0322345	749.4188513	PD
48.3925473	28.09791917	16.62900304	6.79403698	0.318701749	88.86102541	751.1203341	Normal
1056.134869	109.4692061	80.62129195	202.3821483	965.591695	171.5550847	902.8561762	D1
751.7449747	43.51188088	22.07353176	5.317035767	0.217000818	99.11782551	730.4545825	PD
602.3598239	322.0788513	266.4675213	482.4124254	1512.042128	439.8149219	1435.938902	D2
815.5025362	47.87440283	25.42905578	79.27710019	452.9644979	99.75323857	713.4406097	D1
243.5208008	315.560515	263.4790455	216.2857447	0.368761569	391.8096554	1397.842204	T2
535.8398227	210.8869494	178.6986953	367.3299985	1468.174114	281.9609195	1126.655409	D2
62.9783461	39.18063944	41.24087887	22.52075588	0.452565973	115.9254255	715.7747819	Normal
224.0780717	461.8069324	148.8976254	1194.065476	0.733732948	1015.120293	3516.332829	T3
320.8137448	39.4903168	25.68054842	16.24843723	0.291434437	110.963157	679.1464802	PD
63.51052706	69.11690109	52.0822297	39.27606012	0.481401769	156.391262	748.2657995	T1
427.5041173	37.39744165	27.65153296	106.3084135	675.8318941	117.1638626	589.4012966	D1
233.7589027	448.6947729	138.5705009	1191.035658	0.857782697	987.0506932	3334.892998	T3
528.7230644	161.5999497	135.6979362	325.9750271	1512.085177	268.2812433	1046.934482	D2
73.19829843	66.36740605	59.82193808	41.5893039	0.378635034	161.5704588	802.4682423	Normal
224.6324001	331.2323314	261.1194237	210.3893867	0.273683137	390.2706322	1322.294491	T2
393.3757097	180.7967942	142.9471745	271.9783665	1016.461119	283.2857024	1037.233007	D2
231.4521073	450.7626869	143.2471965	1222.192394	0.68691534	1013.348624	3372.755848	T3
79.8785324	75.48933291	65.70356598	45.94071857	0.363108219	145.9223465	833.7408336	T1
238.0293447	469.8330485	133.9492664	1227.022474	0.829219145	978.5958022	3348.237105	T3
696.4570397	80.13739172	53.4512897	36.14582212	0.411188001	128.4928387	748.1712601	PD
439.7517586	218.617563	184.2795435	307.6067656	969.1820799	319.7203738	1172.388319	D2
32.61649862	21.69645068	19.12984589	9.943952542	0.485418712	116.4152922	622.8216727	Normal
624.4028448	194.5908452	163.7906816	401.2902048	1968.238007	283.0087835	1148.015751	D2
240.7385352	294.2441535	250.0278204	201.5517636	0.435045037	394.5542375	1399.618795	T2
229.4009625	475.9776629	133.1736759	1243.545807	0.724391409	956.5178313	3293.707041	T3
490.3602536	243.4964631	206.292942	352.779362	1195.840317	335.1695656	1340.682837	D2
456.1987202	48.0631838	42.35909187	181.5661309	1081.875294	127.834793	687.1077912	D1
842.7587587	62.2949941	42.64189718	202.9985107	1182.152592	121.7700367	677.8287256	D1
1529.194533	74.08601291	45.50338558	26.67434692	0.511082798	139.1030659	662.1115675	PD
226.8790078	311.7029685	264.2784585	202.4020939	0.332640078	405.9662515	1381.666926	T2
1028.557265	42.81894193	28.15033703	110.7803775	627.9572316	113.4081036	719.5456452	D1
240.8948951	445.5311374	138.7434781	1186.526271	0.592076676	977.1984248	3521.758467	T3
497.7621638	176.8265784	149.2850709	317.7306943	1375.66963	278.1320066	1068.566005	D2
1279.16048	55.38352957	30.25971189	20.31230333	0.317740073	121.8627704	692.1876657	PD
227.0949093	319.0803239	265.6570442	206.6094622	0.51385114	378.7440283	1336.057763	T2
223.8193086	301.902265	252.6141334	205.0342382	0.281433071	411.2329858	1446.756931	T2
339.6385234	36.10030997	27.59575452	10.80158465	0.282015824	89.92503103	660.6934857	PD
59.96671163	51.83200324	41.29921631	27.49138364	0.296222599	130.3139345	661.1388684	Normal
240.4345899	462.4670208	142.5906917	1174.547209	0.855482012	997.6596683	3408.68165	T3
1234.651175	69.94023851	46.37368002	27.21580464	0.424602045	120.2149474	782.3273098	PD
46.37671246	27.46840284	20.85389101	9.668777301	0.251720521	93.74429884	595.4592912	Normal
788.7501614	47.6061268	28.59418516	111.2977563	626.7690131	130.9469697	661.5318156	D1
229.0355668	319.8952754	253.9699528	215.9690302	0.250889449	391.5781628	1485.833333	T2
57.8584735	47.07629409	44.28087275	24.87009363	0.40653257	131.4224081	642.3093647	Normal
651.9036928	220.6322508	183.4910869	433.1707017	1900.950847	309.5191961	1141.520219	D2
413.937253	81.2943328	58.31728779	210.8170958	1037.393623	145.1441916	752.9740547	D1
231.848885	450.8363652	140.301955	1215.085674	0.82461563	1005.784807	3397.982922	T3
32.14086254	27.85068411	18.53753045	6.205844618	0.340041258	94.78710882	567.9115114	Normal
59.95804947	60.51147225	49.28318399	30.45303523	0.379071907	115.3338053	727.2383001	T1
663.7116121	46.38368754	32.20220539	158.4771666	900.4013598	107.4156946	627.1549148	D1
65.03648725	65.62715139	52.82435647	32.82745343	0.486292302	121.2624096	710.7692198	T1
1863.132002	52.87846686	22.09174497	6.219670576	0.348405972	103.6395514	721.7723424	PD
245.5938956	445.2901604	138.2421825	1183.148317	0.65788309	1003.976678	3436.764646	T3
238.852192	478.2658441	138.6581027	1215.447924	0.681343898	982.5685691	3349.551815	T3
56.7924141	65.84040903	53.95853717	36.42399719	0.326960492	130.1058333	716.9735794	T1
233.9308912	303.4039716	258.1999462	201.5610446	0.322809248	405.4093926	1396.064033	T2
197.7559787	34.47320262	25.9532763	14.9523225	0.419827957	108.973218	652.3054769	PD
596.5803781	263.4233175	219.2894101	409.3449058	1591.585052	338.6965202	1276.510786	D2
681.9435805	42.1334397	36.48009767	143.4314641	818.1709428	120.3409842	637.6739443	D1
43.07261491	20.51989561	22.33202088	6.621145853	0.480792797	96.39012073	698.3008397	Normal
240.1044267	457.8448008	137.1041938	1198.411967	0.690433494	973.2993895	3358.655303	T3
236.810443	460.701833	134.4550331	1209.51478	0.644021239	1007.96653	3278.89869	T3
223.5906345	452.9056162	129.6551446	1232.769577	0.768952138	1043.480573	3445.478718	T3
1918.069263	102.2213592	50.90756721	38.5486724	0.424882206	133.3346389	763.2339613	PD
247.8948161	326.7705573	261.6079462	203.4619057	0.242666923	409.923849	1411.483539	T2
978.245939	69.26410701	35.99361914	117.6035094	585.0929946	110.2473806	683.3095294	D1
485.3221226	223.0130685	185.3731264	326.43553	1245.337165	301.3146483	1184.838212	D2
654.1954706	80.51240574	57.9817717	189.8901055	963.5987226	146.6813646	766.4729364	D1
460.1315629	34.00116436	26.79355419	94.46044299	494.0568856	99.55142497	713.7952878	D1
556.6720985	35.46869893	19.40870234	122.4038927	732.974867	97.60526947	733.9091935	D1
459.8379134	205.7353441	174.385633	319.3539897	1265.271953	317.6659949	1205.06722	D2
49.57893294	30.48637725	30.58846447	11.97674764	0.446883515	99.50065601	722.9583003	Normal
32.20838153	21.97229476	23.61536827	5.88229653	0.315221675	110.0452076	609.8487973	Normal
1610.961836	56.0136571	23.80310252	7.880296934	0.47779036	95.06184527	634.0476894	PD
45.56758975	19.62528298	21.70475398	7.356618795	0.213895677	98.48614521	642.9431329	Normal
678.8589099	80.08976737	63.45148798	119.6333941	549.5345698	166.7407193	776.2784905	D1
227.7631818	438.8809498	134.152862	1230.12412	0.627369925	1017.413987	3429.074355	T3
230.6948229	457.7482922	145.1406728	1173.13665	0.711451702	981.9165734	3498.894859	T3
81.63912681	86.415023	67.50394705	48.87423477	0.252969372	159.6677552	857.2917887	T1
1001.888938	32.83889838	23.1940573	147.9697906	978.2922596	106.8805083	671.2320508	D1
245.5644314	451.8458585	136.8346303	1232.627063	0.742320369	1012.028834	3484.013069	T3
67.78314928	61.65214769	43.72868527	30.32572134	0.466272436	136.9412088	708.1910273	Normal
850.1120312	37.02888259	29.43323738	171.353761	1051.12087	126.4916353	634.606419	D1
712.955118	300.1015902	268.1184509	512.0863383	1984.464979	390.8096876	1522.998584	D2
383.2495474	235.2560446	191.7461278	279.5548659	792.7574498	310.6400806	1129.322547	D2
227.5438522	315.8008335	254.5565623	210.4115136	0.272173241	396.935703	1371.543645	T2
964.9558665	91.56800655	62.46690523	220.9119755	1127.000539	144.2265415	837.9279904	D1
427.2556493	152.8370917	127.0011448	288.4894918	1211.711819	226.0997376	986.1111462	D2
229.8174312	467.4446783	138.6001837	1190.225053	0.771764736	988.459563	3378.168952	T3
642.4844413	254.5937217	212.46	415.6445296	1731.838372	351.9239408	1323.358841	D2
526.512861	241.4221423	200.6394454	346.9450746	1283.444084	332.4018074	1183.005433	D2
236.0921108	314.3899199	263.5335274	208.5822155	0.43415326	373.6567491	1480.693555	T2
237.9110198	449.1716368	138.2981327	1203.213697	0.853653803	996.5680912	3333.470337	T3
545.3230275	232.9412408	190.0189713	386.8869363	1474.486586	311.1651086	1201.492039	D2
1787.66406	98.25834054	52.29678513	37.40833082	0.335777371	151.3366423	784.9721045	PD
232.292214	315.9919034	251.3086787	208.0498189	0.311941794	386.7530206	1429.146642	T2
85.14266961	93.00040614	78.75223272	61.17804234	0.356498165	183.5977622	883.3407307	T1
228.3150107	287.6107228	259.0408556	210.0334944	0.377586632	385.5779993	1343.520041	T2
365.531194	40.7989924	31.88723404	16.56158269	0.366337665	120.8586627	668.1675856	PD
482.2758981	254.6279022	214.7318615	365.9428666	1207.386375	332.4802095	1261.329679	D2
982.4544352	94.47754221	65.32302348	154.4754649	726.1145572	142.1944271	758.8515108	D1
1867.30174	65.65425991	24.78285983	13.98205546	0.314858975	102.3270888	665.8489728	PD
243.6452948	304.98725	262.4090159	216.2615327	0.413293126	418.4175284	1429.608239	T2
70.6206331	58.98429282	48.80433111	31.41978697	0.327590023	133.8009062	692.3140899	T1
219.511003	301.4009558	269.0010512	218.6517565	0.380715372	402.3307419	1402.29647	T2
556.2999361	227.7974512	189.2051249	357.9466476	1516.088503	316.1044092	1167.268138	D2
1650.824963	65.25568789	35.65513576	14.69755808	0.220055676	125.9589423	672.7216373	PD
615.8252394	42.69895848	27.05324566	18.26377203	0.205847537	115.5370492	645.4207034	PD
341.4416392	37.4479198	29.63845165	72.04202206	440.8682178	112.9437592	714.5911415	D1
544.6559946	48.03971234	32.12246827	97.31497371	544.7852273	135.1332087	786.9563197	D1
235.7240154	481.1726177	143.833611	1207.87089	0.771356381	1013.256754	3259.301123	T3
216.6232713	332.9532577	245.0653682	211.6675862	0.411564192	383.2981794	1406.679908	T2
660.6433452	36.27174949	21.12448726	103.6923801	630.6601838	115.6827987	617.9404209	D1
763.8849975	71.88022446	45.04368839	31.90233595	0.49290379	149.4328903	791.6238045	PD
492.4321344	188.2090261	159.9180377	308.1821314	1278.142968	256.6615071	1077.873067	D2
78.74626193	83.92566247	66.77388351	48.57388045	0.278191898	150.0627898	855.2018439	T1
766.4685348	37.36130046	23.1401138	7.584586859	0.213777187	111.4174308	614.9726204	PD
36.71196385	27.0045203	20.34152111	5.455057449	0.382065522	105.1369155	727.7248809	Normal
253.4348925	315.7538898	263.1934541	208.854689	0.262980916	412.0028651	1433.274886	T2
238.7959318	314.1616633	260.3370498	216.3298199	0.497294917	376.8424843	1435.548879	T2
513.3996631	166.1382391	145.3962507	342.9325731	1528.66997	233.9898959	1018.791601	D2
59.15695856	43.3658489	39.53835839	22.23334557	0.363186757	122.4050884	769.0284915	Normal
596.3526647	27.43104318	23.14291636	176.080878	1104.813888	115.04034	637.9889123	D1
240.6743645	466.2694864	134.8712169	1244.668502	0.804173188	995.3046087	3483.642058	T3
235.3613864	312.7128255	262.9988275	206.9504785	0.368958152	389.7003981	1345.871276	T2
41.6632446	32.46301294	28.22034544	12.40506841	0.323799403	115.1299309	676.4309527	Normal
1451.229829	70.44550663	37.77757979	23.53827912	0.350513132	101.4738466	657.9906076	PD
507.8960837	44.68105785	33.14465037	103.1496354	579.669359	111.2821795	677.3247076	D1
2114.048108	55.12164261	21.21433314	7.417046875	0.225718146	110.5583935	617.0704256	PD
53.4839862	37.81228557	32.6003863	15.5366749	0.210148564	127.8149876	732.6830757	Normal
240.8126525	319.5788588	246.0295218	193.6402235	0.461591828	404.1624204	1406.362748	T2
246.3085176	451.9321694	145.0012863	1197.730477	0.630167785	1007.976677	3287.299002	T3
43.12588615	45.87055846	34.79344218	21.13205068	0.24510899	124.4301432	651.3892777	Normal
231.9294639	312.9528902	263.7596947	206.5185146	0.474607855	375.7070704	1503.477298	T2
245.9017681	456.3983336	135.8718848	1172.648177	0.872303934	1051.418646	3438.7084	T3
56.40639941	37.31981839	26.39548204	15.67770715	0.33069324	116.6050385	743.8973978	Normal
937.6657861	102.1569508	76.56775276	135.4740288	522.2576989	170.3356513	884.4975186	D1
231.4640489	310.0258375	262.6175965	213.1288908	0.314868186	407.073111	1516.67499	T2
856.7149069	47.07153103	28.83091471	81.73882362	426.5235991	110.2945661	692.0110676	D1
423.6152742	195.54527	159.3878981	299.8667234	1090.663047	288.1731411	1064.905662	D2
1441.055015	61.00346418	35.47072752	19.69397223	0.258723047	108.985507	629.9710489	PD
35.3066528	27.6196532	19.14126303	9.015738455	0.430609205	99.26261377	652.2241094	Normal
767.6604122	74.51749689	53.35869004	203.6651941	1137.740561	141.5607986	792.7867583	D1
2225.169729	85.20018468	35.65108312	20.10325938	0.196867658	107.4209937	753.5233426	PD
238.1442913	322.4186451	254.763912	203.847935	0.475977636	410.9891147	1473.530739	T2
256.5842463	305.6258974	269.3537413	200.7658403	0.372792505	393.4138574	1428.745254	T2
231.0342374	465.0352233	143.7063229	1190.388621	0.638457078	924.3651457	3375.985286	T3
59.13063331	49.93055276	40.16563509	24.45775933	0.26271284	116.6873668	670.3553799	Normal
234.0991192	298.7640575	266.1520475	202.442389	0.258980439	376.3094474	1408.94199	T2
72.35782466	72.36114725	51.17168099	35.99449167	0.304575664	142.8975217	795.7441122	T1
231.340094	437.8098589	136.4688766	1220.528656	0.760113697	949.0170581	3392.301237	T3
47.55668275	23.83779684	16.55274159	7.554512534	0.377594649	85.55323719	592.0388402	Normal
242.2964525	449.123156	143.4247543	1208.722878	0.769465894	994.6072491	3319.003289	T3
1845.827443	65.45861165	28.52735905	13.52604588	0.492632711	123.0653476	589.4248772	PD
2242.692665	68.47708734	32.85911874	16.42044109	0.381777863	106.3128254	732.62354	PD
41.24399878	44.30844335	31.73608041	20.97909856	0.33791566	125.4553146	772.999417	Normal
477.8653179	89.23473433	75.08097463	186.5647544	943.4831974	163.2019064	835.2476692	D1
232.7998182	448.4639146	142.5075177	1189.014542	0.76222934	978.9933871	3636.680251	T3
232.8672018	458.2793198	140.7362226	1221.407183	0.774669129	1009.24831	3341.19077	T3
1574.25166	53.32918577	21.80685469	9.347563235	0.419628622	123.6696722	667.2483081	PD
530.7797988	309.681265	243.08972	426.0363015	1249.060273	400.5494917	1539.734819	D2
702.2765157	62.83748611	47.07787161	118.7915972	639.0875428	123.0363092	718.3406449	D1
56.20564559	50.51182826	39.58443877	25.89100924	0.465827663	110.3648277	743.5144439	T1
514.9882679	196.0135027	178.0437782	344.2101486	1293.426449	306.2185416	1248.716928	D2
234.8338315	317.6136901	270.0973198	216.1181281	0.289685422	411.4263826	1452.989878	T2
699.0970919	71.29122002	57.43581075	107.9705755	462.9180196	143.9088625	816.8001792	D1
575.5323924	285.1371811	226.8952958	405.053397	1479.732729	354.1210339	1281.869519	D2
81.15677366	63.96128677	50.5580567	35.709867	0.351240389	155.2471564	839.5063724	T1
59.29105592	53.60481047	40.71749133	25.51335786	0.282238207	133.0521407	741.5977667	T1
862.5398499	53.38175957	34.84122482	98.31105014	535.961586	129.4335471	623.0854751	D1
62.86811067	53.57647639	42.57381774	25.13485231	0.426214196	135.2557266	737.2317351	Normal
62.07664838	57.34192644	46.82877727	32.16601333	0.296998363	145.3725727	684.6669017	Normal
79.75969645	74.42193257	58.97198796	43.80812121	0.493803361	162.3647331	735.6910733	T1
658.3377298	86.38149297	72.83232851	183.5601129	929.6582476	166.8439927	901.1443126	D1
1523.948907	53.70297259	13.90771362	7.729247178	0.200197496	117.8414148	603.5945119	PD
235.4787429	461.1632832	142.0250467	1172.873032	0.663436727	986.7025868	3388.06156	T3
1328.065128	49.4403683	15.68713757	6.316776126	0.427923088	99.96871242	637.5370447	PD
224.8991427	454.0910386	137.1313943	1177.09339	0.888393168	1016.351063	3271.779734	T3
519.4280754	271.3210833	231.6371013	381.8120108	1235.511567	366.3806115	1410.954747	D2
580.653385	26.79462083	14.68883741	121.5837639	788.2275107	117.1780645	658.3756805	D1
51.79005076	35.71246889	25.08912203	18.38851766	0.453900952	103.459902	731.9153244	Normal
242.2524628	466.9352249	133.4323402	1240.114527	0.77347924	988.3124361	3241.048199	T3
432.087231	53.14902093	48.86228368	177.6961649	1007.766984	145.1539757	773.1004621	D1
234.0304102	462.6038965	140.716533	1234.208951	0.822469435	1055.100162	3403.337911	T3
69.26470307	79.08467678	66.82786399	40.76380246	0.270100511	149.2057372	891.2315217	T1
236.4920039	304.5620154	263.0325123	214.5730996	0.403258153	388.3224187	1377.486491	T2
225.3448077	441.7225667	142.3979741	1242.349435	0.759957158	938.3281141	3465.646983	T3
888.5327541	97.3601189	72.87538533	139.3835028	610.7337305	166.9266261	834.458481	D1
65.78582476	68.05274619	67.7857366	39.16043907	0.340725898	170.738917	841.0826148	T1
240.0632084	454.8386735	142.3047822	1210.71643	0.704490589	998.7744945	3418.005894	T3
625.4725954	52.18094797	32.28437316	102.5433975	544.9350132	143.8925153	601.3308559	D1
568.8911668	242.5104797	205.5512013	397.3805165	1602.575308	312.4868801	1221.131772	D2
254.0317247	316.7556657	257.0166636	201.736117	0.276033345	384.9230412	1485.652226	T2
1778.743097	67.35911111	28.2495422	18.08671373	0.449376736	121.3200137	634.0481184	PD
223.5605039	467.0296571	131.3676522	1242.335674	0.81217071	1010.552838	3290.383421	T3
710.0281016	66.73465991	45.17603369	31.17598413	0.425159779	123.1026045	733.5068468	PD
60.72264407	51.98840977	40.34080763	26.24033964	0.422961998	110.6597447	742.3036409	T1
999.6889816	49.12671886	34.056374	198.9707	1136.673939	113.9365611	805.6384399	D1
796.551467	72.64414712	54.32866131	174.7540166	953.7181676	156.5021675	686.2801676	D1
541.4127345	218.5010999	188.8220542	382.0507835	1462.584742	326.139138	1281.616208	D2
45.98618675	26.1599751	24.32087679	5.193971669	0.448907014	113.7202096	697.3399902	Normal
65.70487162	59.76874594	45.05157657	31.47692076	0.396879434	126.7680483	739.4181377	T1
227.3119387	470.3220897	138.7847352	1189.805746	0.857759647	975.7774264	3455.29788	T3
374.403767	73.0836442	57.4954145	155.6012847	771.2033567	134.8443586	739.59698	D1
224.8519016	320.7389303	259.3425261	200.0716951	0.286293158	402.105239	1495.349919	T2
230.1150422	472.3157687	144.539066	1201.656968	0.687345606	993.6031274	3343.601875	T3
242.6538873	468.7056385	138.3035803	1151.875746	0.649055895	935.3618296	3476.373123	T3
1542.640604	71.70068536	45.39605992	25.67882301	0.48183591	114.2748977	722.8136803	PD
1098.616014	49.154809	32.07673889	16.62594142	0.370606034	109.9534996	685.5217999	PD
780.0731343	60.98710358	40.05787176	24.52053632	0.209107488	136.7912857	680.3264526	PD
234.0576574	316.88912	245.1140359	208.0047879	0.228213397	387.8727712	1390.634592	T2
635.9677125	28.56505082	22.93130002	109.8756165	701.4033835	81.46674403	619.0422887	D1
239.0117845	323.9020198	261.1688845	205.0933564	0.199211205	413.3497372	1375.908458	T2
229.2803958	308.3371012	262.5805472	206.7596827	0.371769015	440.6520454	1450.415836	T2
227.7241299	458.762436	140.9904584	1189.417711	0.597322872	997.2055507	3269.861129	T3
499.4093072	242.6349993	211.2339963	331.5880126	1221.71394	335.8354452	1291.670968	D2
74.64190823	69.44066204	62.24813551	39.73692768	0.311695869	162.0158841	744.3699701	T1
730.9642755	39.50444734	18.24214351	8.978321931	0.267195405	94.05922888	656.431956	PD
72.4889112	67.04100933	50.59519783	32.88060775	0.19990209	143.287714	842.1596369	T1
633.0868239	186.1035045	161.6774579	415.5535505	1909.191596	262.0990411	1057.972342	D2
683.9746244	250.0318389	210.2858109	456.2760196	2014.157833	336.1057819	1246.022074	D2
435.2307228	269.1535827	221.0440115	321.8363543	997.7873077	359.4011069	1162.540645	D2
249.138914	319.2189004	267.2698641	212.7851956	0.44100463	396.996283	1386.139274	T2
497.7838234	225.9889678	180.6343094	342.5304792	1215.963254	314.7452293	1163.756262	D2
74.21408389	82.99141317	71.27847835	47.85945279	0.412757784	152.0186317	899.6360951	T1
228.4304175	298.5559151	270.3028137	210.365702	0.442232222	424.6005443	1539.006482	T2
61.00225043	52.85647788	42.19419476	27.31042861	0.414136738	108.2345804	790.6215393	T1
71.32349403	73.80535916	64.81271378	43.61968909	0.31936451	158.8143981	770.4112045	T1
619.9812192	254.4643557	213.3249302	413.3493017	1726.328085	358.0617294	1206.406876	D2
75.73107182	72.55297036	54.61001268	43.62368122	0.465062319	129.6203112	821.1292283	T1
239.8323919	435.2934109	133.2797872	1292.544376	0.878996019	1014.728219	3423.512924	T3
976.0687808	51.89696978	35.3436255	127.398008	673.335303	120.7026013	738.1739108	D1
233.1564143	304.1453872	265.9069286	199.5475932	0.47153573	402.5136706	1401.231958	T2
68.8059021	69.77488857	54.52803997	36.05642208	0.42838452	169.2866328	705.9039939	T1
606.5998344	53.23349369	40.18045588	129.9754006	739.1023452	132.8143704	658.4394266	D1
237.85997	452.6133782	140.342519	1227.679124	0.890545229	1007.143261	3402.53587	T3
1534.751387	58.76165041	28.07442214	16.23116348	0.38137617	136.5514134	736.9222916	PD
1054.84431	45.66957743	21.84053717	13.30789788	0.314022811	89.54464596	625.8456647	PD
231.6509739	481.2555285	138.1767581	1243.948288	0.891943428	958.1938366	3279.334983	T3
241.3672882	444.8790382	139.8897343	1230.174288	0.823585969	1042.773033	3321.931595	T3
440.5127236	194.662072	152.6281743	288.7121596	1097.58224	301.0854738	1062.475489	D2
234.5345476	321.3569796	260.3616333	208.8139046	0.460402952	382.3703008	1409.039107	T2
70.60304031	54.30955311	49.43159068	30.56461859	0.204982151	120.5422308	739.0848695	T1
190.6873285	29.15213216	21.86187226	10.77581529	0.243899362	117.0415357	634.8251325	PD
2234.279977	76.78553905	43.0576997	23.97890922	0.265201926	110.1408536	784.9647253	PD
969.0387034	86.60185366	63.99206229	132.5018214	572.8375419	160.8804026	768.4893308	D1
384.2506359	199.2314699	174.4166644	275.1515821	895.7009194	313.7205069	1127.190657	D2
240.1705338	462.4213658	145.9325489	1257.902534	0.892741772	989.4133988	3481.738294	T3
87.26330962	77.15778347	70.39434377	49.10174252	0.393853768	175.3343899	743.9777565	T1
232.8847816	462.702877	129.8627889	1197.929086	0.861540845	978.7517092	3314.444164	T3
88.63970256	82.27730835	71.49531118	50.14926863	0.27726847	178.2979599	767.5659942	T1
697.9141523	86.38198109	69.38959434	197.0135932	901.696777	184.2719364	834.5336188	D1
236.1416244	321.1115075	257.7003737	211.6623856	0.376455128	420.1651508	1517.290168	T2
62.93025211	64.75353358	47.42845442	35.97303991	0.267097725	124.0377678	668.866047	Normal
810.1160432	46.2681225	28.48663524	112.4420766	661.4508731	96.28728045	736.1382412	D1
56.21091488	47.86351462	39.70656673	28.78601551	0.247917727	109.5532145	779.1834262	T1
41.46342106	20.35600037	18.86261103	7.932457046	0.49040379	95.78011404	686.132498	Normal
229.5255695	313.6177507	271.223661	211.3607004	0.475846479	401.8577466	1413.776856	T2
50.20465889	50.92919755	40.02791139	26.12077573	0.229566359	149.6409213	665.3613689	Normal
605.0375438	316.4391131	252.8516936	418.3791523	1461.221159	419.8846651	1428.598199	D2
238.3041241	468.0473882	140.4488064	1185.005234	0.756854903	1013.446951	3359.504028	T3
257.6442916	469.6057866	133.3119563	1212.214192	0.629859465	930.148055	3453.147485	T3
32.08746241	19.43241697	14.10129789	5.640633079	0.478143817	85.51283178	655.7011541	Normal
224.471893	473.8588035	144.9028267	1182.573093	0.695929688	1037.032287	3345.390006	T3
53.53871662	38.93622792	34.27711675	16.50522365	0.425076495	122.3238609	685.4725287	Normal
681.5660304	51.0328103	41.0541417	140.4586684	751.9239839	137.9173422	693.4226149	D1
243.2263587	437.9335206	148.0305825	1196.080486	0.633890298	1024.329957	3458.41327	T3
226.5899046	312.7954668	264.7125357	205.0846149	0.214368364	393.3020875	1372.549078	T2
2287.726398	93.90125542	42.76560243	30.10496554	0.252467396	129.3793256	696.103842	PD
417.2887455	29.22339714	20.85727788	142.9884912	902.3275192	116.5166417	643.4830352	D1
609.1776108	237.7868377	201.5662201	430.0047898	1809.511598	316.4800773	1323.831226	D2
1757.53319	73.50345267	41.39800166	24.29946465	0.339861998	129.8012492	610.4746774	PD
52.81411671	51.8174571	41.60075968	26.6935291	0.199508165	135.1789007	690.1815843	T1
67.96051779	72.3596224	59.54435038	42.83145	0.387308083	138.8989861	742.4085395	T1
49.23083586	27.74071621	22.68135029	9.080998434	0.454668563	112.472472	693.7575137	Normal
44.86343055	38.95666237	32.27587731	18.35016188	0.409406488	124.2564181	633.6576038	Normal
83.36383236	83.62016915	71.42947455	46.86796234	0.310211642	156.2670265	852.9276031	T1
240.2891424	314.3826693	271.442468	208.0454867	0.410834322	376.8540067	1395.048092	T2
243.1525999	303.967542	248.3205639	203.4788362	0.336196355	393.4203178	1500.725039	T2
91.426259	104.9017615	83.368357	62.54372679	0.283606795	201.2622885	834.8593067	T1
520.7097359	229.5950493	183.1208504	382.9878726	1550.34307	318.7467575	1157.138986	D2
256.2801962	445.2560396	145.4484909	1257.854272	0.802708312	995.0360314	3323.671444	T3
595.981092	278.7508603	222.2642048	440.3367411	1586.075944	340.607313	1336.80662	D2
417.6637694	202.7176201	169.4953186	287.2925936	1016.689177	287.2062928	1185.501098	D2
66.77672798	74.08838276	63.37464959	41.91616411	0.485928766	163.0800281	865.4058211	T1
237.3692144	304.9043328	247.0586521	212.43435	0.459808503	398.5548241	1472.249798	T2
77.37659255	72.12037692	62.72046464	40.62760761	0.465271554	130.2510168	804.6892219	T1
237.4268854	333.1529623	263.973698	209.9076368	0.280302248	375.4209197	1553.076425	T2
2048.073583	65.28216311	31.58205564	15.64928014	0.227404855	121.5131725	754.8733357	PD
1025.752149	44.27873684	25.03360475	11.60871235	0.464057775	105.613557	692.7402654	PD
235.5936765	476.6706337	133.5579552	1211.300692	0.704147059	1005.269776	3350.551325	T3
1863.430447	61.01585848	19.91624252	11.70823842	0.456292981	112.7021006	610.0259404	PD
546.4351826	220.584219	186.7744043	394.5660745	1611.364835	299.2752337	1208.987525	D2
67.9777552	74.92279232	57.78146482	44.2981057	0.512065713	169.0929226	785.0975117	T1
444.4443299	224.1976136	189.7344962	303.565315	1041.371301	305.8955829	1113.529036	D2
883.2222275	79.01988203	52.82353642	187.6103055	995.7460371	160.5868301	829.0120499	D1
292.0652106	37.17688276	28.10259566	105.4978876	643.9611053	113.8283235	689.833649	D1
985.1053426	105.7786577	73.50700922	178.4663117	761.1489607	150.8127748	877.1837643	D1
1115.22612	94.8904533	62.89615616	224.6179788	1190.565761	165.0694973	861.9768383	D1
245.1167445	486.6861459	139.7526863	1204.144854	0.866607216	1039.753751	3544.79673	T3
239.8865147	306.7287007	259.84067	203.9400433	0.45964367	372.4797201	1387.719081	T2
2047.294635	76.40503684	34.00551824	20.51372858	0.292315358	110.3977682	807.9302531	PD
55.98416365	55.61675568	45.31567547	27.45940226	0.381984629	147.6969872	722.8112157	Normal
243.0283439	301.0697508	266.9901674	213.6492924	0.297509418	393.3882316	1318.35733	T2
53.98773522	49.19395782	34.88435595	24.72735744	0.264340913	114.7586574	692.2569672	T1
837.2313459	95.51689525	73.39281287	206.2568983	1071.494713	180.8152968	771.2758164	D1
64.61143176	50.89352768	45.80136301	25.22225915	0.325590958	121.4918227	751.533817	T1
250.6619353	447.4547896	141.9718386	1203.521943	0.87319653	1030.307538	3325.220241	T3
336.4081778	70.23091427	56.4008446	155.5742037	785.9700892	152.3705477	797.1637091	D1
46.30894146	25.5838212	19.96146859	7.408429249	0.366469198	110.4748348	701.0217057	Normal
1617.783262	91.65831588	52.0338718	33.02868345	0.33310759	145.6492549	811.7016297	PD
219.8676252	462.8287297	141.0384664	1188.832307	0.66349642	1038.941572	3260.062521	T3
240.2156653	307.0277252	258.0787687	209.0868798	0.204018931	384.7167994	1415.481489	T2
229.5290516	302.1891497	258.4345823	214.8157497	0.241540884	431.9288284	1513.219762	T2
778.6114653	79.61423023	57.01837321	163.8488065	852.9204729	142.368304	885.8489521	D1
232.7618457	307.3742352	266.8793811	204.4563278	0.309927835	420.3060596	1326.137256	T2
78.72197647	86.36979706	74.81668158	51.9674865	0.312904572	176.2302441	824.1923014	T1
242.2578313	315.6371804	274.5661316	209.913115	0.310641401	406.926736	1444.97014	T2
580.2631405	197.9088935	159.8735449	391.8177018	1913.93535	283.5420867	1120.512718	D2
1731.801486	61.70140315	20.53934962	9.31732433	0.267302994	102.4886394	600.9891635	PD
291.8847212	28.039882	15.87192454	5.650779652	0.518105175	98.39466371	634.2248241	PD
72.44463946	67.2906412	56.03265544	37.12438985	0.484658716	157.0790246	734.672758	T1
230.6337055	311.4585342	254.8851044	207.7266401	0.427032364	416.2293127	1355.955017	T2
355.7759839	67.21729238	50.85850202	34.62501627	0.345614636	157.310017	828.2642016	PD
476.2813993	179.2965724	151.3450399	316.9649572	1319.807656	251.2840635	1029.544003	D2
237.3325421	299.3565557	268.4963989	206.1210032	0.342717989	394.3886434	1317.499667	T2
50.2486601	39.69702633	36.03678041	17.55727404	0.367489974	121.2997824	636.8647269	Normal
232.3069875	471.4625504	144.3836383	1276.853732	0.736387566	1075.381777	3240.740465	T3
38.8841907	28.86284096	21.76981732	9.031503349	0.297034283	118.9447325	654.6278381	Normal
567.2438839	59.59630936	49.04243652	114.1175663	550.9928859	110.0658977	807.9446354	D1
239.500544	320.6267108	263.3197184	206.3525789	0.410178323	391.459209	1386.342817	T2
239.2947112	455.776032	143.9931503	1223.406311	0.810997339	1005.758556	3323.366642	T3
226.9752706	328.5961415	255.2635241	209.9998311	0.460531588	390.788785	1410.862002	T2
71.50444086	84.64024337	70.21018165	48.50003554	0.353761825	142.8522593	755.4695113	T1
574.6998669	244.2525458	197.7957574	378.1147475	1511.943824	324.144511	1271.829382	D2
443.954419	228.1376968	187.5716567	327.2082611	1154.078349	312.6776905	1295.292541	D2
65.69630282	64.41692343	55.13662826	36.32630162	0.274244794	130.4583974	788.6455628	T1
239.0589333	335.1142612	272.9781828	204.265145	0.274577185	395.6311702	1278.416429	T2
456.41728	77.1784454	67.19315952	187.2120475	938.0991247	165.6503464	795.1907915	D1
229.8003604	458.8155752	150.8179246	1244.15332	0.704246079	995.4548162	3296.191341	T3
677.212939	276.9743679	231.0402341	467.7194255	2032.010408	351.5463477	1351.915314	D2
72.37101986	71.96767155	54.58216869	38.76357987	0.412404634	128.4567835	880.4239608	T1
75.58677399	93.1887494	67.71878712	48.53066337	0.498753443	184.73573	843.1207635	T1
2461.401373	90.93701731	44.76959145	27.77741668	0.259936188	139.6239326	822.2231787	PD
82.12767416	83.43367481	64.48867287	45.08295665	0.333002336	170.5506746	771.9635508	T1
243.5925567	329.8572812	263.5604842	208.6994342	0.227218317	405.4010763	1480.236774	T2
84.00221699	78.48065882	64.22713367	46.04756285	0.204150555	161.0621171	806.9588728	T1
1194.650157	47.29807125	25.24358534	11.66000535	0.277581594	110.4831705	632.8420486	PD
818.7679257	110.3706053	79.57719333	147.8477142	676.6268787	171.720043	873.0675133	D1
372.4056589	174.9571468	137.0014947	265.7120395	975.3127043	259.5458807	1105.329313	D2
834.392617	43.45367523	24.99111722	102.404963	534.2421217	107.4218184	674.9295668	D1
73.31673812	73.77803563	56.81762755	41.19053017	0.474212137	175.8133504	789.3540161	T1
371.9413607	195.3236204	167.353365	259.0137244	862.536651	285.1304944	1115.803936	D2
34.15152611	19.9952098	19.04938704	9.65073312	0.394904743	115.3913648	731.8807799	Normal
242.9368236	324.2229728	267.4049935	213.648083	0.440771114	400.9660476	1528.061293	T2
50.70183907	33.90645444	26.15733953	12.88141802	0.388936017	86.47079782	645.8281861	Normal
603.3462696	79.35812011	60.53166029	175.2305675	856.6510799	140.563972	879.9937615	D1
78.93086156	92.16856377	76.3875281	55.79702667	0.226654166	155.9839894	875.2181957	T1
1853.13167	54.00374112	21.34892376	7.328864677	0.427148267	79.75142467	574.0328889	PD
64.39831649	64.30512772	51.88299471	36.23648854	0.223812809	158.823339	750.5377452	Normal
67.30742399	72.40184872	59.09192203	43.95998994	0.275806025	178.2688026	722.0890303	T1
232.4482333	469.0985859	140.3881878	1193.942447	0.809525729	1026.327993	3451.518995	T3
74.11283445	76.41401359	73.51996576	45.36060955	0.389670926	177.6024442	813.020515	T1
242.1038235	465.0965356	154.9947082	1208.707303	0.682321801	970.6540615	3377.152767	T3
230.8368932	447.7286768	128.8806074	1213.392792	0.927182149	1001.75469	3401.753435	T3
494.1956594	91.76511396	76.62248002	117.0508164	459.0957499	166.1987366	815.9102655	D1
78.24630197	73.67503874	62.37908282	39.96424306	0.414652956	136.2888928	757.5224385	Normal
627.0212242	74.75081123	59.78696136	184.2668569	994.8533267	134.8259191	851.2835911	D1
247.2714765	444.4573235	143.4763154	1267.514646	0.713318673	948.2055226	3359.325718	T3
254.2688244	466.3366985	139.7829576	1238.386848	0.796675297	1001.577032	3336.717215	T3
565.7589354	251.1006527	219.6209863	429.2054238	1590.722182	354.4446148	1337.723048	D2
227.362277	297.9831467	267.6995132	207.7061335	0.225614756	395.7016758	1536.137504	T2
667.2430528	80.91732577	60.67847543	141.9036017	614.6261831	140.4026911	855.7452286	D1
656.3165094	250.723322	219.1192345	485.7858179	2006.900278	371.0063375	1313.67157	D2
248.4823827	468.7443808	137.9980121	1210.978881	0.875008861	1003.011568	3174.65332	T3
42.59795267	25.96971336	21.76748166	8.028042131	0.393564403	114.9639938	664.9048857	Normal
605.1932436	75.26091263	60.51656598	40.40990315	0.403377898	133.6533638	728.9508913	PD
76.80567011	81.69357808	69.52886466	42.87484952	0.442780291	155.3375249	756.9923249	T1
51.08640934	52.66963828	46.86823791	24.61739564	0.323525185	140.1188886	804.7659335	Normal
71.07741122	72.87248221	56.47863407	41.27450923	0.432943264	163.3796288	707.0488724	T1
1701.742685	62.95240054	24.42322263	15.98947384	0.455427024	126.8855134	722.0046837	PD
539.9587191	191.6519265	142.9780707	323.4875818	1415.206165	242.5909362	981.694498	D2
508.876127	182.0012063	144.9412627	328.2326487	1448.680991	279.4326905	1005.912525	D2
1043.063112	102.2273725	78.14358665	210.6134517	1095.233922	187.7326237	753.242011	D1
244.572514	459.3639698	135.9644687	1189.147111	0.744876834	1031.854151	3294.15184	T3
317.6075369	45.77867942	32.44372205	114.3050349	643.4873894	107.6460146	737.2984057	D1
428.3839079	274.468219	221.5428673	326.1712468	939.222225	355.2100477	1373.106009	D2
393.6189751	55.27256004	51.33792374	168.2299604	927.5629155	140.0715399	676.8289144	D1
31.0644097	24.77643597	22.97239375	6.913118615	0.363122269	91.38341934	709.2112765	Normal
342.9414108	23.15224892	21.39950169	88.66575517	517.5730812	97.18751596	657.0233507	D1
42.48890381	22.90757278	18.76355472	6.045624471	0.247320074	83.44960467	601.4774848	Normal
550.742115	267.1196048	218.6560734	413.1159069	1519.173105	342.9817743	1225.552204	D2
85.40216617	89.30034782	74.81917702	50.85127124	0.420056031	174.0839199	836.4699341	T1
244.1453067	305.4390303	266.2337109	209.4918185	0.223373519	385.2641161	1406.699525	T2
245.6296383	332.88324	267.1775239	208.9888609	0.396757555	387.5937571	1418.315936	T2
646.9081755	236.1437291	191.4844441	438.0731238	1951.079922	325.581293	1285.623947	D2
234.882816	331.8847821	266.0894117	201.9175187	0.494688187	389.349473	1386.55741	T2
238.3762341	308.5932716	258.3370343	213.2065838	0.487944455	404.3526274	1420.064113	T2
1443.833722	89.93953107	55.38919039	39.36883905	0.216122009	156.4828234	844.6481852	PD
493.3338971	197.8221898	176.2073463	340.1762117	1415.717911	283.7356291	1098.267507	D2
43.57628583	25.99408241	18.62699919	6.35899291	0.266698181	83.3281991	602.3677414	Normal
226.9384831	437.3256416	133.111731	1156.975706	0.644516943	1014.515544	3585.441016	T3
58.95442818	57.40286722	50.58654958	30.79629579	0.359108538	135.0445828	784.7950246	Normal
632.7924131	236.43642	211.7138671	415.494339	1834.502431	319.3932617	1252.606969	D2
68.72520727	63.98134476	54.06874835	31.12619205	0.343036385	122.8784776	705.6977957	Normal
60.88856502	71.93348123	57.00647577	43.18161919	0.434893529	162.119228	703.8762336	T1
470.1000634	60.7302855	39.82611602	25.08007823	0.291176649	146.1104718	703.4118938	PD
615.046232	38.94235683	24.0124926	10.95637844	0.239110855	93.01350222	636.9380602	PD
372.6460572	186.8016236	153.2598506	258.4488401	970.1291396	248.397933	1037.436893	D2
230.0041189	298.2127273	264.2294995	210.9768055	0.285626174	371.7818026	1421.227585	T2
2134.704988	67.36965189	28.23401205	11.57579921	0.291393321	113.0736335	702.4545259	PD
992.5855006	112.6866782	79.08432729	195.846072	959.3040412	173.4615232	903.8693439	D1
78.17020696	73.46878304	57.82817615	40.14309384	0.241882781	141.6541918	729.5068726	T1
448.0830068	36.62726129	25.94239451	159.1647038	982.0590716	98.13481485	647.3047066	D1
232.0353531	465.8219867	136.2169893	1191.722318	0.650788091	1059.723691	3237.199131	T3
237.9938436	455.6835707	140.1946161	1248.93885	0.710392719	984.0728861	3378.858883	T3
74.17995395	55.73037359	42.21950468	30.29470898	0.342264834	163.2778286	706.313048	T1
777.4002635	41.68882342	27.12939744	119.5947548	716.4583746	113.0388402	651.0947386	D1
241.0796834	313.0142395	248.4028159	208.6324042	0.25367106	382.5004394	1400.650951	T2
233.2546796	300.6365387	266.2134306	214.2681075	0.344190468	391.3996428	1444.546198	T2
2241.537725	80.07373582	33.93210403	22.19415932	0.283427838	134.1038208	704.616312	PD
650.3547508	314.2828552	264.1813182	527.8406538	1783.561352	443.2779337	1570.678917	D2
223.6560202	316.8792272	254.4894406	206.2523219	0.366021892	399.6378542	1478.289535	T2
60.4190386	47.01931342	35.8513786	21.24064629	0.462249912	136.3950247	654.4165638	Normal
238.5667149	310.407901	264.442131	208.4791664	0.321788353	383.1941035	1423.551991	T2
48.18209402	44.09073954	33.76117979	20.7043798	0.364441982	113.5266567	728.0713526	Normal
70.78138896	62.35419267	52.53116989	32.43200817	0.21227301	124.2294724	724.7404089	T1
253.8015662	311.5257218	266.6600909	209.579689	0.280974654	392.4143623	1424.621012	T2
240.7435899	307.5985528	278.7983362	199.6220039	0.493277161	427.2124068	1446.688013	T2
230.7959459	305.974399	277.9224587	202.7312559	0.25558717	391.8221931	1419.871412	T2
47.85119627	42.77112803	36.42013783	26.40816748	0.38263461	116.252836	715.1040637	T1
718.3079802	80.32107914	56.32321811	163.0589768	761.225277	171.2700204	755.6079497	D1
247.2162254	433.5673623	134.0050186	1171.730118	0.714503524	1013.453941	3330.133269	T3
63.74659064	57.28803479	47.53630047	29.91167664	0.393038649	145.8520449	674.3129584	Normal
673.6702663	49.66104737	34.61325621	99.81719228	532.3204695	126.2187582	676.1570793	D1
247.8541278	321.9228588	252.6176299	203.2760069	0.28440682	405.9420016	1440.98897	T2
52.76411014	37.04465991	33.77379905	17.2345824	0.491557611	127.8150232	669.4249622	Normal
58.48720048	44.74551467	39.62110203	24.61860044	0.251260719	127.747495	737.8882375	Normal
645.1704127	257.7185052	222.2188606	404.2408115	1808.377692	373.6915851	1353.961822	D2
250.8921235	468.1297489	139.2215493	1184.823877	0.679995018	1002.113995	3224.452523	T3
251.8350967	306.0306329	254.068626	209.3624574	0.215124823	396.0304637	1370.796896	T2
1433.574127	59.20352469	28.15804354	19.94589002	0.374235	135.1940204	749.0797086	PD
455.255322	68.4772132	61.86356255	206.9997443	1132.223834	151.1216131	864.1767994	D1
69.55729884	54.66342963	47.3628445	30.95048551	0.19209579	129.4261724	694.627596	Normal
58.4894627	56.8011289	42.91424633	26.44698923	0.276311911	141.5215093	763.0797574	T1
586.0801493	32.26452751	23.13613669	97.22750033	576.153399	83.31539375	637.9777823	D1
237.7955808	311.4650373	252.2689665	216.9533341	0.330775846	386.600122	1425.072919	T2
534.1423559	210.056211	168.2863824	370.5497489	1549.398336	274.7393921	1167.719022	D2
234.7081098	470.738948	137.0438311	1168.148087	0.678762565	999.7994826	3406.031681	T3
565.5034608	242.1209631	201.4978714	389.9438632	1591.294029	338.637708	1331.100803	D2
250.8501585	443.348569	140.6175676	1185.214004	0.703116826	981.7329933	3470.619753	T3
580.148063	190.053296	161.7148222	367.2173953	1724.036198	250.190066	1061.57157	D2
53.91179281	39.79660128	33.7276904	16.82212256	0.375111454	118.0652053	674.6182963	Normal
64.3646077	64.37951183	53.53560564	32.42695882	0.225256238	141.9623467	800.6901512	T1
576.6454214	175.4404333	126.3643055	374.6423285	1806.515244	232.4912975	978.0604774	D2
522.4763113	73.86160877	63.18784879	191.0462503	962.858498	145.7686541	767.0003921	D1
1651.200689	77.16426662	46.37800007	24.52304539	0.298533181	135.6712924	672.4247176	PD
56.57781163	39.27672489	29.98780612	14.34543551	0.359741233	101.8207846	700.8741196	Normal
74.32605543	84.52506702	75.77249337	49.82511533	0.295175496	150.928413	891.3917846	T1
467.7941756	74.08350552	62.49565901	137.1095201	680.4343846	135.2035886	825.9315741	D1
86.10593651	83.58776647	77.52921448	52.50346797	0.318541651	167.1944107	808.3466383	T1
225.8513504	464.3824771	148.668785	1234.581713	0.617577724	1015.745408	3557.72289	T3
56.24919402	55.27337564	44.8614136	22.96487831	0.332171403	109.9825618	676.3507673	Normal
241.0107689	460.105291	136.5222803	1184.203959	0.675873833	989.7178791	3420.200819	T3
233.0032887	451.0200117	145.7134284	1204.288519	0.859034983	926.4572627	3424.507362	T3
46.60019011	24.7953003	22.69036957	10.79125513	0.406298751	121.0339863	633.5943125	Normal
1486.026765	79.04884942	50.44130188	32.80741977	0.453832447	152.7382774	681.6981721	PD
429.6351119	193.4271906	167.1139484	281.6828091	1072.989047	265.92868	1129.733334	D2
845.7807093	36.39784726	24.20234298	82.07198297	470.3466757	126.1579605	613.8631942	D1
486.8631724	41.85808482	28.30420026	14.04326938	0.508287998	116.7004784	676.591055	PD
244.348439	482.7096997	138.9675397	1221.227904	0.741388743	986.380311	3428.111092	T3
243.1155094	309.3169534	257.2623468	198.6704798	0.291971794	391.2670755	1465.901852	T2
552.4873555	69.09637099	55.15200699	215.3421822	1144.693251	127.0726506	768.9067688	D1
40.54525631	19.9785905	21.83041295	6.456062493	0.300095762	96.06331245	610.0239236	Normal
927.552614	106.9778387	85.98930869	130.6074579	493.3575871	184.1068898	796.4287649	D1
673.7308008	261.3930791	207.6487872	470.2013412	1962.238056	332.7749878	1267.815206	D2
240.6678625	459.1422531	140.6352248	1220.228775	0.65029993	1010.031435	3325.043086	T3
63.59697494	77.37059386	65.65129405	39.59528832	0.214559299	146.6302616	825.5081266	T1
235.194529	420.41464	137.996954	1166.241414	0.725910068	951.705497	3575.904365	T3
1565.614733	67.88032285	37.38181629	18.47203956	0.252975903	124.7222108	717.1060187	PD
497.6236682	210.4531269	167.417554	330.7379275	1371.197844	320.5345047	1145.084097	D2
60.50000722	66.37964412	55.75998776	37.9103022	0.205279287	147.7613348	758.8132926	T1
2122.354654	56.46812168	17.60608342	8.090045674	0.423610791	108.223307	700.1831714	PD
551.2449639	87.97507891	61.65303269	110.0839803	437.322393	152.4193773	754.3071353	D1
889.8509107	93.31263172	70.98565209	177.4640556	869.6624188	154.7414693	882.3431785	D1
64.97873726	74.40890408	59.19226955	40.84345686	0.398707454	160.5334627	715.6465737	T1
223.2148337	301.7749679	253.8217468	209.8831736	0.434831276	382.994159	1378.617224	T2
45.0440812	21.01896637	17.8701726	6.875620098	0.436251421	93.16192181	634.8316217	Normal
249.4777436	312.0180571	256.8776181	216.2002741	0.256985763	399.6180713	1333.900239	T2
80.6183385	80.38826505	68.73098199	42.38764854	0.498233855	158.4830634	721.3488637	T1
447.8399277	270.9871963	231.9238139	314.8099308	981.8406181	376.4906272	1321.085699	D2
532.0364763	27.1132074	16.29761176	7.812300342	0.247475564	90.42459217	721.0290616	PD
2152.495688	65.91754312	24.45628659	14.06782211	0.307824267	101.6720736	682.4798646	PD
581.8543143	235.9523301	190.7672876	390.0508018	1696.851566	324.880479	1235.76987	D2
52.86712313	63.7857816	47.51617536	30.42443439	0.274351026	146.253869	676.2166706	Normal
221.4324999	310.832288	267.1656204	206.2834175	0.225022656	410.1614891	1411.910519	T2
1941.54595	62.36253563	22.26535378	10.93257898	0.288435221	103.9268347	692.7022262	PD
721.1861247	100.0648349	81.46998118	145.0594507	638.2407821	188.0348856	887.4993617	D1
829.8720757	92.27127609	71.09882639	210.0210381	1046.769314	143.1939562	869.2310659	D1
239.4469007	307.3012926	253.8711551	209.1351733	0.286992873	413.5466767	1479.164422	T2
48.71826734	22.7338004	17.93353709	8.341327423	0.487761485	101.8958716	699.7914315	Normal
223.1180917	310.0792618	251.3067184	207.0637049	0.237095105	429.2036735	1524.376148	T2
503.0643714	246.5051585	207.2627345	339.8923886	1201.094124	328.9216444	1323.425552	D2
240.1843742	461.4569781	136.0739331	1244.575127	0.690063022	976.026861	3352.373505	T3
50.84189252	32.30772742	26.67289722	14.50349127	0.233482984	117.5557681	668.9656813	Normal
768.2134827	82.86467745	60.77763608	115.3265034	482.7048387	166.0763725	777.0237285	D1
76.32764226	74.80276025	59.75585858	41.07173629	0.341538225	174.9926437	743.3122321	T1
2028.42497	63.87680826	28.18426928	15.06816825	0.294743082	99.51274149	646.1896837	PD
82.32412459	93.93971733	74.72484905	57.21730531	0.338456516	184.7404826	824.3962322	T1
43.52011681	25.33389367	18.34537274	8.681569406	0.273715172	87.61668865	619.7116122	Normal
498.7960002	35.88431651	22.87946521	70.87312032	414.0341645	110.6252562	604.0496272	D1
243.7578309	477.1005767	148.7219242	1227.361232	0.768794658	1002.574404	3392.560996	T3
71.72121082	59.91139214	55.21033086	37.47613984	0.487986949	160.3609191	736.9694358	T1
1620.614546	55.46579229	22.5005913	5.558172054	0.235463851	119.0921997	680.7067322	PD
1435.749466	54.40844328	25.94956116	13.86479797	0.26518626	132.4239802	662.4173027	PD
596.5960366	60.96876488	48.87790453	119.4287163	603.997127	147.2653832	771.680062	D1
78.07809205	78.34624823	65.35535005	49.43865541	0.368077356	144.150598	732.870973	T1
610.5538351	247.0045651	215.3301772	425.6915788	1803.45967	323.4357598	1294.200908	D2
1114.846163	46.06151171	20.33192968	10.72159845	0.326549256	104.6936514	604.3867687	PD
414.2782748	194.0225868	152.8290735	284.768722	1130.004897	293.6223275	1056.30769	D2
244.98053	429.2500432	140.3966998	1277.824851	0.866376383	954.7482008	3328.051986	T3
88.18302748	91.69649897	79.13616333	51.13107557	0.352392601	166.9465895	772.3695146	T1
666.6202079	73.56187636	58.62246864	104.0724792	443.3427549	127.7264779	738.5454204	D1
535.0909592	64.36416027	54.91522378	215.4730707	1115.790481	150.3906823	683.8162712	D1
475.610012	213.7767434	176.9702796	352.6293886	1420.263916	325.529039	1128.852804	D2
223.2172075	433.7705954	140.3322266	1217.570708	0.849756518	982.7597617	3297.354357	T3
1785.260553	53.42275501	21.99939409	13.72122567	0.358544251	115.0471631	666.7114258	PD
892.0581323	43.22151225	31.02286394	170.8647307	1039.865163	119.264796	732.2496047	D1
38.91749411	34.32039344	29.9227719	17.10595555	0.45117994	126.1250293	716.4508034	Normal
222.2266726	447.1413174	136.803776	1230.0388	0.795653784	966.4150308	3388.914618	T3
345.9698566	65.90717366	44.70175776	32.35824348	0.269664481	140.8879302	662.9245298	PD
858.2232538	95.40723594	66.97631811	187.5322937	948.0504675	133.5534956	751.4680975	D1
234.1558475	303.4493002	253.6246219	200.4567168	0.224264029	360.7215566	1470.090134	T2
683.1290646	86.84162529	69.54776569	168.7294345	803.0241451	155.9437297	877.7705616	D1
609.1813473	223.945713	190.8993355	420.9086007	1801.033974	326.0153401	1147.06136	D2
2396.969846	72.4238003	29.98550558	14.83665198	0.444266945	107.4352912	632.946488	PD
80.20424071	70.04594304	60.08213915	42.38415583	0.401268225	167.314466	713.0001193	T1
62.17230581	69.60316021	60.28885281	37.01520585	0.409127617	147.4633082	783.9925894	Normal
562.3118035	163.2017695	132.6822806	358.9447569	1658.468192	235.4809609	1110.98266	D2
435.7852472	264.6611164	220.3307397	302.4565363	944.7231759	329.8101176	1210.61484	D2
406.2808466	200.032241	171.3074464	266.884882	1045.388909	277.0302923	1170.956858	D2
2251.240673	95.30647013	48.57067694	31.63372881	0.341287902	129.7511752	740.3715022	PD
238.1353838	305.6906857	258.7638282	213.2047177	0.328338238	388.1558724	1447.569429	T2
98.80879221	94.63997025	78.81859009	62.05024476	0.287958228	165.8281172	826.7418626	T1
246.7003449	430.553481	143.6938166	1211.139079	0.671261983	1015.02424	3275.349579	T3
77.35416868	91.37262081	79.90952451	58.48617386	0.434647589	173.5377005	895.060825	T1
38.54877806	27.40761531	19.30823814	7.891994416	0.31853716	101.2809152	719.7301009	Normal
258.8427906	297.929564	273.6556235	216.0748733	0.265761855	394.8845275	1484.067494	T2
615.7188096	292.3597129	243.2403246	464.7242846	1662.832071	393.9853217	1421.904141	D2
743.0417845	78.85364954	54.41962136	180.0266874	923.7968619	133.7208217	796.7757541	D1
251.9976113	327.7390636	256.7087001	208.9744617	0.38683681	415.0161622	1477.60401	T2
1899.889385	81.28298395	35.4745593	21.29387589	0.303791513	138.301235	760.3076881	PD
1747.76889	57.82338359	22.03522348	5.481203684	0.423746895	87.75033746	727.7758764	PD
235.7387101	296.4004751	260.3860434	207.5791205	0.333924674	413.110419	1469.62548	T2
232.9439799	302.9887927	262.4279573	209.9523334	0.304116466	386.7793451	1425.840321	T2
236.0454157	464.7349469	138.5729997	1185.897374	0.598531726	1017.621169	3173.387204	T3
37.80130144	24.65238893	19.48448227	8.651556682	0.484447541	95.21068307	571.0774494	Normal
1140.904325	91.140913	60.44603966	41.6629695	0.493756132	132.1514354	756.8266518	PD
788.9922092	58.32702521	33.41092155	193.5954575	1159.598749	108.0243158	728.3231433	D1
620.1266707	243.2157612	213.3082854	405.3552888	1610.899224	313.6674507	1206.777141	D2
67.93983993	58.78840152	48.30168486	31.34957565	0.230067635	133.950679	815.4644079	T1
219.6099042	450.2636413	139.9630691	1203.257604	0.681950826	997.2970804	3426.071679	T3
73.14581999	83.76206691	63.52945969	45.15758585	0.381724194	156.2268327	788.7286738	T1
661.0249242	287.9062932	246.7713471	484.7002611	1854.632152	388.7121983	1430.681745	D2
236.3843646	317.2879828	259.3426531	200.1524306	0.477611559	400.5552816	1432.129908	T2
436.6028651	257.9246333	207.9319252	316.2181114	997.8112245	352.6092692	1200.453694	D2
752.1354466	40.69051684	31.79239502	168.4784113	1038.873648	117.9903636	662.6931334	D1
239.9965734	315.0453283	265.4744347	209.7207337	0.412804954	408.0742097	1358.425016	T2
63.705451	60.19158464	50.60992733	33.21644666	0.366196162	156.3283964	760.808876	Normal
233.4397789	458.840206	142.0073178	1147.830363	0.609645959	1020.467764	3294.223246	T3
231.8192863	301.8525134	268.2075865	210.4962302	0.256072829	390.7299461	1478.820885	T2
46.83604605	25.04269001	17.32435266	8.301973972	0.427666573	97.41598218	665.8726981	Normal
225.1046651	455.2054986	142.9132164	1239.953518	0.834304273	1007.884712	3227.04924	T3
425.7976747	232.8232385	195.2027791	289.8727172	981.5969674	325.81209	1155.262648	D2
41.12295537	33.41561004	24.56218848	14.49198223	0.430695239	116.9971599	673.1625869	Normal
218.0667546	33.48481029	17.97455474	8.134416736	0.373994045	102.0764529	686.3303457	PD
1034.072598	86.22036664	61.27294152	183.3855619	907.9343289	149.3856932	817.4298012	D1
1843.8282	89.40330978	39.71391202	28.32485485	0.222985999	122.6284045	681.5052825	PD
229.6701457	313.1621593	262.673029	214.5145547	0.517009386	397.5277843	1519.369894	T2
228.5034834	327.5543302	269.095755	210.2737407	0.313403112	430.7616796	1532.237423	T2
1060.629956	64.82828493	29.43759043	19.89918695	0.234907261	127.063695	666.1706502	PD
702.7169025	290.6545252	233.6424977	476.9359704	1933.743798	351.9018499	1388.125569	D2
467.1609889	56.83118814	46.78630391	171.8203842	923.4898741	151.3194496	831.596787	D1
572.7397942	261.5682906	214.179458	355.0008825	1428.837863	343.7286849	1147.92577	D2
242.1152986	444.7727578	138.4510777	1202.000975	0.779161094	1007.748108	3448.239723	T3
217.4272665	478.333072	139.1288131	1149.828382	0.757092709	975.9700495	3305.933199	T3
30.82775044	26.03206796	21.47148571	9.323303864	0.451802434	95.92218273	688.0391171	Normal
1030.678014	36.37314156	15.58427578	10.07257809	0.445188777	92.04252853	623.4188312	PD
1523.96424	43.34971058	18.22862217	9.731569701	0.249161035	96.42547076	620.5047291	PD
247.4249911	317.4860681	265.9568908	210.889235	0.226009109	388.6821211	1402.323782	T2
1544.92597	93.17862087	48.17905743	31.18596732	0.297011845	121.1720072	691.7100803	PD
51.15640517	49.21326452	38.66361439	24.30193408	0.24745843	119.3870043	728.1998417	T1
444.9951368	267.4891168	229.1411161	317.4777044	989.2228566	370.8352622	1277.053223	D2
227.6388427	313.3143592	265.1204323	193.5634435	0.244937899	376.9271167	1372.974978	T2
58.96898335	47.76547575	37.24430359	28.86028461	0.308945804	111.4072321	765.3773219	Normal
263.6592489	462.9264803	141.7559812	1178.681417	0.618904993	1054.205241	3453.819513	T3
241.7956014	464.0106892	136.4882257	1240.30744	0.731028507	1024.17305	3556.332425	T3
238.9437858	308.4659151	262.3050515	197.7332769	0.299531785	398.0338236	1325.730147	T2
230.9964283	320.2744196	260.707015	209.3037776	0.370694894	414.6195926	1481.44695	T2
44.8664429	22.39456352	24.67347307	7.854168895	0.274505644	102.513674	708.4472607	Normal
235.1594968	308.4096428	255.1908223	209.3518889	0.192829603	407.4119277	1433.733011	T2
234.0941831	300.5874798	267.1028066	216.7800515	0.478560345	387.4526774	1367.457845	T2
476.2582803	211.4238078	175.2628932	310.1327481	1109.369976	334.4071181	1128.436013	D2
67.15063724	60.14804799	48.93876686	34.04960236	0.231214005	147.6247529	834.0499101	T1
622.4139361	33.9388589	26.13167868	108.2455976	635.0635529	87.38334395	627.7195045	D1
62.72483452	73.24418181	56.71074969	41.01712512	0.367177479	154.815179	744.1037394	T1
776.8739277	61.84527732	38.32109464	116.2515276	632.6143312	114.4032364	767.3871336	D1
241.5338962	457.8352134	140.2545308	1216.577394	0.70475173	995.8354067	3477.54404	T3
778.1814967	65.19576566	42.12614122	114.5925255	555.5545753	124.039929	793.4325299	D1
239.7332989	316.8731337	262.2336134	214.0587166	0.235130683	374.2359905	1358.032114	T2
944.4110255	97.17434403	65.52568214	171.5978659	748.7575838	173.8761399	835.0473717	D1
626.0968325	266.2607792	221.1054311	417.231319	1678.934627	351.5306337	1356.568717	D2
76.11670352	70.82792357	62.81533634	41.05927847	0.31288081	145.3501881	790.9282766	T1
84.99737732	95.70455059	78.45356905	58.94815815	0.438747811	184.395457	890.963947	T1
246.0573338	308.6006041	266.2018384	208.7336087	0.222002309	414.0299622	1490.066818	T2
755.0338179	39.68833753	31.5889039	159.1081177	1027.783778	111.0831683	659.8632092	D1
228.5044443	427.55174	139.3411018	1189.410881	0.750995125	1022.655211	3505.962324	T3
233.4831501	465.7104371	135.8236811	1186.30701	0.717747212	1014.848356	3437.729333	T3
404.0641607	39.44139009	33.55525636	109.218109	638.0675953	119.4878827	733.4482197	D1
242.6093774	306.8542972	263.7496975	204.3508285	0.471391588	410.53856	1442.785418	T2
92.06251927	82.84633206	71.22280989	48.00587869	0.246748534	187.5529877	845.6171758	T1
229.4565552	471.3987657	137.4946855	1205.583018	0.670505808	976.543594	3262.844115	T3
255.0860051	306.464059	260.6884881	199.5071467	0.324810375	411.0919677	1565.76332	T2
841.7668229	57.3467811	40.95825981	23.01290388	0.350237644	133.2964095	751.4921956	PD
569.6374865	282.652471	213.0659076	400.1148249	1558.935322	352.8508172	1344.979949	D2
234.3943633	313.5894191	263.8787095	204.8345416	0.48011562	393.4502908	1419.842942	T2
1421.992579	67.28395378	32.98575742	22.21751386	0.393264627	131.9013426	773.4410636	PD
242.549324	461.8779598	141.8585936	1268.571429	0.921991075	977.9157344	3440.570711	T3
880.0906103	38.1653958	23.21343962	188.7048785	1176.186481	116.6121231	720.4526182	D1
2063.36129	72.21863321	32.39019799	18.35733871	0.315352179	121.3263307	664.1908353	PD
562.475178	66.29354871	58.54453419	195.9771585	996.0638178	156.4469134	778.1870302	D1
238.5417567	300.3767861	259.1419624	211.3231659	0.397083427	425.0357438	1328.550892	T2
554.8081924	316.6651631	250.7032251	474.9732309	1352.294794	464.7544162	1537.145912	D2
225.5304414	312.531398	268.6227276	211.660639	0.390524271	395.6020271	1475.97404	T2
471.9582364	248.2094848	205.2852575	324.4287255	1214.681518	362.5634709	1306.439405	D2
668.6660253	261.0973043	202.0049655	462.6195046	1904.127419	321.6889834	1256.355903	D2
671.4443287	257.1503442	213.4721108	442.414548	1973.74601	336.479109	1178.845566	D2
233.3965357	463.4016068	137.1678609	1219.801863	0.74511571	1016.668152	3429.756557	T3
42.99733711	26.41808073	20.71945068	12.23392558	0.278983035	104.1571212	695.0974326	Normal
585.3801834	328.8335584	244.27584	471.8767227	1531.492951	434.9838014	1402.981214	D2
2089.425614	61.52305074	23.65059118	8.641673456	0.237104782	101.8298917	774.2493409	PD
77.15174123	68.71590042	61.47890089	39.09132294	0.237059414	171.1969451	840.7878386	T1
629.6637395	177.042201	157.1042309	389.8742296	1960.651348	270.1343136	1182.612252	D2
88.38732631	94.39490118	78.72026029	55.36715442	0.421066779	186.949367	782.6901214	T1
59.78663814	43.82459428	39.60273477	22.07193022	0.400412984	127.5877296	703.2929699	Normal
67.17941791	72.51218089	55.75547145	39.82718382	0.343134719	149.5855329	896.3389527	Normal
690.2019232	236.5321216	191.2721265	451.9013204	1982.601844	298.2565526	1225.347021	D2
351.7043347	48.00335713	33.08239482	18.9922084	0.446762735	130.7795056	778.6319538	PD
231.9126196	308.6458687	259.5669992	210.8053185	0.247981887	410.9907744	1508.880704	T2
618.0823147	83.32669044	63.5134029	161.5322895	797.5374753	154.4649718	806.7471024	D1
535.8375832	247.1405348	224.0370941	376.1260139	1435.57512	342.349208	1171.193819	D2
228.0416581	301.7616088	252.0539765	210.3364041	0.442699625	390.0569093	1468.813133	T2
54.40516936	46.25088797	35.26029338	23.5916263	0.199670315	138.8447331	667.791045	T1
67.25078518	78.36930411	59.55381456	42.62982149	0.213622648	172.2950379	821.73609	T1
1331.176744	57.16143416	26.16008681	11.81238243	0.235209339	127.2153345	609.9275803	PD
1048.318227	72.35693395	46.04340305	30.17766566	0.406986811	132.2935228	737.6538502	PD
234.3414831	318.8892247	257.7329333	196.3363622	0.317805257	396.6762003	1420.245499	T2
74.21197834	93.56191603	74.44108846	49.98413585	0.446849939	185.5686552	854.6645465	T1
235.048126	322.1718614	264.7373957	196.5021092	0.356586457	405.9153786	1507.72474	T2
64.56947782	63.14837635	53.80084191	32.9418895	0.210065273	132.8065119	728.2864742	Normal
1975.984454	64.89312885	30.45295142	14.70717101	0.216344331	97.99256221	624.8447124	PD
594.3571976	263.1961389	242.5539491	409.8409289	1487.662742	364.8599437	1303.600828	D2
87.8207291	79.83433668	65.65346802	48.88194299	0.211385547	151.085047	781.4862133	T1
246.1951948	300.3806387	264.6713582	207.7557373	0.431040187	383.8766345	1388.098484	T2
235.911162	327.2559899	267.3503706	197.0785159	0.261119591	392.1771032	1409.003613	T2
1810.037882	81.5169467	40.80725048	23.22146433	0.233574774	103.6927475	745.8838324	PD
241.7609715	312.7661915	268.4930914	215.3818241	0.254389634	403.4034212	1431.822193	T2
34.49633529	23.91222547	20.41931599	8.659702375	0.274894262	81.91833778	652.2105512	Normal
247.3712967	303.2347485	251.2573424	208.5716484	0.360928273	408.4278444	1469.73175	T2
220.983	439.3517589	142.4055906	1200.837834	0.708616717	966.2141992	3285.14641	T3
1794.627981	63.97923149	35.55498368	16.18327608	0.431655531	133.4283981	660.983803	PD
78.09103873	69.85504881	61.28085311	36.90580151	0.461904334	159.3214901	815.1524504	T1
1252.207481	46.56310354	19.8815882	9.136484241	0.29580224	115.7651803	631.9022228	PD
76.6513342	71.5031331	57.35376934	40.79051324	0.453907707	161.7503925	766.2432095	T1
243.8150525	460.2814752	142.2118167	1237.883885	0.680773883	976.0158884	3270.780323	T3
453.7898986	253.6057726	208.9841197	335.0100507	1088.172387	340.4951152	1375.20996	D2
898.393084	42.967263	28.68843347	127.8968107	742.0140943	100.0368951	605.2631062	D1
538.7214888	302.0412704	254.4846028	368.5909079	1188.559993	369.0549533	1263.004475	D2
236.1023345	332.7323051	271.0992412	208.5425179	0.319365692	424.5266785	1417.18327	T2
238.6011298	474.3989553	130.8925646	1162.64037	0.809796041	1017.569986	3543.9763	T3
561.2061448	31.27142208	23.79861253	7.187752111	0.386776366	109.9983622	694.9495749	PD
53.5820214	62.30227967	50.28984569	29.78463074	0.267540266	132.6152763	719.1509754	T1
248.8950207	306.4873687	258.3422612	208.4477693	0.287356658	404.6164211	1462.796354	T2
802.9360167	55.80195451	34.77141822	15.80698642	0.380063148	120.4660569	718.8398694	PD
385.5494403	72.76780986	55.7020247	32.6287342	0.391044815	128.8093491	845.7480918	PD
71.16999876	69.74413551	54.63165902	40.59128389	0.247915624	143.601443	801.7434192	T1
241.203217	293.5112897	262.3336632	211.5971485	0.418103015	401.7569949	1374.683081	T2
618.8892973	197.31266	169.0092409	424.0293758	1884.477085	287.5575998	1219.478072	D2
224.1903007	307.8062345	256.481011	202.6459643	0.362535864	407.0438898	1477.232327	T2
349.936103	36.97636483	35.48588637	139.2692716	807.3724036	110.3208215	757.932714	D1
238.3916047	324.5168724	259.7054079	215.5474552	0.428784485	396.2445394	1421.097421	T2
1086.999101	86.31662185	69.28565521	173.9696	894.2124653	172.6225133	820.6212775	D1
237.0587223	437.6368701	137.2767245	1184.774581	0.678999457	1014.420887	3362.93752	T3
394.9426415	205.9773026	174.7819904	271.3575092	965.0309676	272.182137	1124.23858	D2
525.3646801	40.40718932	25.50962023	15.49305554	0.204799465	125.8004547	717.3293137	PD
2289.328046	86.29253661	36.36700219	25.81804739	0.246764832	144.7883133	679.2577017	PD
234.8143384	447.6939344	136.8301625	1201.095671	0.706704376	975.6353523	3261.878823	T3
233.7432025	463.3233848	134.4440691	1212.769722	0.811204708	1015.77828	3354.239909	T3
44.3929565	43.90892444	42.48194166	24.73682019	0.400225532	108.4316369	748.9231653	Normal
231.8680408	454.0334319	131.5905382	1302.302343	0.88419347	990.2194722	3428.644307	T3
47.60891381	35.49687902	31.27963961	17.35914897	0.385525868	101.6967376	640.3921457	Normal
235.2527655	444.0202498	140.5283511	1250.245596	0.691853309	1048.541628	3408.564249	T3
237.4786333	313.5315404	262.4239891	215.586643	0.433779643	418.8341364	1480.225017	T2
72.31349803	71.75813576	57.09405376	41.9234646	0.211971217	157.8361794	776.9762413	T1
2140.551142	75.35699258	35.66693909	24.7985084	0.46808587	111.0913824	748.7205918	PD
637.1296437	46.42780268	34.5101665	128.866685	777.0682483	103.1562489	641.4234774	D1
55.74867367	43.31544936	39.31734286	26.42335076	0.339299006	125.6863562	760.371122	Normal
229.06714	467.0559533	139.4397206	1236.207876	0.900418545	1011.458191	3437.309032	T3
239.9878071	455.5843432	137.8397828	1208.583354	0.695251103	1006.135309	3153.306199	T3
230.2883635	320.4643749	250.2480764	212.329786	0.366905364	408.8644773	1346.820859	T2
280.1622606	25.21143909	23.27394618	82.10863316	493.0606122	81.05906205	705.5376385	D1
658.8417613	62.9758337	39.0307696	23.31551378	0.498022733	129.6367278	758.5804255	PD
236.3997147	315.6861312	245.7001224	205.9429841	0.398823991	394.1295147	1489.688137	T2
228.4380992	312.0266326	253.8159665	205.9683463	0.35915535	400.7179916	1508.816456	T2
37.01471625	31.76454936	24.32349261	10.34447689	0.258671614	90.65532957	590.9939708	Normal
65.77341104	69.66224853	63.21364215	38.74633721	0.476133239	133.8030561	712.0838661	T1
57.62841701	39.91389179	35.11147219	17.17827724	0.386957879	136.4396928	677.3506305	Normal
48.33701165	24.41204408	19.33406883	8.582003599	0.455636589	101.8863507	699.2728082	Normal
225.911003	315.072659	256.3385096	207.768245	0.316290873	408.7301756	1500.696583	T2
51.22890045	43.7193801	32.44312875	17.90186561	0.322996225	96.28935345	629.4283832	Normal
674.9800078	271.0986534	224.2252186	469.1465481	1970.509983	380.7918211	1331.85476	D2
407.2702084	248.4596919	190.5463831	288.4126956	827.4206072	331.680416	1192.220646	D2
242.8754419	311.9546969	246.8144183	199.6856999	0.478108427	399.4467169	1414.506709	T2
39.91217194	20.43239462	21.98343655	5.284090889	0.203367397	113.3120415	732.3871284	Normal
239.1975461	298.5282939	263.7407642	206.9103071	0.197660148	400.7433324	1412.062209	T2
94.26323209	89.84872431	77.37337167	52.69720366	0.470683497	162.9377804	845.4391796	T1
230.9106303	440.0985797	147.2967865	1225.630751	0.757473166	963.5704095	3572.628004	T3
49.8085951	32.32804469	25.47681845	13.90801247	0.209607581	120.7619552	752.5945393	Normal
238.7210389	314.7110644	256.2210661	204.0432841	0.413827033	389.7131853	1403.504718	T2
71.87666105	64.66998552	58.16024065	39.03764512	0.33539593	139.2444527	752.0454334	T1
873.0581313	48.30651161	37.90143588	188.4057103	1087.36134	116.6693019	658.2751956	D1
2200.072359	92.74861133	49.39890377	29.98065544	0.348732328	148.0707457	679.1858495	PD
228.986287	454.5110939	145.9448081	1242.352567	0.80564608	989.7866761	3679.963287	T3
255.251328	443.7695667	135.9411765	1240.454663	0.90036755	953.2259283	3293.928007	T3
326.0182334	55.31631693	45.06546992	105.8386097	496.7753707	130.3031788	684.0004768	D1
227.4412681	444.8906181	136.2473122	1165.454113	0.664333997	1012.594462	3307.528034	T3
383.1267832	90.57761379	66.78897119	111.0221795	438.9054794	147.1076968	810.7764039	D1
1329.36477	76.99448418	47.16607936	30.13295831	0.379185474	141.7896384	673.2217242	PD
231.367964	320.5800861	255.9907599	206.0521725	0.43282173	414.4767359	1460.869406	T2
56.48835748	40.23269969	28.51397971	18.5672047	0.474264874	122.7686797	710.0887292	Normal
387.6686679	31.76551888	16.18387744	7.511377221	0.283834581	114.8811402	631.656545	PD
984.2689798	49.13863843	33.89045981	195.7256726	1178.186136	112.4347382	646.996885	D1
241.0616682	318.0514007	255.8251925	207.5143466	0.319683312	412.935326	1414.697331	T2
92.48881611	88.60070263	75.31894983	54.95925238	0.223996877	189.5360837	805.9603983	T1
511.0147393	42.38111719	35.72096389	183.6741697	1158.290325	116.7930897	736.095292	D1
72.03864135	65.53785479	54.69038556	41.88726203	0.334675922	143.1352496	843.3560651	Normal
241.5881019	460.1194042	139.0633479	1184.047478	0.588102414	990.2996109	3284.536107	T3
240.7774641	307.7667043	253.826408	206.480925	0.323605193	411.4055988	1457.132927	T2
86.59822856	88.26339775	67.91125875	53.10000207	0.437251779	172.1377146	829.8042097	T1
63.57449009	66.01858659	54.86970423	35.06246492	0.419712705	146.5750123	761.5767671	T1
222.8481087	319.5938191	258.507948	210.3335849	0.264152304	402.7800087	1422.622562	T2
69.67032966	55.76675047	44.58491679	31.02592927	0.345857242	126.0649077	710.4493368	T1
549.5470335	276.6527036	224.0308819	400.925425	1371.051438	365.3908613	1267.012832	D2
60.15995101	66.96361632	54.96115279	34.35876191	0.434179951	123.4556068	782.7629099	Normal
230.1118191	309.8994455	263.6349746	204.6856797	0.497526449	395.1001574	1491.634814	T2
30.94683328	23.8875255	21.06567651	8.396219045	0.508951919	94.16880876	654.4974247	Normal
234.9623148	474.5756576	135.2591374	1181.876285	0.86075501	997.6797266	3312.514954	T3
465.9687422	67.84940045	55.61975848	33.84165804	0.330951165	147.8822126	772.7872483	PD
234.1848291	322.9372811	252.8208751	204.2719992	0.407503991	412.436888	1365.413086	T2
238.0423009	315.7749386	243.221153	198.1214193	0.444816812	412.4944078	1435.309427	T2
428.2312857	231.9013969	191.8078546	301.8917553	1095.122991	313.2931778	1174.534808	D2
228.4629564	457.0676171	138.2036115	1217.047257	0.870944408	1038.911177	3357.652139	T3
233.9397918	305.693721	258.7685805	200.8837997	0.407537994	401.4215462	1384.253637	T2
233.7041672	315.5238867	262.8080061	206.6591245	0.44695761	370.086767	1462.739792	T2
380.6256632	61.22729029	44.49517463	26.7326433	0.487992199	141.0562186	718.4028186	PD
74.16760359	69.84462922	55.12589068	36.63047419	0.423620842	149.4349987	748.337257	T1
490.4608513	210.5910038	177.5434076	328.1069892	1314.860894	276.3026759	1213.910821	D2
852.0675218	63.40093351	49.52009753	134.0295895	747.3908126	125.9350197	701.1766429	D1
1140.001239	44.67747311	24.62094504	5.60471101	0.470844953	107.5011257	707.3899781	PD
698.3347855	314.0326221	255.8718842	539.0823641	1890.153597	422.6049534	1450.650314	D2
2284.336233	79.99328562	34.50670822	20.62863271	0.245550076	138.8315744	712.6368531	PD
61.60754404	56.25581495	42.37736182	30.40566321	0.258227005	129.8261018	774.7984882	T1
75.73605451	54.77653069	56.21035838	31.28202168	0.266233829	116.5606637	815.4247858	Normal
229.0826332	312.8433948	267.8016125	197.8437367	0.369611508	423.7890875	1493.037527	T2
366.1740556	42.11557711	26.13720001	15.36737275	0.320072383	94.97677409	665.4729192	PD
377.2405604	44.43842873	34.80989945	106.2650925	563.7107115	123.1989597	778.8932247	D1
513.8764777	236.1874326	199.8306038	343.7439675	1310.242495	317.8654717	1255.331319	D2
1015.4756	96.65892259	64.62759851	140.1283142	610.2915632	168.6066741	880.7532528	D1
508.9531721	296.070512	244.0181477	370.0535462	1139.609752	372.4261086	1476.529601	D2
250.1028765	32.18500056	23.87096889	14.12952639	0.339523676	110.263047	751.0216604	PD
347.3207298	32.72088117	28.00621132	78.56509718	448.800563	101.8392246	706.7045736	D1
824.4411764	104.4881228	82.08622682	178.3391268	831.2179166	202.9099414	802.1678153	D1
45.32468505	21.89437914	19.00680483	8.509092547	0.371954457	105.1989422	617.2872499	Normal
2159.737375	82.4072786	43.69289573	23.59514976	0.292123335	121.6472505	764.6404436	PD
643.4705963	46.104677	31.62680733	16.78725748	0.296762793	134.4660971	678.3510893	PD
596.2117421	195.7841872	153.2104166	397.7100132	1827.027836	253.6534126	1103.098257	D2
434.0043886	213.7152877	178.951276	297.6122712	985.4431194	314.2112455	1083.968113	D2
62.15275933	54.40053907	39.8094501	26.69426298	0.473030974	143.8428773	722.7047279	T1
1357.624574	75.15048741	35.13841181	25.43393586	0.427449801	106.7078927	716.0723106	PD
71.14671162	76.14170384	56.29239586	41.27859118	0.224003497	137.8770108	828.4251814	T1
611.4790262	55.43351221	36.18312325	139.8247076	740.0260838	138.3002731	710.147131	D1
83.40766582	91.35984437	76.34870276	53.19945146	0.351990651	165.8387739	820.2141236	T1
68.45224044	58.93950798	44.80422118	28.3392052	0.397329692	115.7062407	757.4591206	T1
1098.714577	50.50923906	25.59357416	14.09116271	0.317639178	103.8419851	627.7690625	PD
1493.04385	67.25480535	36.40195605	22.50768933	0.333949925	117.8827086	819.9154063	PD
76.79212902	79.37795623	60.76841567	39.26948053	0.514109327	141.9953089	787.9645944	T1
234.1917455	311.7876641	275.2531363	208.3622157	0.274993376	426.9319993	1397.112551	T2
647.3322225	312.3010796	264.0865831	460.9085972	1654.006539	407.5435024	1337.795534	D2
357.4132963	147.7558044	110.7240712	228.7072816	953.4055628	203.6564395	964.9690888	D2
2403.995711	64.31223408	23.57717396	5.908049191	0.432934279	109.1437807	742.7675149	PD
226.9423242	436.0497375	138.2787755	1241.545035	0.744163745	1041.732698	3249.866961	T3
1981.155729	94.5018295	43.84179001	29.16754359	0.251356922	137.4405488	780.9107683	PD
244.8761268	467.1707631	144.7730285	1284.724603	0.808234082	1006.311527	3498.680145	T3
54.36143724	56.51098246	45.80201624	30.03119802	0.214294037	130.6667325	707.7851987	T1
87.19900379	94.89768828	71.16228288	54.1176758	0.231633592	182.7015595	828.9202256	T1
232.9557678	448.7955129	143.6787373	1169.323871	0.743991633	972.3233838	3356.743102	T3
64.43496669	57.55494336	50.41610391	26.33289285	0.221289989	141.3895767	766.5794695	T1
487.5685031	224.4651559	177.873718	339.3385641	1276.489508	299.0548209	1090.225553	D2
37.11584729	26.83389304	17.9924685	9.330368348	0.373751356	88.8259838	717.9678172	Normal
76.4592946	74.2539362	66.23210164	43.87671024	0.271707152	153.787465	741.0249121	T1
541.7849929	170.0439816	142.3980238	339.9724346	1651.146111	249.7367418	941.9535141	D2
229.9901187	437.365002	141.9738612	1204.782611	0.854962014	1034.365901	3503.597425	T3
240.5139243	471.5150703	142.9479224	1217.45982	0.870161956	1003.871481	3340.965048	T3
233.5222461	46.06493181	34.69499188	24.29617971	0.256901354	116.7068823	644.9079562	PD
2090.624517	89.62053271	45.21940449	30.05995047	0.421795197	146.2322654	707.5630205	PD
693.9161724	69.58060569	56.50295288	145.6956215	772.2575152	132.8349032	769.5905391	D1
236.7738304	305.882397	260.4132402	204.5222855	0.203570578	399.5841485	1570.916268	T2
45.90837638	26.29590455	18.55992866	9.872556716	0.367882369	106.002197	651.7889283	Normal
220.4548948	452.3480055	133.4307796	1219.794484	0.743915985	1023.331508	3291.930123	T3
1981.398246	69.08563845	30.52852279	19.53643893	0.351029654	129.2642679	718.8237293	PD
239.8188303	460.2880585	135.6229903	1246.324063	0.655170771	1033.626124	3257.602148	T3
234.976862	480.5418247	146.5000846	1204.11054	0.646763784	1002.159827	3426.468529	T3
240.4192053	313.235575	263.8549717	203.9528591	0.280209682	389.5781264	1487.895199	T2
54.15511275	36.56790957	32.07698781	19.04814446	0.440784566	131.8863613	726.5281979	Normal
250.8590376	310.9412509	269.0538599	206.3498101	0.292312621	385.6909141	1436.205658	T2
61.69027639	49.8970154	43.93794096	26.15606476	0.246497513	149.2154028	704.1281944	Normal
536.8072534	28.13036534	16.78150243	8.484512287	0.447800709	97.10518599	687.3164775	PD
40.90794449	27.98798355	15.27533045	7.203044193	0.502723502	110.1144171	631.5173582	Normal
223.1782389	295.924455	254.0134602	207.8234523	0.268656918	412.4617365	1382.39429	T2
795.8347688	47.97776189	31.23088394	11.4331631	0.3359605	115.5769389	691.3602658	PD
226.190577	436.8318526	132.7117912	1189.506924	0.840705247	1018.112395	3542.603201	T3
257.7246184	454.4926708	148.9893273	1230.372155	0.743571167	960.2288749	3417.745131	T3
46.26253368	20.75788038	16.73114864	9.121801566	0.417531045	106.1814688	593.635139	Normal
82.57227769	75.56496966	63.64961549	43.41702828	0.374831008	164.8528813	799.8613043	T1
909.4867191	37.51667708	19.4618085	9.198816482	0.360330358	88.64549517	575.6802693	PD
686.3685144	31.92533859	14.70386419	10.2411139	0.531082184	102.4225427	604.9332883	PD
74.89750481	82.84697058	62.41241512	49.30245827	0.441773862	153.53821	776.4325846	T1
525.7673627	81.27042959	70.83950052	120.895974	453.6222692	138.1609533	830.6252322	D1
454.1780522	180.5231592	150.9305627	319.3334796	1304.980952	267.5411865	1011.665288	D2
1264.283431	73.96583727	41.48864818	27.4359247	0.320356562	127.1840105	793.5180006	PD
822.7236619	80.77233371	53.17445718	162.0746232	822.0047633	150.7221759	782.4952369	D1
224.5403257	469.4869442	137.4033705	1219.272707	0.720658345	994.2769104	3426.99593	T3
232.0284307	450.5526441	139.8007771	1192.950589	0.625059892	1023.454429	3337.7935	T3
73.95714173	82.56868144	69.20907858	49.45779657	0.299887932	165.5537988	761.3095015	T1
242.3478614	315.484995	260.7824489	207.1463891	0.300245543	415.7332003	1531.343796	T2
234.1734045	309.7516705	256.7468054	207.5136827	0.370647239	431.8353775	1513.039172	T2
243.4900865	447.3243707	147.3962102	1259.463177	0.690342534	1045.125718	3408.429262	T3
246.7700623	307.6005786	260.9304177	209.0325435	0.3514591	401.2477813	1412.402545	T2
833.8897098	67.68847372	52.65947452	180.8107451	1069.779895	135.7924146	683.4708794	D1
245.7888969	434.3900726	139.3816281	1194.813581	0.779791191	955.7655129	3267.522697	T3
617.4395247	321.5454756	267.3747523	461.6138032	1557.555285	435.7404884	1496.261861	D2
529.5990809	57.22502352	39.94839094	24.62915056	0.498212877	134.200512	680.5551924	PD
56.71192593	59.12959916	52.41372237	36.08581002	0.498358343	120.6018359	804.6701957	T1
538.4940703	44.73294744	27.09772261	199.1299872	1188.450552	102.3455088	643.881717	D1
94.58232544	91.98644721	73.46067439	54.55006367	0.434990812	158.7384467	894.4783832	T1
31.97188138	25.01479568	14.96968899	10.11321733	0.395254442	119.8191827	658.7114336	Normal
86.25358653	86.79064888	78.25279293	55.79661372	0.290253223	194.9764258	857.9715467	T1
413.40099	27.18757172	15.3524549	107.4829044	653.683197	81.948353	681.8017739	D1
938.6980019	67.87880823	42.93600037	199.7973589	1188.719711	153.9323701	807.7445584	D1
470.5089727	73.53428124	57.38485837	205.5423892	1181.483907	167.7803824	807.1616823	D1
59.35414954	68.21093027	48.36347057	36.75701016	0.385246782	147.9927294	806.4026617	T1
69.23670878	66.60688745	55.59238902	34.58960699	0.390677187	128.2893277	840.2893078	T1
460.2638407	83.10822862	80.7011274	210.3173149	1054.350447	166.3469712	754.7490732	D1
532.0787021	236.3786209	198.7397236	369.7304967	1448.639688	352.2376498	1191.869269	D2
60.79930456	60.73575991	51.46988028	36.34961525	0.284078998	136.613358	763.7613068	T1
71.49166096	66.71872489	51.07915566	39.50225764	0.509344033	160.7987332	729.7814707	Normal
474.8414534	82.49643393	66.23408572	181.3719556	968.7277257	179.4784263	779.5522047	D1
608.4228933	172.7861334	144.2933006	370.0222281	1672.703263	239.8485863	1009.079059	D2
228.2703959	314.411188	256.2997992	213.9010563	0.431584109	408.3985777	1434.018348	T2
239.888721	445.9503986	143.664055	1215.319362	0.713958769	989.474597	3440.645169	T3
220.6862457	470.2844948	143.9012566	1165.700545	0.851122989	967.2048032	3381.371806	T3
233.6141564	300.0397386	258.8586185	211.2144342	0.487222194	414.4813543	1489.466027	T2
493.7258936	95.7938946	71.83953027	196.1748569	978.5195453	153.7915913	791.0669934	D1
232.4918426	312.4636397	257.3497501	210.4798232	0.437485891	412.2368156	1513.378921	T2
658.0603668	219.2336293	174.581932	409.6053459	1929.855662	284.8382598	1156.411721	D2
238.7975459	323.5575583	263.4655592	213.6458734	0.299386757	416.1509967	1443.529934	T2
43.24733139	20.72732341	20.397629	5.049380745	0.278263992	88.06078168	622.3648599	Normal
77.36880577	65.30401461	57.92763999	36.97972954	0.284871174	155.9109254	725.0649822	Normal
2354.931599	101.2999795	50.48755508	37.23158714	0.502485795	123.9774018	710.4027385	PD
470.4320224	310.2756752	257.9216893	368.5398232	969.0173095	437.6759251	1467.575836	D2
599.5923059	162.234081	129.9846004	385.5466741	1923.598233	248.5578629	925.3440249	D2
241.5251026	460.6784685	138.5784722	1161.717942	0.883296323	981.8606803	3370.632213	T3
355.7811715	54.38668426	44.96688384	154.0860473	904.5761717	128.6875703	719.4040559	D1
233.5800362	297.3496144	263.9104449	217.9500654	0.446574907	434.0981032	1379.75419	T2
638.0461281	215.7900334	174.5973267	414.306857	1909.019772	311.4639399	1304.580122	D2
233.3391988	448.7259257	136.3232806	1219.556409	0.843196286	1015.601743	3465.641081	T3
239.9985226	460.0949051	137.596005	1226.429939	0.756489507	1045.526022	3575.506802	T3
71.74920113	64.71643349	55.65910469	35.4495769	0.46865944	136.2795148	808.7557995	T1
253.6550232	464.0271307	137.7422295	1191.659053	0.892001168	978.030129	3319.074043	T3
681.4388807	75.47931428	49.95124943	31.18013122	0.229533953	144.472663	746.3369621	PD
247.8157424	473.7606296	137.7480074	1163.794225	0.917043465	1005.175841	3360.473206	T3
228.5280818	453.8272801	141.3668022	1147.520929	0.77544207	1006.32216	3463.496972	T3
244.1617083	459.2132957	142.9401324	1190.241074	0.675584186	1005.801235	3338.973681	T3
82.68366026	87.81960369	75.57596587	51.10135698	0.400738749	173.4943807	833.350613	T1
93.819823	87.55247463	75.28198671	52.32151629	0.292034948	175.7078424	852.1618434	T1
226.7229201	304.9928701	261.5837967	202.3976249	0.372464972	395.6940305	1455.539991	T2
233.8599425	321.9893424	270.8514101	209.4053399	0.314949367	429.0735436	1375.684531	T2
73.67808585	80.9681691	65.30664133	46.46888525	0.374013453	173.6012201	731.5089255	T1
703.4166336	71.07512826	45.6305404	139.0842503	731.5829185	164.6590368	671.6885137	D1
241.3312906	452.720312	135.5157924	1239.363333	0.63341951	962.4369207	3415.566064	T3
1417.579465	81.99085246	45.39982535	31.65241222	0.205425506	149.0690726	752.3674003	PD
232.0261204	452.3350116	139.3750195	1165.350737	0.864019219	984.3212665	3354.895507	T3
2379.446573	77.43589642	26.37934131	16.34220333	0.35148274	109.8180798	641.3117566	PD
36.13480745	19.85251175	22.24702573	8.478993499	0.479718636	90.19741112	706.3093685	Normal
556.5751057	288.6311388	235.7558004	402.9616194	1423.486736	386.230696	1318.924085	D2
387.560095	190.2000173	154.4166798	257.3309572	908.3562778	279.0143284	1071.754012	D2
557.2522997	278.0296407	230.9069537	387.5279467	1426.125458	355.095904	1356.479	D2
234.7460471	447.9285995	139.2596853	1223.151918	0.69460915	1007.784857	3377.94021	T3
70.67370306	70.06337516	56.52931637	42.09092355	0.296198924	168.828752	860.0925238	T1
72.61668576	60.93462735	50.55116779	33.14097679	0.424663994	129.3959025	782.816054	Normal
44.30893636	28.2582162	22.37710747	8.68914126	0.416834876	97.41750457	571.4711276	Normal
945.6686567	36.68933591	16.56373589	9.241862804	0.201873922	89.25669441	638.8060666	PD
1767.341009	78.13422097	44.99901944	29.22511907	0.498902202	123.2215698	798.6023224	PD
228.3891442	453.4860136	140.9348863	1198.275006	0.824448054	1021.58182	3335.658491	T3
36.67645696	25.08832626	18.43558848	7.982863535	0.395151027	86.16655815	688.2176366	Normal
238.3360257	321.8515726	271.8944973	206.8466834	0.44162619	412.768752	1428.584735	T2
257.6499191	312.005695	258.1265865	201.4153862	0.361783884	384.4901508	1395.312803	T2
558.0369045	231.3825376	186.6551417	387.018373	1684.80044	307.4224954	1205.877004	D2
50.59150338	45.12717777	33.32633735	22.91196754	0.234363702	124.209037	748.1921269	Normal
81.56467747	83.01058866	63.96158489	47.59288291	0.419115772	176.4927871	784.3750459	T1
2474.566327	91.16109722	40.29121335	26.27849402	0.278028239	144.0844246	703.4439215	PD
1076.703207	103.3423254	72.72223716	212.6209877	1008.467534	154.8814266	865.2948338	D1
48.9766643	32.39999956	29.43977518	11.76748112	0.28307482	99.01511979	697.8280859	Normal
711.7092864	317.6526546	240.2522737	484.7627365	2059.514699	377.5947001	1324.083947	D2
64.69265747	55.61221174	48.6325769	31.51530016	0.342599213	147.3203728	806.4951772	Normal
45.53609728	36.33550435	34.51338377	18.4890206	0.210126345	124.8525639	643.2618746	Normal
760.5661681	88.82597546	67.80746726	148.4175554	728.3369513	143.3442177	836.6462994	D1
500.1368606	181.1007853	153.5002596	329.0621807	1405.269467	266.0805066	1040.382767	D2
502.9936727	315.3242122	256.6682376	462.0984944	1177.122981	439.0028295	1639.014451	D2
95.9709868	100.6885164	87.59484714	59.02168645	0.513755285	191.3667924	924.6386785	T1
80.62537885	70.77235373	57.92326097	41.43642771	0.480785505	160.3368101	707.9616884	T1
42.79690845	26.03862659	29.01680643	13.12361382	0.401055899	123.194007	620.9690265	Normal
635.4165303	203.3752563	169.4718592	436.7384342	2006.409303	272.3082204	1143.098643	D2
410.1082962	273.8626882	242.6207243	300.2666512	833.1535511	336.1133185	1279.392875	D2
456.2763067	179.4855747	155.5208412	302.8919147	1276.623285	243.2519181	1132.924002	D2
518.3283971	280.2432202	231.5990906	402.1153908	1275.946873	364.4642754	1362.49251	D2
72.49909195	71.37892126	56.05878156	40.34364904	0.254749314	129.7946029	773.9449555	T1
229.4329847	312.229684	276.8181474	208.1649449	0.484953717	428.2048057	1399.217245	T2
425.136794	249.9984094	224.983852	320.6225857	1006.67142	367.1090472	1389.905659	D2
498.9803277	35.92136626	18.22255492	10.16528256	0.432459329	79.17506658	641.9845825	PD
696.1622562	68.71525116	54.71863676	149.0044192	796.9113553	148.8651855	772.5317935	D1
224.3816207	444.6085553	135.9144067	1237.036679	0.624760814	1079.27575	3499.29252	T3
237.9327712	473.2049294	131.873797	1196.497483	0.86055993	1046.843917	3449.397201	T3
236.9903634	434.3877417	147.1435463	1213.595173	0.771432172	1003.939367	3202.082698	T3
242.6257436	454.3337874	138.5487934	1195.652874	0.893460658	977.9837479	3584.889091	T3
1627.910323	53.55850684	14.32441584	7.237958078	0.410574107	120.9963086	658.341737	PD
61.98386337	64.37601284	51.30580175	30.57739058	0.486293261	121.721876	728.9074468	Normal
244.9713982	327.2533449	262.260529	213.4441705	0.229474374	405.9492765	1486.54352	T2
608.4337706	28.81858319	21.62173774	104.3139765	659.8551592	86.13087052	616.0332881	D1
231.2244535	477.5377656	134.6778213	1152.134211	0.699983262	976.3040764	3493.397751	T3
754.3293267	54.34777292	34.69039886	16.53647067	0.286562316	125.7604163	724.4432614	PD
227.9974055	439.8759215	137.9058153	1232.221782	0.700930116	973.0795777	3375.063527	T3
240.7079977	465.9355928	134.3691358	1219.697344	0.715792121	996.1185895	3398.020556	T3
230.1931118	301.1889628	256.6269573	210.2541104	0.386719091	388.3644668	1471.757187	T2
372.8339253	209.4865985	167.7337355	278.9450066	962.7880896	278.6671146	1151.917442	D2
1368.134409	79.08598496	47.35737605	33.86976435	0.258733463	151.3765179	759.4496341	PD
327.8411209	55.03413627	43.17217984	21.98972056	0.351399126	140.4439267	713.7687128	PD
609.0431105	158.579014	140.9639492	405.3390294	1922.400632	248.0926484	1012.307295	D2
233.8635793	306.3949129	252.6803197	208.4038129	0.429367516	399.5855581	1438.961433	T2
58.40272768	53.6713137	49.49087638	31.35750637	0.384524114	135.4455686	721.6705466	T1
76.40338295	71.45575784	63.5473672	41.96662975	0.308619964	155.358201	897.0308677	T1
471.6585871	82.68493086	74.65718019	149.4236697	660.5768272	150.1022448	762.0444522	D1
713.3411097	40.76986968	17.06684323	89.49926314	553.5255472	108.6189754	742.818867	D1
482.3465687	280.5047874	227.0382673	348.9624956	1106.241411	364.0982803	1273.562305	D2
424.0958665	62.40418366	51.27622303	140.7148417	729.7990521	134.0657639	784.0733585	D1
394.0163078	67.66211723	53.09203259	143.2159204	758.5934186	151.1177017	678.5384781	D1
245.3151702	45.78667758	29.23198407	15.79670762	0.410078016	101.2957115	655.5848012	PD
255.7094889	310.5324133	248.071395	201.2422752	0.336577283	367.7999633	1419.635291	T2
43.31003092	36.84471636	23.01695919	15.01936886	0.213411409	132.3304438	705.1215915	Normal
29.91158051	25.59268911	16.19674585	7.65216076	0.290198616	112.1523441	637.3724224	Normal
243.4863011	307.5977227	269.2820459	209.5716158	0.32780258	413.8437137	1423.004836	T2
61.99168565	85.50372842	63.77896271	44.50945534	0.457007291	166.9088255	820.798706	T1
41.25769639	26.50702145	15.27504621	8.335780918	0.246891546	83.11568054	673.8685795	Normal
618.4933094	313.2686432	251.5763894	452.2778787	1693.493429	381.9249274	1388.704517	D2
60.6121654	58.81591468	53.12243743	34.28744935	0.437776746	116.0967488	765.3642187	Normal
236.69387	292.5481202	271.5572584	202.4288442	0.398495873	442.13739	1416.446028	T2
237.0796124	443.9057092	135.7015724	1168.635013	0.669387967	1008.813197	3522.157575	T3
226.7265385	446.7936304	137.5893349	1208.683312	0.768322722	980.081314	3439.253827	T3
1167.242544	46.30612142	22.1761074	8.671089326	0.457035428	98.00530265	707.2940116	PD
244.7537468	307.2603863	265.5283685	215.0354578	0.403453655	430.1184617	1377.204764	T2
1357.224009	74.51015077	38.82920423	27.2885955	0.278168124	110.626298	806.1091491	PD
246.220516	317.6465636	256.4263169	213.9575641	0.337719646	373.2677078	1369.971717	T2
46.52142746	19.27580799	15.10211321	4.991749607	0.28728303	101.5888212	605.2268409	Normal
230.9598889	447.8266724	146.3096606	1221.067292	0.662264062	1026.050947	3337.440264	T3
547.1613225	193.8720987	168.5055824	372.7662513	1667.216351	286.3192064	1160.816738	D2
2198.516848	66.56082963	22.43751151	14.45473053	0.394038717	102.6698756	603.7335529	PD
235.8833257	463.7233255	138.0739982	1271.663308	0.796311301	968.04884	3474.472244	T3
40.31886901	25.86477795	21.47378938	8.676501061	0.221424314	97.16490417	637.9431391	Normal
228.0457568	464.8201057	146.1254598	1265.458998	0.832238418	986.2667076	3585.276563	T3
58.17096341	60.64673294	49.45007394	34.33893038	0.258147546	154.4005311	789.9995572	T1
98.28171805	94.06981095	83.00827342	55.1021714	0.400663963	189.5685515	860.428745	T1
410.2543824	261.9750895	215.7636112	301.5559045	873.8486335	363.9056985	1283.80704	D2
2324.479258	64.07404897	18.23790574	8.679013488	0.324537007	96.63062894	713.1408199	PD
863.6535034	87.92942479	69.5391904	219.500126	1123.85711	150.7563323	834.9607154	D1
82.813623	83.35594153	64.97760221	50.01887858	0.264855492	152.1845196	757.3690264	T1
247.0705101	315.3317896	256.3278753	210.671631	0.256329604	383.9679497	1475.633229	T2
225.3998959	308.533887	263.9932336	206.7783372	0.272430377	398.8145059	1499.039462	T2
67.72775845	62.38628657	45.33141971	35.21491204	0.453260255	124.7677561	794.1652334	T1
614.3724315	198.9284902	159.3947697	420.3602698	1974.127413	265.4470846	1109.515257	D2
232.8206269	455.2567895	134.8899749	1212.060043	0.651609515	993.3740327	3366.490124	T3
688.2792015	53.72318085	38.20755502	24.97685088	0.367769881	105.8070569	703.4655804	PD
246.0467689	308.629366	249.3067468	215.145951	0.370540175	382.5510531	1440.227243	T2
803.8472877	104.118036	73.16314149	167.3387857	726.8859704	168.1493879	786.6113118	D1
62.14883602	69.81906828	54.08273333	35.82217411	0.23704496	137.3916415	777.1433055	T1
415.0319197	39.25145945	27.63446927	127.4845747	662.0389501	110.2734328	733.7781034	D1
360.8255617	175.8755934	145.4993249	254.8364887	928.9841128	252.3092678	989.7958111	D2
404.2629548	243.9366644	209.4341034	302.7159075	852.6522626	350.5988268	1306.106986	D2
2430.989695	93.57887298	43.90427198	28.8627684	0.312455624	122.2872155	801.6034825	PD
600.4984268	258.2869689	213.6177324	429.0986799	1716.369512	322.6568283	1262.623607	D2
1765.585852	71.08954483	35.67763512	21.99890252	0.29805653	144.9259849	652.6754237	PD
234.0731723	445.0191884	141.0075012	1230.485262	0.643333473	1006.996794	3530.013238	T3
86.84921285	80.19102649	63.76907996	47.6954289	0.451871593	138.7671233	773.4462133	T1
583.2291785	161.2759577	135.3784193	390.2267803	1843.058123	263.4693994	1108.495077	D2
588.4847526	214.3098149	185.4849507	411.9860228	1624.825058	319.102134	1192.465314	D2
72.70106309	68.5373355	58.43024711	37.27001484	0.346851348	145.8418698	762.7432483	T1
698.4765841	91.23886601	67.73911081	183.687057	925.15967	162.4940272	758.4768755	D1
806.5104003	36.99146297	20.11606002	80.16979759	451.5941123	100.1568387	648.3177523	D1
1963.927641	63.98657498	29.00115979	11.90467994	0.463848876	126.4443658	690.3493407	PD
406.8144936	180.8002229	143.8139275	271.4699121	1063.632788	243.1113014	1064.246304	D2
51.65449248	52.62726998	42.62599938	26.84053709	0.432528964	145.7933782	671.8752759	T1
61.89391829	52.6259473	48.07076161	31.43058122	0.408344335	129.7451374	780.1816823	T1
232.171657	466.7491912	132.6379308	1227.207701	0.609023411	1014.001475	3592.045054	T3
47.06684001	19.3413759	16.5313764	8.921668165	0.294000721	110.0293777	651.494649	Normal
687.3076397	79.61739507	64.40098591	163.4759351	807.7378097	171.321791	823.1239988	D1
541.4626408	77.21823258	51.59854658	37.98686635	0.211663708	141.9037743	722.4670399	PD
245.3361852	301.0486292	255.4737787	213.3895088	0.231972229	400.7733	1496.359524	T2
232.9098518	467.1540181	146.8374062	1201.68462	0.662340454	1020.000659	3422.739819	T3
608.1222019	297.843672	228.9511424	447.686766	1548.953547	373.6483324	1475.35912	D2
73.58533162	81.88103656	69.53659438	47.46283398	0.474055611	154.276961	882.3530141	T1
755.9161959	33.99671502	18.05754914	175.0890998	1100.420941	105.9731687	622.8476125	D1
489.2713258	249.3362367	214.2471676	357.034063	1189.808253	354.9099258	1293.878812	D2
244.1829028	310.5546058	260.6868602	207.9070047	0.243442384	416.2456097	1386.645776	T2
59.34739725	74.54941827	52.16206953	37.9590018	0.473804191	133.7374536	776.1650397	T1
236.179972	323.0571162	255.5815144	206.1102052	0.223658282	426.923145	1444.224346	T2
68.26419664	71.45472267	59.81969747	44.09939914	0.218605547	133.9564611	791.0642099	T1
225.9929272	447.2008285	136.7999369	1200.505135	0.862349279	1031.36971	3370.580079	T3
800.0655137	69.23783351	50.92297029	33.13228362	0.21265519	139.6905753	804.1583515	PD
555.0197824	223.5025317	173.1371481	370.7663444	1478.243789	316.9265039	1135.908924	D2
2035.160415	69.51862233	22.82240846	12.91926748	0.256390697	124.6818459	625.0858162	PD
69.77066312	52.20218003	49.05318423	25.37069166	0.244242444	128.6606887	756.2206496	T1
565.773159	52.616377	36.33201456	21.26973067	0.205878793	138.0340534	762.7555094	PD
230.540457	291.4416533	253.2028533	207.8635068	0.449516549	384.6168346	1390.647076	T2
372.612207	74.05356293	59.38987691	162.7152602	868.8107635	166.4641172	809.1104523	D1
543.7174183	268.2254687	214.7531294	387.6926916	1447.538617	323.7515631	1361.402745	D2
236.4230941	311.5321154	266.4911875	206.5143743	0.267195602	423.8199969	1372.380051	T2
247.1522084	304.2877501	267.9992469	201.9924199	0.273652365	384.1909956	1323.701389	T2
238.6346064	300.7505719	259.3668027	203.7268616	0.45635034	415.8047535	1472.319769	T2
74.08491653	93.28480003	79.56407141	48.63491586	0.499646565	157.465525	798.1939563	T1
63.48136878	62.57476874	50.13296465	33.36479072	0.401948198	122.1050425	814.8530236	T1
55.97818498	54.47049528	36.90658193	22.39886811	0.428026064	137.1544985	689.5443497	Normal
245.7857327	471.3417262	139.1468044	1196.145808	0.871083482	984.0494154	3323.310946	T3
871.8708164	57.77668523	40.90059786	21.27493341	0.401798869	121.9035066	678.0035457	PD
54.2713675	47.89997987	45.39141525	23.80569771	0.439092111	145.4949337	693.4785524	T1
458.8700194	51.36498012	42.35039177	106.0213112	543.0379617	110.827419	690.4914629	D1
89.12948038	92.46388686	73.09859976	53.27641469	0.259838602	173.2178982	845.3245899	T1
66.21599139	48.96262805	52.66602553	27.57555301	0.264077479	139.928895	734.8280072	Normal
246.376584	328.4665958	271.4232278	211.523335	0.471594949	401.220753	1474.450196	T2
2284.097828	73.54349959	32.25828256	17.14227463	0.276447799	106.6450534	779.6925049	PD
1633.594822	54.93921251	24.25558161	9.068364734	0.412124188	103.670393	638.8960387	PD
1997.377322	51.34903753	15.55380094	6.165154654	0.352343036	103.853619	595.4414587	PD
414.4381464	29.5921293	17.38953983	169.3739782	1116.756781	106.7035483	653.2702937	D1
1233.131123	42.23759652	15.91383975	7.012947031	0.420172804	84.1414057	691.5558417	PD
236.053767	459.1428352	129.8633307	1212.705973	0.619482364	957.051248	3518.502394	T3
79.10662698	71.85154859	59.55238414	37.5870966	0.426766469	146.1416756	765.9336887	T1
553.7486282	138.452157	117.3601982	342.0288127	1628.219132	201.3372942	973.7401927	D2
440.7390364	39.11623937	32.70617514	15.62995759	0.237629802	93.86552952	645.3837142	PD
240.1815065	452.6703129	144.347691	1226.278601	0.911145077	988.517372	3380.193291	T3
765.2159138	44.42880247	27.27122458	128.0891805	740.2818315	88.40575532	648.2969503	D1
248.3858064	321.5349104	270.1436692	216.3141999	0.225538718	395.5155857	1469.92028	T2
42.45881641	20.39941963	23.37699732	9.312185888	0.346980964	84.95832239	656.1577301	Normal
354.208952	65.32436242	47.30917871	31.85174424	0.404673449	134.5735328	834.1488196	PD
1654.929579	82.49790547	41.37477798	24.99438039	0.461779594	108.2972248	696.1565793	PD
56.90701343	63.64549836	52.04895228	33.38594991	0.462443575	134.4025973	768.4373432	T1
483.593666	186.9026621	153.466771	316.6244144	1312.776017	254.9506019	1174.602024	D2
238.8383964	465.778615	143.2230952	1254.083427	0.762187526	980.425591	3432.108123	T3
230.155644	312.2140916	265.5393696	209.5077228	0.438091431	379.6939593	1387.66279	T2
233.4953508	307.2587612	268.5610947	218.0223806	0.468956458	429.2770463	1450.456277	T2
533.8704167	78.60958998	66.94332755	148.4256851	713.5931289	172.2392305	861.4406778	D1
49.16724617	24.2600667	15.7652647	7.874044659	0.208723782	87.28788733	631.5959356	Normal
41.90758776	27.36742119	20.87886445	7.138393423	0.389419937	105.6148307	669.1380659	Normal
747.1869671	31.71032203	18.18545325	82.73993808	515.9390347	108.3280843	597.4997762	D1
417.8716268	244.1119886	210.2591846	321.2199716	1048.079883	313.3061541	1164.604824	D2
542.0635424	238.3356903	191.0476479	380.9228271	1567.364283	326.4408777	1225.905922	D2
81.65326118	79.35112253	62.89282552	45.15745358	0.342372712	148.7813058	737.6068751	T1
79.63115256	89.10714515	67.6631001	46.45469504	0.24614702	157.6093269	820.1882457	T1
242.4460203	302.4628784	259.6696241	201.6205898	0.396857709	413.9278389	1466.214349	T2
246.8753025	318.1431131	244.8249718	217.2604553	0.322862321	426.9161203	1511.079742	T2
585.48122	237.5466218	196.0312451	400.2572572	1650.226493	309.2277453	1232.020993	D2
676.3858477	94.34571908	69.23807566	152.0778776	668.8692301	174.6582653	833.0764895	D1
76.97960539	75.81647957	69.07058946	48.16889293	0.400886286	165.3576617	754.2455586	T1
223.2604623	308.6246621	261.8738497	204.0079975	0.193053083	395.6882575	1361.413986	T2
40.63575699	38.32250949	33.4712583	14.73057765	0.206354497	132.3627068	702.0980682	Normal
49.29232286	21.4461034	22.30028332	6.31178225	0.324283895	113.2036408	591.9335967	Normal
72.13072544	60.17170202	54.59520969	35.79879537	0.216078777	143.6093501	845.9525768	T1
227.877986	462.3431218	146.8078831	1241.298731	0.695591033	990.6919146	3329.19351	T3
232.1795794	441.495167	133.5501925	1210.689814	0.650726922	995.2673913	3446.895565	T3
228.8730339	461.6114271	141.763977	1186.778756	0.859190256	995.8822988	3484.110027	T3
55.1946018	58.46412405	46.04474872	29.76756823	0.327082144	120.5695231	768.9264951	T1
588.1911286	197.6442692	164.3823924	406.776531	1794.258826	285.2189972	1089.328636	D2
36.45267791	24.79483053	21.5905836	7.005495153	0.451860007	94.35998126	667.73519	Normal
237.3764287	321.4555621	267.346975	199.9249974	0.23675159	390.9488528	1533.399623	T2
50.50388864	41.86337972	33.59836549	20.01268327	0.280622646	123.8873028	749.6025409	Normal
1609.187299	48.762377	16.21977809	9.209271005	0.273954755	80.99428059	637.1144281	PD
54.68213983	49.27900204	44.84718446	24.51526025	0.465308417	125.3952677	688.0220531	T1
58.72282168	44.0232403	37.25480942	22.74492913	0.208094519	143.9413488	699.4353465	Normal
230.9209182	464.3206513	141.7668127	1224.393334	0.713689105	1013.63289	3275.869967	T3
656.0229441	70.90909423	54.53386866	113.8635147	560.3544195	158.3356203	728.0721426	D1
556.9628644	69.55856071	54.43664325	169.6406507	932.6073459	131.8202423	733.0198915	D1
57.28065581	45.79596271	39.17733809	19.59622773	0.416484751	100.3499943	642.9360246	Normal
73.88294815	64.00925462	54.62549354	36.81712915	0.303072814	122.5536251	737.4407111	Normal
239.1310617	315.7990274	270.9016641	208.6815592	0.339168065	402.8199446	1451.45808	T2
544.57276	46.9060301	30.11435353	164.6240789	981.7094397	97.49676113	676.5051148	D1
1630.497967	76.20341043	42.23743669	23.05644443	0.218377031	118.8945046	749.4669174	PD
644.0926286	241.744973	186.8281514	450.3471639	1848.835643	292.89195	1241.371392	D2
75.89611102	76.72774431	69.68626358	49.78299147	0.207871811	179.7380933	798.0823483	T1
55.91760868	62.70027076	43.68261562	32.98927111	0.478865895	121.7991407	792.2965856	T1
239.124165	319.4986424	274.8862059	206.5474116	0.323182589	423.1244038	1421.37647	T2
83.48627571	94.71819073	73.59342866	52.78829001	0.345608752	186.1548067	807.0307434	T1
238.9013896	461.896279	142.4457288	1168.942089	0.854838209	1007.18986	3355.811765	T3
827.4429765	67.93100998	44.32138735	30.86275774	0.494999863	129.3087734	702.7851701	PD
69.54905296	64.35930439	51.05998564	34.7865003	0.465359301	138.6375687	709.9339733	Normal
1271.042384	46.90869327	28.19561614	11.32673685	0.514152148	119.3412071	656.3378973	PD
228.8462938	458.6451236	142.2231405	1224.304569	0.662802112	962.9000614	3559.638529	T3
234.1661352	456.5556974	137.9182292	1195.484801	0.778004375	1015.646823	3390.688984	T3
239.1612367	318.3665748	258.2398795	211.0863176	0.488402167	415.4696874	1450.80085	T2
2369.366888	67.10947578	33.8327352	14.5784901	0.368690878	129.3945321	646.4435547	PD
651.359063	273.3380893	239.682608	434.0791018	1768.577284	351.3846673	1299.70213	D2
66.54305696	50.67319596	43.23653642	26.68234031	0.467172001	143.2082593	736.6718174	Normal
54.6508246	54.75820316	37.12385278	27.29964504	0.254884922	123.2414795	767.7009105	T1
89.84726412	88.31261283	74.89031436	53.85663308	0.212850995	168.6248754	909.9230255	T1
225.7221073	308.0220977	259.3412744	211.845982	0.28605778	392.1894877	1537.383411	T2
231.0500473	312.4519673	259.1142617	203.7765355	0.325887988	409.7355344	1370.490137	T2
242.5467521	481.0665235	144.6765122	1225.598442	0.86564015	990.4775154	3313.467591	T3
52.97525031	42.67944421	31.38743251	23.88078762	0.424327176	122.6030457	770.9451259	Normal
39.90232957	24.21060073	22.9643412	5.640016606	0.348248743	104.0636283	727.2481209	Normal
242.1960982	484.6723539	139.5359774	1184.165776	0.868550616	1024.352918	3410.966821	T3
42.87547358	21.88771689	18.54580226	7.310244098	0.492851493	93.48734433	624.9328077	Normal
242.1167504	330.1685076	257.8797719	202.5978597	0.454621615	390.9772343	1430.025874	T2
241.586801	453.2828017	145.6183091	1223.534363	0.859384821	1028.594583	3293.82972	T3
226.5459569	467.9925083	135.993495	1213.646718	0.737562413	986.2912139	3318.205573	T3
29.09220823	25.55037686	15.28244258	6.412262298	0.41248477	83.35949163	736.507243	Normal
224.5541939	456.7796659	138.3825265	1179.356427	0.82393336	988.1861825	3505.426089	T3
237.4092204	433.0736943	135.3441967	1169.036745	0.737428342	1016.099919	3402.324276	T3
228.8354454	469.6615177	139.396711	1247.629301	0.742391102	991.673291	3322.970007	T3
486.0131998	259.8028827	232.8449788	349.7723209	1142.226867	368.5897	1293.798141	D2
564.1619624	58.06682242	42.24557156	183.5829811	989.6641788	112.0944383	728.4707473	D1
228.3545532	300.2216577	257.5949552	205.5067293	0.439860876	389.3413267	1393.594923	T2
250.6357502	310.1048287	262.7625635	206.0126152	0.439559288	428.2212996	1327.6969	T2
38.1617802	27.73729503	29.24148136	14.63250654	0.291528357	127.4930425	616.3663294	Normal
2435.203006	80.28508473	36.37152839	17.03592621	0.29784434	101.7973451	754.0639108	PD
59.08378885	60.77743795	51.16417513	33.90974066	0.227815419	138.4253661	728.5433568	T1
1838.748232	80.21666429	45.01736587	29.04241516	0.451849237	117.8015247	710.4900096	PD
68.01406139	69.7646113	61.45482177	40.71528408	0.243438241	170.4200181	764.3571645	T1
532.6972115	73.77163707	51.35618275	35.16056882	0.484421501	132.7362072	726.5418251	PD
430.3690494	38.9360925	24.75985045	10.74824207	0.48404197	117.1397557	643.2733397	PD
238.6121349	452.9901114	135.1440419	1221.981597	0.627463091	989.7922725	3367.445887	T3
241.8939755	308.773604	263.4651112	209.7315431	0.239428371	407.8778621	1497.165793	T2
757.361277	42.42754847	22.39062692	5.345460353	0.436972875	89.84919661	627.505203	PD
34.55076592	26.27451418	16.39312785	9.320306334	0.231103334	108.0062059	731.9311509	Normal
697.6925549	62.5465359	41.48209252	130.3022875	637.7110013	147.1449251	714.3793095	D1
78.22720032	97.85268188	74.78455355	56.74314986	0.303727045	163.8014611	877.4878333	T1
243.3799193	448.5832617	152.2606742	1247.485159	0.851380371	1044.859027	3418.016648	T3
240.0696267	452.7318742	140.8602286	1220.238831	0.791894482	1033.308903	3472.842983	T3
401.1894803	46.01301298	39.53247653	22.14049807	0.393439447	119.067929	630.6408494	PD
232.4369422	312.8882868	253.9204539	206.6662935	0.507894551	393.190599	1531.813114	T2
72.50953402	75.84981366	58.99749177	43.78135655	0.252520525	168.5373334	712.7363749	T1
248.3081509	461.9596059	141.8788042	1259.188191	0.782111396	994.5426297	3434.955591	T3
258.0825522	474.7506491	145.7572259	1215.424557	0.631845354	1005.73208	3476.338628	T3
930.7440707	65.49964237	47.70157275	163.3566054	890.2913262	126.3678718	831.992616	D1
61.73972013	58.08674942	44.95489478	29.04332274	0.355168903	151.6644447	784.4075251	T1
52.09773691	42.4203009	28.9228523	18.18696317	0.433620806	103.169758	693.4351678	Normal
2015.169651	89.50617206	43.02222823	27.87750258	0.349153374	123.4254117	797.1162554	PD
425.9717724	276.746373	210.5530545	311.3344048	915.192309	373.2146179	1282.943627	D2
53.79748099	46.52400701	35.83821649	22.01453104	0.290660253	123.6157834	661.9474365	Normal
58.94480876	45.9208228	37.05941475	19.3974316	0.294408044	111.474737	735.8751049	Normal
246.9989413	437.8573662	137.4402468	1235.530327	0.80521962	949.6237837	3399.948748	T3
79.79616241	74.65050157	61.01114888	41.14484796	0.39865706	157.8672704	773.5518737	Normal
378.5661727	69.18881559	55.31014363	32.41793716	0.367316894	145.4222001	840.2136111	PD
71.06351654	69.09290476	54.44568226	36.96741989	0.297556166	151.5791551	731.5279639	T1
245.0640578	309.5670365	264.1823858	204.3388818	0.342232705	375.9634218	1482.159873	T2
239.8290535	311.1349168	266.5765271	199.1771078	0.257631098	421.8578695	1426.357689	T2
682.7309817	43.45800322	27.42663244	156.4901177	921.8762015	129.1184801	625.4664422	D1
590.2339889	227.6035436	192.0022609	386.369145	1706.698619	346.4786417	1201.347843	D2
597.907062	63.26649113	44.23192105	173.2070911	962.2206642	141.8409634	818.8306058	D1
232.3951283	322.9723021	260.1478414	206.0036645	0.321801702	409.6487774	1366.883624	T2
428.0791933	52.26031166	40.38498679	126.4273504	688.8554768	108.1536578	706.7709702	D1
221.1536547	311.2996549	263.7478457	205.2443639	0.320241784	403.8040601	1408.041913	T2
228.6466971	311.5393953	264.5973975	213.1517216	0.313967123	399.9627964	1392.757646	T2
923.7411026	57.23656433	35.49392769	86.20975572	428.8248196	110.7931602	650.7232543	D1
1897.818662	58.33439628	17.27016014	9.243514751	0.282432153	84.66235566	694.1273818	PD
526.2669275	222.7909508	192.4654715	351.9356028	1398.09793	296.3576155	1299.508877	D2
1399.018168	56.01788283	27.61218733	16.31130327	0.483898992	100.3410994	767.5850832	PD
664.4972517	276.9733429	232.4482245	464.3205392	1957.947716	386.1605567	1305.555598	D2
1187.048078	54.73253354	26.26363297	16.71733394	0.398911465	128.415104	714.8673362	PD
76.60737698	81.16372237	68.69878713	46.28377008	0.254652548	178.8782502	784.3804877	T1
247.4461695	468.8375324	135.794821	1235.011035	0.705817611	1001.181519	3258.16038	T3
236.0255961	448.0598751	142.1284556	1230.275502	0.732996429	975.2678506	3327.198385	T3
586.0205274	89.59213079	73.50539225	194.1687305	999.0747793	150.8919374	792.3890527	D1
231.3115822	452.6599136	148.498169	1244.742955	0.716491222	994.2761802	3341.162804	T3
235.2917652	301.2813373	243.8857317	208.5345934	0.329408093	418.322523	1463.416068	T2
34.09791516	25.87435583	20.37506724	8.70270323	0.364126869	102.0792984	760.76417	Normal
604.7100582	35.92797747	28.44738324	142.8144414	792.4889661	122.0031064	656.1934001	D1
70.02593426	74.63395247	60.72966152	37.63476831	0.392270899	150.2559448	688.7307213	T1
70.46674681	65.84680403	64.2210731	39.99712865	0.282629456	161.7534328	784.5632277	T1
252.5058164	309.3364298	264.6969059	214.0284314	0.352700843	396.3173284	1409.154902	T2
617.5154718	159.1140959	139.4843891	396.8644468	1952.630818	245.8972891	1012.286725	D2
236.7512037	448.9642962	145.9167166	1196.856787	0.594382528	978.4716554	3230.331424	T3
55.18257066	41.18544492	35.92898486	17.06829051	0.4724531	122.782719	729.3870577	Normal
688.1146796	268.7349558	211.2775153	453.4114388	1833.533634	348.9149633	1191.737153	D2
744.9852982	82.36468411	63.90223718	191.1163022	968.1095528	149.1000001	863.5777459	D1
239.2986766	483.4818815	131.156516	1211.16637	0.869206543	997.1488254	3390.497528	T3
2401.359694	100.9906376	51.04771081	34.65860364	0.212665173	132.465699	807.1839731	PD
947.8275846	48.32346711	24.67326323	104.3719542	622.7130832	117.5760546	616.4829223	D1
45.80823755	43.23833374	35.82743984	15.81644534	0.3484694	113.26766	757.0275344	Normal
58.56077806	57.1593459	51.54193024	30.52930613	0.460033341	119.5941274	794.3954306	Normal
63.84586451	62.07001232	52.26271673	35.99140262	0.213728489	140.7520603	816.6221634	Normal
69.17288419	70.03965532	51.67979832	38.53130923	0.291076867	152.7146751	742.4128468	T1
71.57292137	73.72158168	61.56914419	42.77682721	0.275361651	144.2564919	787.1637643	T1
240.3328397	457.0946806	143.0000326	1230.130432	0.602385444	966.8941553	3490.886898	T3
68.41411027	61.16982696	48.03234009	32.26911205	0.413263773	131.7853166	725.867706	T1
1039.740372	36.59850701	21.20375369	8.461412615	0.358982416	121.10928	705.4925562	PD
630.8906643	67.19345972	45.64355199	202.1195107	1142.465379	123.6076334	796.7557458	D1
64.4191987	66.37918076	64.27166799	41.16281402	0.413857059	139.0835836	767.96278	T1
45.46652886	23.8656685	17.46852977	8.131717654	0.265193372	98.84955441	671.1241532	Normal
244.9479241	451.2149344	142.1344736	1197.699233	0.603076052	971.5656322	3366.554086	T3
84.98797581	93.41861134	77.47773052	57.44843826	0.348445836	167.22633	899.5574914	T1
562.976075	192.3577392	165.3821939	364.4421875	1682.027785	279.8299217	1062.717517	D2
30.80098744	19.33306498	16.26742377	5.196541476	0.21972358	108.5240194	670.0480924	Normal
222.10497	310.7215965	246.8809178	209.7319546	0.28176363	399.9878648	1520.447127	T2
87.62171424	83.86757242	76.57279241	51.38928688	0.264788237	159.1540848	769.9896323	T1
70.27238277	69.75336699	59.99460978	45.46266989	0.336979906	145.5498258	776.9910043	T1
228.5329869	461.596608	139.2217277	1138.57926	0.892185077	1051.101853	3374.275207	T3
228.2617673	307.9490599	264.3192987	208.6107578	0.230448288	401.1548194	1468.123738	T2
234.5432873	303.5370202	265.8232542	218.3842625	0.462232709	404.6040149	1378.555031	T2
555.8066008	309.7670032	271.3972005	400.8176273	1281.810194	410.004024	1491.734937	D2
74.21223879	87.22620124	64.56544821	45.79103049	0.33056247	150.3599138	749.1092099	T1
237.4910322	442.75653	127.6001697	1166.095527	0.708646673	982.6062953	3414.703229	T3
234.6342469	448.1826909	131.0318084	1238.708376	0.786547623	988.2577211	3411.258729	T3
502.9814449	259.1792223	197.4766924	366.0663657	1198.108942	336.6282429	1233.291152	D2
453.542271	227.7353764	204.0228972	323.1944579	1141.694303	306.1945345	1206.41503	D2
615.0059624	200.3642266	183.0807607	393.6545859	1750.105391	329.0123814	1084.608651	D2
243.5039594	451.7030207	144.0629162	1212.943576	0.692523246	1018.150675	3395.064057	T3
233.3246632	468.2277333	135.4624054	1168.860564	0.695934622	993.8167239	3358.556735	T3
757.3696039	64.19675985	43.87258207	98.36314043	529.256176	113.3809268	779.3101046	D1
633.8111204	209.5567331	165.7166637	416.0691383	1974.512911	296.186893	1107.803188	D2
246.0159711	299.3236477	257.1864775	211.9770927	0.27035394	383.2638041	1389.027067	T2
232.5317219	455.5350754	134.6635094	1155.709913	0.759282762	1037.188906	3292.857681	T3
71.3114146	74.40910815	61.45240531	42.57459138	0.39605107	161.032558	740.6424102	T1
222.8483925	457.2180172	142.5503691	1222.792795	0.615695219	1038.014237	3416.360895	T3
231.2457118	470.5081909	140.0218211	1192.941954	0.741915438	943.5747505	3219.108429	T3
732.4369596	63.89837293	42.18420551	31.99110699	0.406961776	123.6105055	771.817688	PD
53.151568	53.78645747	37.08224602	25.56336316	0.473325584	116.1321713	671.029946	Normal
1794.924719	52.2182424	21.90528894	6.256375148	0.473519621	92.37395344	703.1848204	PD
305.377893	67.49331071	52.79930136	128.8125465	615.6900803	128.0449391	806.4614486	D1
426.7405765	232.5573032	195.667142	301.6775813	1044.906127	309.8586594	1183.855627	D2
1035.63477	93.47748659	67.27594081	234.4561551	1163.636911	174.7704166	832.7244619	D1
553.0755634	218.1107926	195.1194812	387.4846148	1562.589862	301.7719209	1157.11867	D2
242.5778096	442.5978915	137.3309237	1232.40384	0.625605196	992.2981935	3275.11078	T3
236.4543463	312.5798201	248.5458672	209.4200233	0.326850676	388.7698368	1356.42727	T2
1703.77484	59.61923953	21.30222915	13.91231388	0.340711724	97.06657732	727.5435156	PD
34.91152283	21.73095367	23.49984843	6.658422522	0.493345219	93.19087891	612.3936742	Normal
446.0503302	255.1152334	207.7457274	300.4226421	1058.38063	346.483629	1300.561402	D2
907.1094381	51.97311097	37.52753143	117.8137607	645.4016156	120.9713841	652.1212976	D1
2097.287143	59.54902198	20.98278636	13.14194062	0.355683234	92.39469826	695.9882332	PD
51.90603438	46.32031807	42.0136028	24.68758603	0.428824005	123.8596418	727.1310699	T1
61.89317077	73.9464749	65.20818087	39.68890807	0.326055199	134.4595552	806.0268593	T1
449.2839156	63.67686698	52.28870386	35.59882683	0.460540644	152.8151069	832.7109219	PD
1940.083271	74.62859039	31.36431383	24.50053886	0.514388914	102.5462495	710.1901919	PD
233.194167	318.9784767	252.2198873	224.4248799	0.207551215	399.1108567	1423.671648	T2
234.8799075	453.9796803	141.0906374	1193.274869	0.736067729	1001.268262	3567.89299	T3
456.8593528	46.82446465	37.08454345	135.4636594	694.8833499	128.2201987	705.9925519	D1
235.9289212	441.7795601	143.6949794	1246.334946	0.90423979	1070.137508	3428.669331	T3
416.1503443	61.53718633	48.79752534	156.3153019	796.9613841	121.1796808	810.7104953	D1
59.82118049	54.05631547	42.44440894	25.58930802	0.336154306	141.7240413	715.4087869	Normal
240.3137895	451.6101226	132.9055631	1228.543458	0.863164947	981.7410993	3329.797044	T3
751.2133937	65.34321215	48.02734546	26.59059529	0.30646304	120.4724542	775.5750238	PD
48.69510929	41.31111476	28.93467456	17.31562432	0.237168412	112.7625924	709.083714	Normal
52.13864039	44.79584681	35.32777544	22.7792044	0.203007733	132.9210054	700.6254227	Normal
563.6191318	239.3229568	197.1827969	389.805474	1419.055304	353.5162841	1290.187278	D2
379.7056564	55.87842902	43.59289931	146.7091437	845.0375995	118.8275771	699.5240893	D1
242.9669567	314.3944291	263.496791	209.6262908	0.277660496	395.9692666	1474.118645	T2
229.4089035	455.1792308	143.2623755	1162.65356	0.667725805	955.888938	3346.777605	T3
600.4067534	38.60039892	28.16648672	12.73576701	0.283313295	112.9272197	658.0433288	PD
238.7411411	464.7682772	136.5387633	1153.823343	0.7147437	992.9456672	3252.048019	T3
63.75954293	59.81647124	47.30519282	29.60965318	0.436583797	116.8671399	717.6286666	T1
235.3190334	302.6682138	259.7812964	205.2098022	0.373880806	400.5164619	1414.884704	T2
49.25413086	25.00254962	21.51587872	10.11432376	0.414117389	106.2774466	685.8726885	Normal
82.61438419	80.74697262	69.06428753	50.64970222	0.281286412	141.7942732	814.2630888	T1
1008.719078	68.39522859	48.30405899	190.6453754	1078.652831	131.3993139	656.5316166	D1
415.683751	241.7817196	203.5372946	290.3571967	930.8434812	322.5909847	1191.360163	D2
504.1017003	192.5197242	154.0526862	333.377734	1443.359701	286.7264718	1096.460697	D2
245.7439095	310.3337953	260.1659511	210.2872467	0.443551433	383.2140348	1410.262944	T2
1931.520811	75.37210039	32.52192665	17.79009343	0.349823995	138.1331637	684.9294785	PD
74.36091571	64.12465332	50.15489686	34.77005176	0.265729878	125.3742505	749.3339638	T1
231.1902538	298.0216801	272.5508373	210.5528509	0.465880246	397.729062	1467.43528	T2
75.93121104	62.96916068	53.85225974	35.72819871	0.22080045	144.750538	804.771915	T1
234.6955747	302.657483	255.3757489	210.0214429	0.20404779	398.0711438	1445.399718	T2
226.3354502	319.1247581	275.0277668	205.0070009	0.258244316	392.3687088	1476.922076	T2
687.4545444	34.85597999	19.9337095	117.5094971	770.3740904	89.03127115	706.9970354	D1
61.43931228	57.65682035	49.63275536	27.45679503	0.292233202	137.6416893	807.3353855	T1
227.7456424	438.295688	140.1130358	1211.571075	0.734859891	952.1708076	3381.516371	T3
241.8313162	305.9099386	263.0498277	209.3474115	0.202241297	365.9055195	1468.686408	T2
1953.563623	72.3241147	32.78312201	22.18025823	0.196625536	118.0093725	661.5208391	PD
577.2661377	219.6921298	165.3294202	379.6509613	1646.826646	307.7387088	1116.720471	D2
464.8000345	128.075364	107.649076	301.1077581	1448.899888	231.419108	888.5879105	D2
334.5284916	51.08608053	46.64490173	151.3792787	834.6334336	125.2531394	724.0591457	D1
74.47411878	68.24164659	53.6986136	35.78477058	0.434250334	137.9098238	778.6529924	Normal
456.2299738	279.4171298	236.5314781	346.9112373	978.964396	349.5671157	1181.3228	D2
657.1546426	309.1813456	251.1956448	433.0949945	1736.253019	412.9775815	1330.052088	D2
1615.141056	86.00712463	46.78595089	27.7774721	0.427395157	135.1420851	794.133271	PD
2247.061314	88.31222028	44.44442148	27.51387703	0.516260473	135.7490742	766.7472478	PD
50.27490098	39.91970286	27.80262718	14.55530695	0.274295821	105.4205148	690.9309556	Normal
248.1468047	463.9531302	140.4014054	1217.771536	0.795950374	1006.040496	3353.949909	T3
229.1265447	456.2916399	138.713349	1217.049488	0.601358468	995.0511165	3410.116232	T3
68.1735954	71.1089454	55.31236029	39.23521774	0.473408103	160.4731818	847.0258589	T1
234.7901158	450.5061109	138.6122481	1213.27825	0.738400331	1000.972132	3353.03479	T3
54.71736529	64.15662808	46.09764223	30.72164442	0.244768822	125.3234049	695.1153051	Normal
646.4132915	271.9552194	222.183805	467.2898517	1874.696642	371.6650708	1237.803523	D2
514.4813258	183.4667165	149.5242043	342.7915136	1551.778751	255.4507811	1078.011548	D2
65.80777392	65.40845837	49.40788664	35.6057218	0.325524841	135.5775515	807.6581944	T1
237.5929017	455.8669337	144.0054576	1219.647765	0.821304611	964.9660338	3242.785853	T3
78.38119149	84.79003738	61.68622174	47.19294203	0.482087041	163.8563322	807.7557309	T1
31.56701218	23.80955277	18.54707955	7.690394127	0.320705151	97.70506502	600.9692971	Normal
235.8575861	463.0613428	143.2150561	1183.650497	0.642711922	974.9498137	3275.719812	T3
1734.148097	107.0778119	68.70234146	43.19870328	0.236767019	138.360526	757.0510339	PD
59.91922274	53.26899351	46.68091644	25.99616896	0.22248501	132.055747	703.3620456	T1
1848.853153	67.53230086	24.33881877	17.43226394	0.32522303	101.2926611	771.3195956	PD
587.1572828	188.5281867	151.8151432	391.125687	1805.222996	274.6301392	1042.87776	D2
252.1736334	440.8288511	136.1109915	1187.345671	0.614442064	960.9024114	3468.121484	T3
1445.048805	51.87391015	27.86710251	10.15029828	0.390792442	93.36390524	721.1712101	PD
232.1006454	321.5786764	261.9476339	208.0119285	0.446338808	412.7821535	1376.38732	T2
630.4004283	296.8294172	251.4776271	443.1728361	1520.29754	420.8365761	1364.897987	D2
2341.148115	83.99975669	45.14936644	28.44168897	0.217642677	126.3822821	695.4654225	PD
1845.190068	82.28169233	48.22027688	32.85056898	0.470233329	134.7275603	737.9153071	PD
55.47034537	43.374645	33.65260406	18.12178758	0.509647766	133.3883676	704.1738174	Normal
228.569511	312.5381534	249.3598258	213.9982622	0.388079281	408.8777747	1468.431631	T2
457.9007739	214.3889033	171.7753217	323.73832	1321.977783	285.7850389	1050.901748	D2
235.0186612	446.9569575	149.6903474	1231.263614	0.685598841	983.9601885	3380.438481	T3
218.7697356	462.8674553	136.8487024	1159.187801	0.859306287	1012.568306	3334.244248	T3
232.1273548	310.0550134	267.895545	206.4804615	0.447654332	400.1984999	1427.810283	T2
59.30547941	57.77446296	47.25568208	28.32221274	0.493141379	151.5911032	719.4155461	T1
251.2680861	312.9763816	269.7593285	206.6846978	0.39890104	411.2605736	1442.402103	T2
642.5448668	213.0157081	178.7676656	407.2306967	1843.826082	276.7612499	1143.605812	D2
1021.482278	85.86831664	60.80562937	185.4479641	935.8725274	145.8539759	838.318434	D1
233.6395106	297.4840019	273.3900778	210.7873551	0.352114103	389.4970816	1525.220149	T2
40.00975655	24.70327001	26.48755058	10.37309838	0.313383554	88.21779861	607.0604667	Normal
218.7073392	445.3006031	145.4512646	1262.897579	0.700369465	1018.226318	3385.087862	T3
239.1040036	463.6039633	146.2096058	1229.777007	0.639398158	978.7425991	3449.287579	T3
666.0673873	77.90437623	58.34846286	203.5502992	1169.965247	150.3905623	738.884723	D1
59.96990801	71.93794691	56.77240842	34.45253225	0.314542347	126.0221589	742.180239	Normal
554.3687804	49.96795329	33.85710965	97.51348888	498.9167711	103.9441983	690.3355803	D1
235.3996389	302.9160014	266.3570319	203.7241548	0.272873735	403.768758	1419.742583	T2
523.2944596	223.8323732	197.9095443	364.6946044	1315.047944	316.4544208	1180.538557	D2
33.52711879	26.70825444	20.41241695	11.68813459	0.348856405	87.08917233	725.4552516	Normal
236.5885891	321.5014137	260.0908785	203.039383	0.340396678	398.5830423	1427.619985	T2
230.4395219	450.0804215	137.7507665	1232.932025	0.665042991	996.2259116	3423.984152	T3
538.1785208	45.03088178	42.90368691	180.8869059	1012.807708	142.6123738	665.3805735	D1
900.4979148	50.86421417	30.87763323	102.0726776	537.4540886	128.3569681	688.0246625	D1
632.3099947	221.0718918	192.7041212	459.2199582	1971.282169	305.9616635	1187.193789	D2
63.90420221	61.6590216	52.33328169	32.9420122	0.314273517	135.4845893	774.1831999	T1
271.1078863	55.62385917	48.08415098	29.83958929	0.35426792	142.5863935	718.238047	PD
1171.576103	47.32328513	18.92003789	8.785621502	0.460433352	101.5539483	611.1596556	PD
1861.536465	77.60016444	38.04541345	25.11690592	0.281713926	146.5160691	722.1587965	PD
236.7516475	321.5886224	254.3419997	213.853348	0.336588115	423.8856338	1515.096366	T2
237.1955331	312.9817075	260.457654	210.9823939	0.228658145	386.3244186	1454.130983	T2
521.0650454	213.8520612	180.2975866	365.0510346	1608.53517	287.2968397	1116.067078	D2
33.08911903	25.99061861	17.94264761	9.808813721	0.390244021	112.6066383	621.8847032	Normal
241.7249095	456.340134	143.5439058	1212.397696	0.908617801	981.0252556	3358.390139	T3
2195.17712	111.5863337	59.22938612	42.52466132	0.428698535	157.9581451	808.8611898	PD
244.5800162	448.7133101	144.8162963	1231.462934	0.851604657	1040.210163	3394.560596	T3
476.2920849	77.68208347	65.36779677	214.231586	1137.945298	152.7722988	885.1957056	D1
228.5535165	477.4240706	138.8189236	1237.079686	0.802466665	988.2810922	3284.51035	T3
225.1820199	457.6823538	143.2959161	1177.656773	0.64244453	984.7810254	3384.28759	T3
98.83406428	92.0946847	82.86665096	53.45734117	0.464445711	167.9415566	851.445366	T1
237.701292	316.820764	243.4780437	209.9981668	0.510572926	401.6602791	1513.203365	T2
71.20817517	83.27255483	66.25768367	44.42575221	0.40777574	152.7854491	865.7126983	T1
247.0736226	460.1271702	143.2257321	1167.173732	0.723330037	957.729144	3209.335987	T3
1313.586085	73.28546358	40.7785651	31.79128246	0.468784668	123.6035796	759.4805006	PD
62.47607834	54.48740725	50.78933111	28.85075328	0.25234812	124.4132429	726.0883917	T1
221.3896698	448.7708741	143.0001616	1177.60963	0.632811434	975.5327972	3494.742356	T3
316.2160589	42.33107188	28.84584213	15.22470571	0.369277308	103.9542816	654.3929037	PD
223.0613329	451.6531872	145.15523	1242.410031	0.906090152	1017.636888	3510.868659	T3
233.1484278	309.9221681	256.0656169	204.3065076	0.491797582	404.9277393	1437.593269	T2
232.6191749	437.1629377	143.0294797	1210.389579	0.696596008	1020.38311	3428.733007	T3
66.77072438	68.55897472	60.60246307	40.82701436	0.383973179	132.1417504	738.6430105	Normal
1289.12827	50.95823633	22.80660084	12.15316115	0.427639032	129.8662931	758.0615645	PD
658.5213201	32.28543405	23.28365425	176.7750192	1103.547883	122.9735405	593.8634306	D1
623.5688603	157.6023191	134.7639062	392.8770552	2003.784969	228.0959337	1076.468618	D2
67.33453001	60.63717011	48.98802939	29.16240166	0.387379513	145.1279863	770.3690303	T1
452.4041813	267.9067152	231.4068888	341.4047356	1086.079879	359.7001789	1335.837037	D2
1510.317074	71.6865846	43.70544447	25.99901677	0.381347332	127.3684881	755.4247358	PD
59.34761139	65.67409728	52.14278615	35.79496471	0.250300504	145.4576793	743.3840454	T1
232.1385586	309.8154996	256.4831418	211.8690221	0.238781761	423.0055268	1416.920467	T2
225.5263855	311.2079517	263.8472144	201.3372988	0.290008694	389.5443062	1432.626561	T2
40.47725182	18.50498824	20.40245471	5.878858907	0.273244007	89.27194593	649.1355009	Normal
68.33279541	72.9552811	59.69925142	44.06213723	0.239679422	167.9499861	735.4496486	T1
226.5901978	321.2942695	259.2949066	200.2924542	0.225467013	389.031178	1323.874405	T2
2286.874737	86.77231699	38.24461193	26.62291623	0.215713015	138.6810387	733.9313491	PD
240.3993093	308.8551507	261.1797239	208.5776344	0.28350857	396.6958542	1444.159861	T2
644.345489	270.8317139	230.7111066	446.0011785	1886.96318	359.7411845	1276.043484	D2
431.9859524	70.78075142	60.32106934	192.3958992	1033.612235	163.9472654	795.4564886	D1
368.9876511	199.761789	163.8192956	250.4743184	838.714928	270.9635803	1102.576144	D2
29.76800687	22.47283057	19.37943628	9.739339032	0.230433345	103.2341898	617.4812459	Normal
38.22625173	22.23830417	21.84481124	9.351714204	0.254501098	84.0774824	639.6556692	Normal
65.31718296	45.9468502	43.72238549	24.66465101	0.391964133	118.1822049	642.1464677	Normal
236.9105241	421.6337839	139.3058925	1225.182589	0.687775465	1001.652038	3291.675801	T3
1163.284919	70.62011052	48.27478831	28.94122815	0.312526433	133.9238577	711.8379154	PD
217.3502629	36.47492398	30.67514638	15.21358709	0.263614248	128.6438497	703.7540955	PD
646.2273531	36.38464134	16.94681782	6.678773102	0.392267917	109.604658	601.5486119	PD
872.1471377	97.04036811	66.62603993	129.4124274	535.1601619	172.1926726	831.706495	D1
420.7839407	257.2998777	202.414436	308.2122869	916.1292854	319.799896	1174.837759	D2
806.868619	69.16542305	46.28999351	30.32977557	0.247710329	122.689462	745.8328738	PD
241.5881214	443.4496373	131.9761427	1251.278899	0.635148957	990.7085475	3469.609609	T3
246.1405316	454.7769906	138.2143848	1265.699113	0.876740235	1005.12963	3485.296302	T3
643.9709455	244.2838122	204.6286496	449.8850489	2042.141237	325.4149781	1242.603555	D2
37.96779637	26.05857751	16.28885914	7.69533165	0.35908086	122.8762025	599.317333	Normal
61.28148395	65.24820571	48.52340916	37.78237457	0.342020872	156.8127228	722.8439582	Normal
228.9324528	459.641524	140.9332748	1228.705796	0.696486359	1027.667127	3445.899051	T3
223.0683308	302.3970332	259.245237	209.8013606	0.37684154	410.0640736	1449.438628	T2
57.62950501	40.00997709	41.30156521	23.69344609	0.32613409	114.6394245	715.2848779	Normal
293.165548	54.5843388	43.24923954	28.81123407	0.379974809	133.249381	722.7419572	PD
232.5781109	304.4089963	271.1946027	208.8479383	0.50791474	373.6390714	1425.23184	T2
71.48786339	68.91380918	63.7291061	43.19236715	0.283316267	145.0298898	862.6596956	T1
39.35269733	29.56213919	25.74844125	14.78840623	0.294555356	126.4124436	670.975206	Normal
79.53778746	73.67311282	58.47694769	41.14182777	0.249256233	157.7608529	817.8179382	T1
234.9357611	451.9025914	147.3126694	1229.519776	0.671409105	1014.0031	3354.100738	T3
657.8307152	247.8268096	213.3120768	468.2760356	1903.300146	297.9886554	1247.727636	D2
233.8042901	306.8839558	255.1798771	204.4636495	0.336428127	401.3899832	1453.703797	T2
233.0094062	446.8053849	140.4235824	1208.528625	0.882614911	1052.302649	3407.24078	T3
2165.925428	105.4841946	61.37024993	44.83285404	0.490901302	171.1236302	839.1094781	PD
2216.120253	70.92960541	38.63960865	17.20589902	0.48704854	102.8108492	681.8936799	PD
660.6065779	324.0479044	241.145711	524.5225348	1711.048032	439.204776	1649.511129	D2
432.2469267	66.69920497	52.93045336	36.03358477	0.448270367	128.195868	698.4332038	PD
370.8916977	103.3521639	80.90127756	161.8523185	682.4021981	176.7155839	843.4163966	D1
2142.583131	94.90951187	43.3721616	28.29486895	0.449894634	117.2815904	732.5390385	PD
230.853426	462.6907706	143.7620712	1226.869676	0.596921232	1005.607401	3381.332597	T3
76.11842679	85.93210379	69.67629575	49.11408151	0.460045609	156.8773513	787.7689603	T1
237.1181753	300.124277	258.4876863	206.8579669	0.278794697	386.1492683	1473.194121	T2
242.9071112	460.3664176	141.8286019	1169.688364	0.93819912	1046.335421	3489.166856	T3
71.26858615	60.20318989	47.82516129	27.60103056	0.2187315	126.2032479	742.0192161	Normal
857.8225539	35.06276486	20.13081815	115.6221456	772.6007393	91.63144069	686.7668473	D1
1132.709951	43.2781035	18.61725884	7.620326443	0.268216724	111.6463501	627.5745001	PD
79.70151843	71.58626934	55.65169986	37.84853373	0.222824669	133.5928008	676.2693624	Normal
57.58645009	35.8417492	32.06340296	16.35686615	0.454316855	131.9378815	661.7299702	Normal
42.21096607	23.06057275	21.20448487	8.84582242	0.411735535	112.1046513	684.0379896	Normal
235.0404332	450.1593681	140.0083843	1211.946861	0.788903589	1008.352023	3265.288221	T3
52.01973647	56.12250321	49.48773979	32.17715864	0.452661751	130.2317463	653.2080223	T1
1029.578942	37.44606631	19.42264352	8.688134423	0.329451027	103.7402025	579.8275588	PD
408.2097141	25.72802072	17.69911675	8.266419616	0.294930986	79.301171	693.888925	PD
452.3683679	230.0549113	192.3272292	341.3938427	1141.485603	332.5165811	1277.217674	D2
64.75035517	61.86903758	48.61378766	34.35328539	0.238758084	139.368237	687.5627683	T1
40.04056105	23.51189177	15.32700761	8.365201238	0.346248955	90.32527614	576.9319689	Normal
248.6792374	313.3258871	259.3114542	210.3207391	0.332917769	409.6360801	1405.955905	T2
49.55649837	35.26361447	25.58243434	11.93724435	0.493710507	98.27854474	628.7319927	Normal
55.27984229	65.07586646	51.76593244	32.09492758	0.499646758	144.6660096	799.4553692	T1
401.5265204	57.75988543	50.51282524	185.8160498	1012.757356	151.2374817	691.4533123	D1
55.90250539	52.07712536	44.3556835	25.57641413	0.256931488	152.4256236	698.1025308	Normal
661.9032974	267.4303771	229.3304755	460.9655274	1829.262986	353.6090606	1324.489094	D2
233.397189	311.5473622	247.6844441	206.1029615	0.345957693	409.3062476	1447.862169	T2
1196.670051	56.72616311	25.48611903	13.71712621	0.260979432	134.4869406	646.6272871	PD
458.1433081	243.2283788	205.0129624	318.9707237	968.5680201	345.0403468	1202.468592	D2
226.7409403	444.9001705	130.6581511	1252.006022	0.849678211	1003.615603	3361.096093	T3
239.8109578	453.3831034	145.8154203	1226.581542	0.906755134	967.9560601	3388.507968	T3
1050.715566	113.3013938	81.53782743	182.7612912	860.24812	168.9025434	887.1762758	D1
39.91557917	25.38276189	17.80409391	8.127880432	0.495698039	120.8034994	610.0648043	Normal
66.59373268	66.05425706	59.52711664	39.76962654	0.200756481	151.3400712	718.3880118	T1
587.6866175	273.1751062	226.79322	405.178458	1598.55585	358.6942653	1334.49665	D2
42.28707777	22.53389081	22.4666956	9.43453543	0.489920431	84.10117515	647.5854801	Normal
235.9989223	307.4257824	255.1626998	206.3657634	0.387475901	398.3259619	1387.283249	T2
77.36285301	85.3599176	75.0483928	49.20066369	0.481709374	151.3548866	853.5714894	T1
70.71269706	88.04198838	68.1484819	50.12743569	0.477822044	155.3204716	871.7020345	T1
2220.760047	82.06281736	38.99779638	24.30808834	0.225372124	118.7520373	657.1987041	PD
229.8162628	456.2219737	132.0989467	1229.701032	0.688545409	1005.844473	3313.394164	T3
52.74440587	43.70507715	39.6740689	24.1055844	0.403271238	116.1203415	705.5023037	T1
234.3915525	305.7244702	269.4645117	208.7862274	0.265636461	420.99312	1494.614812	T2
844.9741175	44.1697502	31.34960654	13.75780091	0.202776859	106.4422433	703.4164438	PD
236.3978941	316.4825557	260.6326104	200.717782	0.297509461	405.5351474	1559.726134	T2
60.02342316	59.64155482	58.92202211	35.20913499	0.428239754	143.1959589	821.6161078	T1
564.4220954	181.5136472	153.299292	375.7801162	1735.243825	275.4827537	1161.194659	D2
251.1134286	455.357438	137.5865073	1201.770801	0.633747719	1016.289806	3331.903954	T3
1061.868188	90.91198288	63.46562617	211.5506229	1101.902708	131.1170873	864.7591292	D1
43.31959903	27.06497692	21.96103539	7.928781474	0.289468118	92.28099669	622.3629334	Normal
233.4032462	449.5626604	136.3801769	1243.18307	0.693720033	966.2645363	3188.568175	T3
254.4330119	308.399991	260.4880117	206.9448096	0.394616055	376.5710727	1396.172074	T2
56.49516921	56.27714836	42.92573773	32.46429753	0.310228657	130.8000214	724.4724496	T1
567.699858	277.6783886	221.6117549	404.0064625	1583.978706	392.5222696	1259.184711	D2
238.170728	315.0830065	273.9557198	213.4847493	0.40646912	419.9846574	1499.34177	T2
482.7181702	276.244302	235.4931371	340.6221991	1114.679061	341.0869731	1451.676809	D2
485.3002083	320.5963939	244.5864704	386.1470059	948.3406248	449.6792259	1422.236459	D2
44.59260497	45.14088983	36.66908833	22.9665249	0.279527659	137.5779871	744.6182609	Normal
249.8482462	449.0693652	134.1205913	1240.687827	0.671331122	979.0330002	3638.788141	T3
54.99238774	52.11326424	41.22617675	32.37183145	0.402175679	140.2820166	704.0492494	T1
246.1604772	441.6809958	137.5619295	1204.535265	0.641692366	1023.961954	3151.665031	T3
42.92358434	29.24358702	14.59576195	7.275500253	0.391024385	116.8818886	680.494769	Normal
1189.433835	67.16414625	37.07700082	22.36765753	0.308575987	129.7345938	746.5378742	PD
237.4115188	314.6833404	265.0174331	207.4989989	0.428166623	373.0706459	1442.960237	T2
228.1776972	306.7361965	258.8323869	205.2824395	0.200031928	425.3063209	1374.350908	T2
224.3157481	315.1264054	249.9089363	205.0964522	0.316597986	401.4167429	1426.210735	T2
951.251426	81.54675925	49.4790292	204.2189099	1057.136685	156.2423948	760.1106677	D1
82.65912747	101.660052	82.68125634	60.28949146	0.398783449	187.7494385	904.0438422	T1
1779.23971	49.78118026	20.88723914	9.867158414	0.35974516	117.4762634	693.4581836	PD
231.5647413	450.1570942	141.5619422	1193.53653	0.723872424	999.4504772	3269.830435	T3
226.8055281	301.4721642	263.0286261	208.5518551	0.331437553	373.313103	1373.134836	T2
1986.214124	83.98191075	37.87967788	24.4795931	0.272753203	119.7830647	701.3559433	PD
33.98424604	24.51331114	16.77702399	9.932365555	0.292279569	96.70115829	710.3760857	Normal
679.6649755	68.502665	52.06111356	163.701812	767.2452113	147.4424937	761.3533902	D1
241.2886082	459.1115655	142.5849721	1163.676058	0.639887255	1011.062741	3172.160455	T3
73.33283941	72.45675776	57.29224398	40.70342673	0.458709472	139.9808556	786.8001117	T1
64.5147458	80.14411755	55.37855183	40.65258372	0.318420773	158.2967697	756.7809033	Normal
356.1226845	73.54760121	53.51317478	172.665062	839.5792491	157.9041389	784.2971017	D1
761.7637515	56.02851335	37.38839762	119.273703	609.7842813	136.099974	636.9957717	D1
1030.129565	34.58074363	21.28540915	142.8379203	959.9528013	109.8764421	634.0293041	D1
233.7651885	423.0137351	133.9336789	1208.884757	0.73817776	1010.885221	3297.517027	T3
237.6859649	299.7549989	264.662939	195.9515976	0.196140886	412.3426342	1446.048082	T2
235.2819293	441.2933896	142.6104616	1165.162873	0.9090493	1012.917339	3429.093305	T3
251.2904807	305.473388	258.1688388	205.9276776	0.382945856	405.8105194	1506.740952	T2
58.52729364	52.94225513	37.29169717	24.1822726	0.505571588	126.2305933	698.8281705	Normal
218.8198273	471.6024952	142.1066932	1278.999813	0.64372185	997.4735999	3454.136251	T3
693.4322273	95.58267474	81.01390996	132.3838103	502.7296552	175.1806331	815.9594869	D1
228.4832535	326.9874471	264.0397538	205.8339444	0.465055841	396.9244541	1402.008888	T2
230.8342528	448.2225526	144.1477691	1182.305836	0.626470832	977.8366576	3528.741674	T3
81.05114913	100.2429213	81.89455707	57.38384902	0.411928245	181.6133296	853.1978461	T1
1699.451091	54.07541711	19.38844879	10.54210867	0.296724093	98.02424011	643.8476122	PD
604.0303396	247.9583815	208.5452252	427.0865327	1793.741343	336.6529628	1289.464445	D2
921.5897993	84.28294623	65.63257414	219.6374515	1211.799229	138.0551466	799.7254343	D1
63.46107648	44.21372292	42.04634715	20.64684654	0.255487755	113.570066	680.8819925	Normal
53.25976737	50.88252385	40.87532702	25.99908668	0.285950433	122.7342635	735.9026015	Normal
2136.90757	59.81986581	23.65678891	8.14679839	0.493815697	85.17318435	656.7686342	PD
1184.847855	45.58023465	23.98505801	11.2561075	0.354702175	101.2422864	723.6547663	PD
90.21940094	101.6968079	81.06720454	59.05977217	0.478658161	174.0636243	796.142037	T1
487.2673333	262.6258724	210.7103137	339.6869724	1118.998242	333.9844983	1246.060537	D2
385.5929962	68.83294757	60.78660334	39.28377343	0.234304456	159.2323986	851.0136013	PD
46.63956569	25.29449049	21.6679363	5.317366943	0.454860183	100.0502331	731.0477318	Normal
75.65374194	75.70732611	60.09237011	43.60282047	0.391755738	165.9713732	815.9579652	T1
73.84063432	64.50621552	47.81995796	33.49896752	0.264108083	142.2485873	703.3619976	T1
223.6159435	461.884146	139.5942474	1184.893407	0.70584558	1025.561834	3383.73879	T3
925.209525	34.59176977	14.71577097	5.180728017	0.388262198	92.73387742	657.3117463	PD
239.4262162	319.3067783	268.2371821	206.9027068	0.36559338	387.1542685	1421.337496	T2
229.1357972	431.9750611	141.5427998	1261.42705	0.748504418	1021.025593	3402.006983	T3
2249.476583	61.1794068	23.01915662	8.137916248	0.357003959	94.79462391	688.5978887	PD
250.4129581	434.2978517	147.2500782	1212.790329	0.810947461	985.0812848	3438.740301	T3
80.4289231	71.2699342	58.5270031	42.20230101	0.314789528	140.3509685	721.3449987	T1
241.1969734	313.7157703	271.8855679	211.4835986	0.43465889	380.2033159	1401.392287	T2
225.8246656	315.4350331	260.9442467	207.0621575	0.271060207	394.7668199	1345.054285	T2
520.1086906	179.1113204	160.8452209	340.9362439	1459.506214	267.765983	1138.523531	D2
91.84424071	91.7981772	73.64191012	52.72335228	0.26168999	156.2260192	893.9175295	T1
236.1579543	464.9471974	146.0926516	1248.845622	0.803955698	993.769787	3387.094677	T3
234.5111913	454.9531049	136.1717336	1202.273233	0.862350015	1054.206721	3347.291362	T3
1429.733128	79.19478087	43.49116134	26.54929009	0.316706285	147.4791859	756.3699959	PD
652.0336151	260.7883734	228.2773392	463.2751501	1812.964868	332.3726252	1305.768739	D2
223.9383579	313.0729843	250.1556491	205.0472794	0.211568075	379.5011289	1402.403942	T2
520.3198301	307.559113	260.4845634	397.3194398	1139.992946	395.3626826	1420.92061	D2
726.9645201	76.12652486	55.18724625	167.8294599	860.0533559	158.9853442	699.9759729	D1
1009.243405	47.14668688	27.80568303	150.9204661	926.5218847	125.0959029	639.6886835	D1
79.84834635	72.6637733	63.31349433	48.41802377	0.21412679	178.9391336	789.7328792	T1
46.5579916	35.31042714	27.4464126	18.27878857	0.334783046	108.6790793	625.347934	Normal
347.5768387	40.26395972	28.27568187	13.61468859	0.298844331	125.3515098	756.6646637	PD
1014.193953	52.62535779	31.90477073	192.5845867	1198.063033	115.1305429	660.326132	D1
63.18181578	41.40930766	41.66368905	21.43250083	0.379601599	139.6842704	691.5303551	Normal
240.372126	438.9602324	146.6160555	1235.701047	0.752881755	978.1796762	3361.228308	T3
233.1948641	309.5140673	256.3829013	200.8558134	0.241553658	410.8204757	1368.769811	T2
223.6580172	295.6880727	261.568933	204.1958456	0.466938521	402.0431089	1414.078397	T2
66.12140714	80.72232529	58.52444447	44.45097112	0.50185528	141.7667958	778.1719952	T1
238.2971391	438.8109724	143.2103307	1257.539109	0.91943716	1004.769317	3414.499091	T3
81.44599774	72.25540893	60.24438938	45.73251347	0.346510035	147.0547024	740.6349046	T1
240.8626221	443.5208905	140.3866619	1121.315053	0.664438829	998.7584609	3470.28422	T3
63.85252568	76.45127526	66.77932601	42.46265056	0.336947425	145.7895673	766.4342234	Normal
38.55772587	22.98293397	17.55267636	9.571126842	0.485109281	84.84364136	573.6664808	Normal
229.4944507	441.7555692	136.66574	1184.213139	0.883382031	1027.969849	3357.324972	T3
53.92375267	50.75021823	36.31807807	22.9955564	0.424340698	112.8275171	767.1542142	T1
231.5484789	307.6287065	260.5119613	213.4552814	0.413712888	395.8587878	1421.093958	T2
38.68998437	25.37854984	19.43204831	8.854614096	0.236142633	80.75049593	626.6967133	Normal
229.402986	312.4889909	268.1277689	203.8591599	0.268680953	403.2118	1473.135228	T2
251.6790362	300.9789203	256.2344021	210.2561826	0.328704098	383.6412065	1425.563645	T2
249.076779	471.091683	142.8097515	1203.576527	0.903085317	1056.224231	3307.242381	T3
618.3320344	240.2585693	209.7589952	416.6166841	1768.364069	350.2591727	1257.070119	D2
70.86988479	75.33380675	63.11394806	46.15022145	0.245399897	169.052128	805.5776488	T1
72.87337032	80.18442011	58.50681917	45.3773096	0.298294928	146.3468678	739.7059611	T1
316.0559682	51.64926985	40.61289276	110.6001163	576.2864367	142.3770424	796.3758533	D1
68.91832435	66.1886925	55.32442864	36.67667225	0.331723965	156.2269795	709.6111706	T1
79.93396507	71.1436923	60.73350093	40.37897286	0.444959231	164.1290935	826.6911281	T1
436.1838747	248.7555769	196.0638982	315.9050144	974.9651281	328.522545	1251.08781	D2
227.363865	452.2899448	146.356127	1238.805794	0.871104336	1024.300387	3349.817459	T3
1037.78099	59.66002443	41.92912915	155.7571352	884.3750538	107.3339196	775.4033904	D1
514.6555018	178.8410552	149.2498522	344.3137954	1522.797917	255.6826837	1100.461942	D2
243.3513757	310.6258045	252.9185373	205.8569859	0.446531924	409.3394705	1365.023446	T2
397.7811236	189.6857228	159.0160776	248.375638	854.477505	263.6163808	1096.95898	D2
1921.099025	93.84869597	52.60645849	35.68810701	0.452405508	131.4463546	776.4403961	PD
228.9675569	321.8063628	267.1501706	210.4648653	0.327266282	403.5649704	1315.941824	T2
612.9032048	68.61124841	46.2228798	102.8965332	479.28058	123.8471246	741.1972813	D1
2051.195036	72.94703819	33.26321216	24.36397987	0.243010953	140.634466	702.1264237	PD
57.5485452	48.56587039	45.93309512	29.90895976	0.245081701	143.8089165	716.7826692	T1
38.71010366	22.51431456	22.00985542	5.275708431	0.386687829	113.3883506	666.822016	Normal
43.02094213	28.97543196	24.5813787	14.36018787	0.238562147	97.74187882	612.8092823	Normal
70.50821053	56.15112276	51.20276857	27.97953696	0.236786237	126.4249289	722.0790395	T1
1909.277381	77.48484173	34.24784314	19.28779568	0.352659692	102.2747989	689.2337711	PD
52.44641122	46.03162518	43.11170525	26.16810953	0.483365437	109.5730428	763.7130378	Normal
1779.163738	50.90787631	21.91829612	8.630808402	0.236953218	124.6450654	711.3546885	PD
234.3955313	450.3289708	133.8411469	1229.975687	0.789492147	969.9032991	3361.838074	T3
95.21149614	95.72850674	78.50504153	51.90984977	0.201703145	171.6559229	868.2169687	T1
653.6122261	269.1868307	236.660896	481.0002182	1878.672465	351.437278	1314.45719	D2
1000.546596	45.56513775	20.58411605	184.4707137	1140.432578	125.5283451	753.2469446	D1
518.4548533	59.73606196	38.6344643	133.105904	725.8389458	111.5791959	759.8272139	D1
68.9941364	63.59831457	56.8570288	35.90672619	0.287207556	129.2101196	834.0915565	T1
248.4088399	320.0329626	258.4899519	213.5516767	0.466570886	405.4833424	1408.43004	T2
33.76668683	19.9014625	15.78211318	9.083882897	0.204209014	98.87591185	647.1767515	Normal
1676.897039	68.88051431	28.56752692	20.27279078	0.226086207	121.7507879	750.6310635	PD
63.87110605	59.00887251	46.12471894	33.26962597	0.267440444	144.7949238	715.3409896	T1
902.3407312	46.85033	28.78371676	14.75575625	0.331998372	101.09667	726.2752345	PD
86.3984453	75.18135602	60.48128705	45.11187486	0.408489874	177.4957636	856.2282751	T1
540.516841	46.30796656	36.96250502	165.4604698	939.9805047	102.5885494	661.572442	D1
427.8820394	257.0748869	210.1418799	332.8800835	963.0648898	345.8481874	1194.849119	D2
240.9454579	465.6143274	135.1099648	1188.70184	0.817182089	954.1324914	3333.64161	T3
41.34536366	24.26955722	22.47903757	8.226702749	0.267217501	117.1487757	736.7042556	Normal
622.5311675	207.0100603	175.3005402	402.2582679	1809.324325	304.3433993	1169.890469	D2
39.11078552	24.83055066	15.9534314	9.460585249	0.49638482	93.87395448	688.8772036	Normal
241.8263867	311.2604088	252.0485116	222.5638524	0.447693115	398.868027	1391.117112	T2
1033.759156	93.68589127	61.0701813	121.3145413	509.7801182	161.9552314	803.0985951	D1
2210.550367	83.88279646	47.3105807	28.72888557	0.309203304	144.0281039	755.2656041	PD
228.3130775	476.8558022	138.6264688	1221.596482	0.656634381	978.4315192	3334.964494	T3
53.65304085	37.19666013	32.25242382	17.61213091	0.340313113	113.6712839	640.8335831	Normal
461.9689387	75.60011121	56.86803722	33.19109957	0.486884906	125.4609239	783.6356394	PD
235.1091539	312.8966149	270.5690592	219.3693747	0.421191219	422.2338936	1391.444879	T2
980.6674641	96.519231	70.63304666	121.6509843	444.6010145	167.5055732	863.8261712	D1
67.88067858	52.89695485	47.77045346	28.23192227	0.29995351	121.8535229	785.0328408	Normal
70.12419297	79.93364683	61.36776384	39.31044087	0.281024582	167.0208435	845.5743728	T1
240.2290826	323.7640222	267.9687525	195.0336705	0.473670963	400.1388214	1424.470729	T2
1861.531716	62.31631342	24.45310148	16.50028102	0.354203363	93.13747075	615.6199255	PD
230.9008193	294.0423789	270.409186	218.1042443	0.222609101	378.0866541	1344.593596	T2
230.3892884	460.5877822	148.4115283	1198.117546	0.788362403	1024.542102	3513.782691	T3
247.3156837	321.9313427	273.8290658	213.394161	0.258364825	422.196621	1455.993468	T2
46.76903499	41.95475567	37.14508271	23.34696265	0.45672204	106.8294433	663.310825	Normal
33.54087696	22.56395187	17.00080169	6.084926376	0.29625588	104.5103582	657.873425	Normal
44.41840989	19.94156154	23.2382997	6.475457309	0.199146015	91.23635811	636.2446071	Normal
240.5431409	469.047619	145.3671273	1249.268394	0.775491076	982.5453439	3368.888956	T3
232.4551957	319.5311389	264.1030827	212.4943919	0.20297724	386.2554326	1329.630953	T2
62.00061743	63.25741335	55.89513931	34.25896913	0.263280778	133.014561	697.7179268	T1
1017.901485	67.55591012	39.55145638	27.50102266	0.327597002	124.8853162	794.8472945	PD
240.1401854	300.6718962	258.3696232	204.2568004	0.499354432	411.0614945	1428.943849	T2
230.4563411	465.9077399	141.6795626	1257.042732	0.715393755	972.9769019	3442.309121	T3
67.10827131	70.28189578	57.08064227	39.79541153	0.441462926	151.0945545	747.9152653	T1
1313.698934	45.49406841	19.92781606	8.772620685	0.230548989	87.23251797	622.6632989	PD
74.22185991	69.51622059	58.99623512	37.60373415	0.406821136	150.2349922	714.6075337	Normal
239.5786183	298.535729	259.837475	214.6205116	0.417376031	394.0093846	1337.912355	T2
420.2789927	238.2774141	200.3137058	305.3601934	1021.764574	331.2431393	1188.80561	D2
221.2742224	313.0253735	265.711442	211.1891441	0.296781769	398.3337025	1536.027474	T2
84.37258161	72.88877499	64.84572154	43.55504395	0.293650231	143.1352191	767.6807051	T1
72.7299868	68.59891629	55.27717581	37.8311467	0.463229338	149.7259389	818.1418393	T1
225.9447931	455.1561594	148.4480088	1208.456823	0.822970345	999.7595717	3259.891121	T3
505.362954	76.6500805	58.54535404	180.6170965	965.5065634	129.680577	846.079981	D1
738.2954537	52.59316403	40.71940102	178.9311469	1075.565062	117.3699807	723.4294152	D1
644.2146568	254.0506809	220.5509454	420.5997111	1748.431635	330.0901271	1212.055606	D2
608.3010565	69.50262555	53.56646178	100.0826157	427.5876263	160.3359518	693.7152962	D1
227.4080035	323.367458	258.7723471	196.4601936	0.485945707	392.5443439	1339.505565	T2
1379.043829	47.85168889	14.42096549	9.613995665	0.392585453	81.32180825	647.287912	PD
571.8032815	47.01280461	33.90124416	18.40248969	0.278234618	136.128928	717.3857795	PD
779.3872881	56.53515791	37.45958778	183.8081998	1027.288548	139.7333903	665.9318226	D1
245.5344101	424.4585059	134.0936546	1225.931103	0.898927393	1009.95641	3315.915951	T3
392.0845591	158.9884264	134.6097347	243.5786969	1027.660658	254.9824556	976.8205494	D2
513.3313308	271.9209775	209.5540715	375.4634645	1339.396285	316.3136972	1312.864203	D2
527.2195721	203.0136646	168.5259796	350.1113439	1493.49964	292.7409319	1198.877612	D2
75.73405133	71.63494197	58.4486387	41.01888089	0.457789964	131.7718907	772.5777279	T1
234.513062	307.7854746	272.2807963	210.3468838	0.24388456	396.6710383	1419.734475	T2
570.6954835	40.12259473	30.45480136	14.09725484	0.256638175	125.4797769	643.6120032	PD
83.08904009	81.53267308	60.27254056	45.72236344	0.242210404	163.7832239	846.3961743	T1
509.0925035	245.0934686	223.6403365	332.1844136	1288.079914	358.2609272	1388.009731	D2
515.9753355	28.90173972	17.70312975	4.982203635	0.279142824	114.8253985	647.8401786	PD
53.90279483	30.75930896	27.44156234	14.58565155	0.334363001	113.8244055	644.6217165	Normal
656.5430637	258.9972778	214.8957893	452.1837879	1857.447409	322.3602827	1305.746012	D2
68.33314168	73.04162419	55.57778432	38.95389582	0.339763853	150.275175	739.6254857	T1
66.82739648	57.45589384	46.70613469	31.93814005	0.422014955	152.1234565	740.9546086	T1
435.761673	227.1971169	182.1979193	304.2740477	1095.473123	295.780633	1165.290847	D2
994.439218	56.68638866	34.74995652	133.6221868	699.7602849	133.963062	778.7281071	D1
674.8092033	65.68139215	50.94444686	144.8992964	817.9838073	128.2207046	802.7492442	D1
334.5133365	150.8219146	113.3622923	220.5982492	858.9771932	210.0194506	1035.120877	D2
436.9569174	47.6682189	32.78304686	17.93200448	0.353568161	115.3935977	722.6349546	PD
76.25574226	67.81525055	59.23891948	42.01033495	0.357408734	156.4435408	767.7974936	T1
442.2552299	53.44591611	38.83500109	26.54847591	0.288348218	118.4744735	787.9261405	PD
526.351149	195.3295347	158.1930347	334.071981	1448.177125	291.5707361	1079.897237	D2
1011.838244	44.16759159	27.22673569	152.1935618	983.471906	113.7751376	653.9395299	D1
1727.797485	55.72124118	21.78323878	5.625670798	0.232018884	89.12325935	621.9740093	PD
48.78168146	27.8687165	28.86472802	13.47495357	0.425508007	103.034116	677.3950101	Normal
53.00049204	48.91801816	34.93361837	26.31340274	0.489357347	129.6992298	638.3852777	T1
586.9163257	203.8009245	170.2465448	391.8971935	1695.722499	289.2663478	1138.802322	D2
726.9291017	273.7639135	221.7440069	451.7694915	2026.292815	378.3887478	1315.639462	D2
230.0696118	443.6995735	133.7766792	1218.736288	0.84757554	993.3234574	3483.338923	T3
71.91347127	59.65042736	49.07983825	29.84295654	0.238780485	129.9733093	692.3735326	Normal
231.6819219	458.3964528	135.7761559	1237.272362	0.727158863	973.7441217	3268.012653	T3
235.4061033	319.9283852	265.3989847	213.0665932	0.460244609	399.0982387	1389.621391	T2
2008.714261	107.8291762	60.12324521	46.47011791	0.221398971	169.300662	734.3783084	PD
248.1747593	307.5604025	259.5894436	204.6366046	0.487909673	409.9043263	1544.670289	T2
565.1737775	99.12014323	81.39373768	177.6298963	836.5686994	162.5712217	837.0707973	D1
228.965352	302.1371181	254.6395896	204.3278059	0.209790368	391.8867573	1492.328	T2
460.0729547	36.45628016	19.33745309	150.445046	876.9858491	115.8794677	603.3173661	D1
558.9222607	276.3895366	230.0662241	403.8408999	1413.021408	363.3420954	1414.987373	D2
41.05425631	20.78328783	17.94168842	8.193288609	0.30792041	96.3135408	704.6041371	Normal
226.0494321	437.7024132	135.1008713	1198.463688	0.732720242	995.7278781	3321.938755	T3
1025.583094	47.23694253	27.55837298	172.8012668	1023.985547	121.70614	756.037523	D1
757.2495603	64.68049186	52.35456428	105.8286681	509.8282475	116.511924	791.6731576	D1
542.6019551	243.9110933	208.4287488	370.3148252	1371.089957	342.7112694	1317.743589	D2
221.2628899	318.8662702	253.8122491	197.1763187	0.426082935	400.0152392	1439.023305	T2
227.164183	454.708036	143.8435972	1215.42722	0.83522677	960.6254768	3469.815644	T3
241.4064773	467.1102709	146.8544267	1232.924312	0.801273	1002.902023	3491.458401	T3
31.97910235	23.373815	17.14686401	9.824710431	0.467417177	113.0323348	693.761003	Normal
100.0491404	102.466591	77.73483645	58.02642347	0.396694291	149.9474277	785.2677523	T1
59.32120879	53.30949058	40.67338689	24.03033941	0.292928413	118.3747568	699.9135657	Normal
1998.37676	58.2968185	22.01204278	6.401269541	0.370831741	78.99276537	723.9788343	PD
227.6282592	319.0055296	257.5639015	207.5124548	0.301119	387.4668635	1382.34507	T2
542.8507224	231.1563917	194.0210183	375.9188483	1459.70957	308.645548	1232.43743	D2
746.4744961	55.88016739	37.7610845	198.0564684	1188.692536	118.4205366	677.9010776	D1
88.12985078	88.08935511	76.67594693	57.44757476	0.209597065	190.3891574	764.872435	T1
221.5665123	441.3264456	134.9715599	1228.47078	0.766427954	975.7225814	3297.047163	T3
340.939655	25.67755532	16.92781965	7.473708099	0.287636471	85.9306113	661.4052201	PD
549.5079869	204.6028143	165.9340521	390.2909161	1584.854628	269.3403891	1140.390862	D2
69.76122351	57.84164515	48.14291663	28.72910674	0.203404783	157.3340107	722.8076601	T1
579.4484337	203.8495671	170.5487805	408.4935186	1747.92201	265.9582971	1248.304108	D2
557.7211351	253.7756997	210.3959047	390.982521	1532.411254	359.8246943	1385.762388	D2
362.5443434	71.10968794	61.1289084	127.7066844	593.6092254	134.8885224	727.1254927	D1
92.95559475	90.60835447	72.09204543	52.39629718	0.340540792	159.2503537	804.1152586	T1
43.66046658	45.42957424	36.01718734	21.24120502	0.424557743	107.1558571	771.0693384	Normal
879.4531404	41.17704918	26.68802237	115.7946284	649.9545101	94.66901703	703.8418138	D1
221.8511215	313.7808349	262.4426363	219.1951261	0.490589193	414.7658101	1450.455408	T2
64.61548811	63.91466041	56.29813536	35.59479256	0.467853539	156.5055354	842.9946384	T1
84.04382064	72.06973469	65.54944813	43.43061074	0.319498134	166.0487322	743.2501545	T1
244.7130467	316.1605884	253.496517	211.7788467	0.410079567	365.286405	1427.258702	T2
60.83879336	45.98512974	40.37429459	25.03383288	0.312897655	112.5386958	650.0178318	Normal
221.5769592	447.4461717	142.9237672	1198.985798	0.664699006	1038.387998	3459.501474	T3
57.416697	53.52820781	43.8781083	26.47919385	0.374253797	150.1564569	660.6597549	Normal
236.258565	476.5282361	144.4127059	1251.230453	0.905139703	970.2126152	3611.376204	T3
242.169779	313.8172158	256.7323071	220.3615089	0.212379661	424.4661822	1481.377388	T2
1053.718845	69.00581792	50.57672164	210.7225816	1175.032716	134.8447869	697.025779	D1
279.8769409	56.56363469	39.0598981	24.70929219	0.437468174	131.623075	798.3434567	PD
822.7598267	45.30370597	35.51855918	156.2107059	919.1926355	111.6759541	750.3166156	D1
77.80125108	88.3054581	68.37292931	49.40738271	0.286137471	172.0340615	880.5192051	T1
603.6687457	77.79002196	61.99781511	183.8832861	902.9057455	151.1592016	819.8118234	D1
639.0772819	290.7359252	235.6380371	442.5284427	1621.555531	398.1281692	1300.553222	D2
462.1566696	69.23544628	50.18261641	123.4795147	649.5987291	150.5290307	763.2192578	D1
242.1635972	465.8983413	153.5384605	1249.231146	0.622317633	1014.468614	3335.864485	T3
580.7228347	144.0140125	125.1412924	366.3457387	1810.722227	222.4683477	946.7278014	D2
1227.996368	71.35661707	41.54525508	29.45960504	0.215584376	135.6609283	651.8827561	PD
260.0986789	450.3443389	141.2216243	1191.907773	0.825278601	999.9665097	3368.743993	T3
1896.944398	89.92192091	50.68470805	32.36323498	0.413448162	114.6684714	779.1490084	PD
50.61587478	54.70829191	45.0129568	29.29343059	0.534760803	113.1551041	744.4414855	Normal
241.332927	460.6622607	137.9215572	1235.356531	0.656655304	1050.103761	3397.208431	T3
528.071502	239.7698288	204.4225871	358.055748	1304.745961	323.9891019	1245.848994	D2
236.7613452	297.1322565	261.9430716	201.4646798	0.232796606	393.8998008	1423.620249	T2
71.66441503	82.03491637	68.59884269	46.66597603	0.217541213	162.0608661	796.457286	T1
241.0312228	467.1012631	141.8990629	1196.980741	0.801542408	979.730702	3475.559756	T3
65.89250416	67.67736606	55.29014461	37.90901509	0.411421071	132.6350705	841.0911961	Normal
221.3931221	308.1138586	265.0002909	192.0317376	0.296915337	386.7234496	1476.917076	T2
1732.899309	49.28939934	23.34314886	7.308094951	0.498401471	86.89221117	712.2386367	PD
234.4168881	449.7890774	142.7863307	1163.417993	0.888403	992.409271	3302.128572	T3
49.82222431	27.38171922	22.06218043	9.377848864	0.231878231	106.7701311	663.25375	Normal
235.8181502	323.3414314	268.6992167	216.0546885	0.217565302	389.2823077	1395.562194	T2
79.04669928	85.56844278	71.28064473	49.39355936	0.390777795	197.9601665	806.0949627	T1
381.1378573	157.3676868	127.9916577	256.570344	1025.42207	241.3668508	941.0084656	D2
557.8576683	303.0691172	247.6526331	406.4282659	1247.94656	392.7478952	1467.054432	D2
243.7021114	456.8251135	142.1761811	1234.150464	0.858043416	1034.343564	3286.029333	T3
249.0431128	447.3246963	137.8830282	1186.235066	0.88133546	1003.947658	3265.021239	T3
1587.87297	83.90634728	49.81188396	32.82968116	0.252066072	126.625208	732.3465486	PD
434.3174155	175.8865505	142.0942836	286.2785029	1106.684531	242.8525969	1096.446092	D2
63.22097753	51.68503982	45.43388761	27.49557866	0.434024025	144.0138816	686.0877522	Normal
226.9669245	454.8961962	143.0997384	1155.178733	0.900619741	991.7651776	3339.572351	T3
74.47061223	79.73070308	64.50368323	44.34947178	0.267064898	153.1913254	863.086201	T1
70.32127493	58.42689137	52.62890344	31.47634362	0.214439294	150.7124538	762.3399175	Normal
68.85264663	70.11954692	54.64478143	38.33142955	0.235027042	127.5399106	774.2097186	Normal
448.0180526	215.7751039	178.1396969	293.6384335	1034.666557	301.9027573	1225.091125	D2
228.140803	308.6942893	249.2818731	190.9452387	0.306892835	401.6580872	1318.302258	T2
74.54656624	84.21812882	75.36848283	50.3615003	0.433453243	168.2333391	751.6339753	T1
281.7035254	77.08791585	70.90196952	113.5072038	511.3887165	166.4254916	799.3678355	D1
220.2493285	447.1055247	132.3435772	1202.006725	0.718944389	1038.600524	3358.066255	T3
452.8386171	25.06500267	16.86077926	85.56895333	512.7311032	90.04778426	651.1634238	D1
768.1643807	105.9542341	80.05953253	176.7646027	759.8384354	183.2350442	827.1190464	D1
74.17355031	78.01258675	66.65852333	43.84361782	0.346259956	155.3702641	822.8464923	T1
43.31355611	37.99559396	31.31457308	20.95645052	0.383087558	128.5578463	688.0945785	Normal
836.5608997	56.30758836	38.11047828	172.8464924	1031.72712	110.5765617	697.8746499	D1
49.64601083	34.86091557	32.81587155	14.27492098	0.372777759	113.0116695	689.3673397	Normal
236.1917372	451.2100931	138.0300653	1187.080786	0.649971492	991.3200404	3432.279602	T3
246.8031083	329.7714597	263.7567849	207.1750473	0.21541769	380.8029667	1377.22564	T2
243.4898354	466.7537942	132.2696914	1188.140316	0.675463876	1003.493893	3469.095992	T3
798.099316	47.18019791	33.99133443	173.360296	1035.480566	99.12082103	708.9866159	D1
479.3728507	57.46002265	43.11470661	96.46783558	479.6400859	140.6204603	659.2585129	D1
234.4759827	299.8600587	257.3310449	200.303922	0.283048655	413.0576205	1430.648289	T2
75.76686297	63.13310772	48.95561696	34.04532145	0.391851147	124.5299118	681.3798361	T1
305.6598345	29.93908955	17.66706421	90.29756231	547.0398073	98.33291929	560.4860872	D1
232.667423	302.8858534	272.5276857	202.9252421	0.219540746	430.2454235	1501.300653	T2
513.4865518	327.7795808	259.4781276	368.4806834	1143.402874	398.9443283	1563.69836	D2
2067.932916	59.16820767	18.46486457	10.50969569	0.290208305	124.2720989	698.4106041	PD
702.4834214	73.95820409	47.35325969	38.0225107	0.411217532	158.2484558	837.0222542	PD
246.1256297	315.6354522	256.1044914	205.7706902	0.258257402	388.0997477	1404.608921	T2
390.3759862	197.5143527	158.2156881	267.4683961	957.663293	262.7415919	1083.374725	D2
92.35018446	92.84099153	76.95045129	58.65891279	0.321389957	160.8111908	907.861113	T1
355.7943847	209.9033801	177.3257058	261.3718308	832.6690578	291.8853121	1139.328438	D2
250.6055465	452.5217295	132.6808426	1212.944757	0.820097447	1010.890694	3451.082053	T3
238.493919	461.3197422	138.3143872	1182.795135	0.759067267	997.6940938	3591.413095	T3
50.91399834	29.85725478	20.08528119	8.343419434	0.510200242	110.1871666	619.4619097	Normal
2356.006573	67.13911333	29.11987111	12.60771006	0.2586475	114.0795004	708.0059384	PD
229.5091835	476.6803566	134.3991962	1207.054949	0.668942743	977.8569093	3459.780388	T3
840.0320744	81.75969102	54.89720985	125.7429363	551.584648	167.2023102	729.2062509	D1
60.04855291	66.93838216	50.55438399	37.54806984	0.215820483	158.1756898	740.7592326	T1
418.4147928	227.1367999	187.1441213	284.3861705	964.6806016	296.0547068	1294.084401	D2
50.31432973	47.62067304	41.15776022	25.86332053	0.231801176	130.9914671	670.6778529	Normal
61.11611597	46.36135576	34.94698873	18.95094385	0.369831142	104.2528882	802.656641	Normal
466.893019	232.0166138	197.5318061	330.1469269	1181.711626	324.9356116	1210.668949	D2
626.855335	57.76303749	41.06533655	26.77759869	0.450315263	137.04783	709.8787479	PD
252.3616689	431.5551813	140.4400139	1199.98259	0.626172027	970.2933867	3498.455915	T3
218.4572321	307.4772609	264.3046719	210.3710801	0.364255474	419.2660311	1468.502928	T2
250.5464698	466.3271949	149.6763951	1207.007838	0.749264732	1034.108385	3403.388711	T3
75.81778355	63.92648814	51.97686949	34.4969221	0.413232607	147.6511558	767.3408506	T1
1889.365947	59.76262942	20.45962916	13.21915253	0.360958555	127.9221276	698.1730677	PD
230.9027456	472.8790372	145.6469967	1228.021188	0.655248864	1014.265943	3479.758574	T3
243.2555905	304.510365	263.4379022	204.4620974	0.228264838	393.6094611	1386.305436	T2
2078.7514	66.69230939	25.36243255	8.095594043	0.239428732	113.4896629	667.9088209	PD
238.4503172	462.1587278	136.1854945	1240.973723	0.731091513	999.0763848	3282.493102	T3
1170.459226	75.58656832	49.21314956	31.50531411	0.375498594	137.9515059	827.8110176	PD
330.4498161	46.04643596	32.65996865	124.4948242	732.0179031	103.9779779	757.6782235	D1
225.0273261	309.0020711	264.019393	209.6454473	0.230116713	399.3659801	1491.627972	T2
44.90950266	24.04528695	13.82670802	5.9880804	0.451073608	104.0683569	596.7895222	Normal
236.6602923	323.6504012	261.9430103	199.8026772	0.348788508	431.4442495	1438.235103	T2
1138.053648	83.04294612	46.23614115	32.91524502	0.46925753	152.823845	787.4277612	PD
55.79050236	48.44317011	39.12712779	26.67045978	0.345349748	131.8602004	691.7564483	Normal
244.9403293	308.9668866	264.4305637	199.5108738	0.245396375	393.8615359	1553.554931	T2
1879.008243	60.03450123	29.04843131	15.01727774	0.290294466	134.4375732	730.0497797	PD
74.7163077	87.17690201	72.38553822	47.47480013	0.261821286	169.9987471	762.603997	T1
67.27095757	79.77229853	64.47707826	44.17290706	0.255557251	137.5546606	874.5345479	T1
641.0269581	54.23635647	42.39029199	107.1312167	521.2368777	113.2840887	770.8714043	D1
96.226568	95.87335218	85.00956396	57.86198557	0.375297801	192.5543381	887.938483	T1
63.66650067	80.33334687	66.95823178	43.73921404	0.208981122	166.2028185	829.3910135	T1
548.0114427	71.22996646	51.53576215	126.0765991	642.1963775	146.1462607	718.5342324	D1
1270.170656	76.36931029	49.02854759	28.06347485	0.274974539	132.8125816	718.3202152	PD
65.1529703	64.97162503	55.31595338	35.35657353	0.463145896	161.574769	827.9585186	T1
245.8735932	439.7016567	140.6198982	1220.860086	0.824313698	967.0568887	3264.481475	T3
236.6711732	316.2922894	258.6692998	210.307527	0.471236868	428.7350985	1465.537524	T2
240.0763253	480.0637983	138.625331	1226.183647	0.648234674	1015.256103	3320.772748	T3
63.93329519	48.48493784	45.98852461	28.34337733	0.311962624	124.5100731	649.366096	T1
423.5035956	50.8928097	41.14079268	174.6639606	1011.165885	136.4526858	757.492263	D1
399.3458072	69.34261117	51.34969512	166.0708736	891.1005281	138.1952881	740.0988877	D1
53.46892317	58.04986926	51.23589654	29.56264479	0.348525037	138.9136929	734.4692611	T1
563.4180134	308.7632511	253.0291178	397.9761419	1394.03195	374.4290942	1506.046921	D2
644.0968698	36.4184865	21.17674331	133.927199	874.144194	113.4755377	712.3123552	D1
2193.778771	69.28679834	31.14773744	16.20989465	0.404581685	105.4844176	694.172912	PD
347.2190925	58.06371838	51.20383721	135.4265115	662.7162863	151.7670799	704.1279506	D1
229.0756243	439.5004297	149.611486	1197.26537	0.810642529	1004.806069	3342.986113	T3
577.3593107	242.32961	204.5899633	411.8152681	1687.320049	306.6386515	1213.507606	D2
423.8067807	227.8102743	207.9806925	302.6991623	955.7259263	305.5316681	1209.160031	D2
556.6736751	217.3820433	171.7623749	388.3727728	1651.533132	303.7068961	1141.88411	D2
240.4298848	431.1586327	138.3409975	1234.154766	0.704690043	957.716519	3285.221483	T3
52.82581816	29.84651346	32.35348644	18.39964355	0.23130143	110.940219	690.6046946	Normal
66.16147953	71.02823406	56.23271348	38.00089547	0.377801089	168.5033778	765.5269335	T1
1110.429223	40.01006124	20.95792349	9.174530817	0.228404424	106.0888982	688.501096	PD
228.923839	310.1930852	256.7796046	213.3824384	0.288096694	418.7369864	1344.50177	T2
245.5079627	461.994516	128.8514079	1248.634162	0.676491884	1001.936856	3578.670317	T3
1997.384686	68.43746291	25.89929391	13.73131634	0.476375339	117.394243	723.1959026	PD
37.1567546	28.03990059	14.47334872	6.169939546	0.279116794	90.54072595	590.3653088	Normal
1989.570642	60.44291625	22.31757629	12.18425381	0.428658446	110.8276123	705.6683791	PD
504.5538511	192.3917458	157.1665574	334.830526	1468.679535	289.783477	1081.188296	D2
240.0461376	466.9910718	139.0656818	1240.975672	0.692828399	964.6256358	3346.091388	T3
251.3024595	468.1502936	145.6062574	1156.009502	0.795978891	1009.556787	3272.241828	T3
43.14230973	20.42506011	22.07451017	8.509724315	0.348997594	94.00722549	613.4861742	Normal
875.5864847	31.12316653	19.15571145	132.6199982	796.4650868	90.31017472	691.9501257	D1
236.5713909	311.8083676	256.480059	208.140949	0.333346868	400.4806711	1439.841346	T2
229.7902376	467.0582701	144.1374053	1242.645923	0.652078579	979.1651339	3495.41528	T3
283.9108897	80.83018064	58.91737074	124.90944	507.5662507	159.5534688	809.5505454	D1
575.3690291	195.5791192	164.8464445	387.5215647	1811.183759	284.7331108	1175.515293	D2
97.40620134	96.05481704	74.81166264	57.6324866	0.271271312	153.2903465	758.2666153	T1
241.6765279	296.7810713	264.0452418	210.6873575	0.218566797	371.2912292	1332.429733	T2
81.86312307	89.90888237	76.85724415	55.51254341	0.292790681	169.2064769	899.9238062	T1
495.0611701	314.4465256	259.2760186	365.2877948	1142.061463	410.6233031	1412.596379	D2
803.2865329	85.85663576	66.90432776	188.0316802	1029.729289	149.9392306	729.6866718	D1
55.21784802	48.45655191	43.76030616	28.90825042	0.224408831	138.5760616	671.3471209	T1
68.78142373	71.68137792	58.33323849	38.20387674	0.267821219	152.1849924	730.0744827	Normal
219.9711104	460.8198494	134.1448095	1229.667454	0.808782153	988.5994783	3432.76811	T3
301.04609	83.21816993	74.46666899	113.2899961	441.782517	155.0143976	766.0949087	D1
241.2929478	301.4933048	260.5550334	208.7653286	0.324393888	393.6907507	1511.503517	T2
70.23822728	76.8288778	54.87686508	44.77263083	0.425464444	143.4095009	827.6169081	T1
2112.088064	57.8969011	18.17379923	12.71664913	0.492299742	120.7878943	656.3413842	PD
455.0735814	53.49731791	39.1494034	20.52974896	0.387264408	117.8028678	641.1455092	PD
423.9888634	215.4215033	181.1983841	298.6651855	1139.827858	285.0864747	1147.360236	D2
43.79014493	28.05743413	28.47378537	10.29490817	0.320046231	121.018184	718.875908	Normal
858.3109237	78.90109763	59.51216304	154.8376191	730.8622443	144.4232264	791.6487506	D1
35.90209159	27.39752428	15.41976724	5.199949526	0.333140255	95.85331444	600.9707194	Normal
626.8483337	85.37463237	70.40700867	123.7262717	490.5497631	155.9792254	859.3020364	D1
450.9611176	195.5551658	170.1240782	335.1564325	1237.746629	261.9051103	1123.955476	D2
67.13722194	57.37638915	47.13558943	31.92391489	0.339968124	121.4075036	715.3392587	Normal
237.4103825	310.4789231	257.1505959	212.0724699	0.380201954	371.6214583	1516.29988	T2
233.7201908	302.9769336	270.8338646	210.2917276	0.244020461	436.1154751	1426.027477	T2
67.23809321	83.96503496	65.51218393	43.9456174	0.351602229	141.5369516	844.2786639	T1
68.59282839	72.13004143	62.23408178	42.69752617	0.398196459	136.5662367	802.8892761	T1
522.4975197	244.7792577	226.4497888	358.10188	1254.163163	323.2257239	1324.306977	D2
486.6168645	206.8398415	176.1158806	327.1060777	1205.963919	268.6138776	1075.897494	D2
74.92691965	74.76015572	65.84359683	44.47691915	0.446168938	156.8103549	789.840207	T1
614.6017347	288.9563129	251.3877675	424.959495	1547.453785	360.60214	1378.851704	D2
1559.536867	87.74676111	55.47371861	33.96285216	0.394987986	140.4435981	709.5416906	PD
236.0610332	309.2639367	248.3190299	205.7694093	0.452236967	418.6157523	1389.046006	T2
79.1670027	89.99475775	75.85141654	58.09380897	0.365831205	163.9895818	775.3582715	T1
1939.222133	91.17854039	38.50579636	28.2016011	0.362628782	143.3016636	714.9552961	PD
48.0360841	22.24634645	20.06776249	6.137057272	0.323943167	115.804072	607.415574	Normal
41.37523048	23.73081622	15.83365935	8.210578238	0.486012396	85.19902502	678.2069927	Normal
73.09798566	68.65633356	60.41219607	35.33418862	0.378705762	140.3137712	850.6531685	T1
680.9165094	246.8292727	196.2336955	439.3014896	1909.375251	326.4202288	1299.638414	D2
227.0218627	306.7206098	269.5278532	206.654295	0.427516764	380.0614472	1393.854422	T2
236.9469949	469.8185491	148.0439286	1271.346505	0.626336786	998.9223903	3431.275284	T3
1516.17176	45.5055724	23.13424998	5.609677196	0.311137243	84.8740037	703.1345236	PD
238.0334104	306.6158374	254.6621812	206.4019818	0.213411539	402.9002161	1408.147557	T2
232.6852606	301.6503875	263.8761016	202.4282309	0.487773026	386.630193	1446.325423	T2
236.8456736	457.1905017	136.7402532	1183.246146	0.824894517	1037.218117	3439.233637	T3
55.00619909	41.82660204	41.30549631	25.05873731	0.394313997	119.3256733	733.5361436	Normal
248.7833362	424.9508853	139.1748907	1204.387642	0.848318582	1012.57352	3284.453376	T3
670.91055	262.7753194	219.2828623	462.3915759	1782.392889	341.868862	1313.461972	D2
748.4893335	84.41072487	66.39755856	126.9484881	506.1972817	151.1509059	727.594165	D1
545.3660682	229.3269318	203.9606054	395.8211024	1505.463572	349.1253528	1251.126831	D2
430.0602189	254.0295866	216.385515	315.0174883	992.4639985	345.6350546	1248.55936	D2
85.39249636	78.57292572	66.70601278	44.61984439	0.320906957	141.8481157	860.467915	T1
540.076662	93.10732435	63.72747587	112.0160688	459.2172375	166.3553557	812.5514348	D1
257.8928076	469.8378013	138.8047	1206.719455	0.879899611	995.4385331	3292.435827	T3
224.9900832	447.8588892	139.7060025	1214.375081	0.703137645	1009.028184	3484.322486	T3
360.6627403	142.9348234	118.154686	234.8898983	981.8451823	206.3864582	997.9921096	D2
53.78585341	36.73054641	33.46446429	19.14434158	0.462614717	107.1806953	695.5007097	Normal
454.1201518	88.12429833	74.07445862	201.2084506	980.6228478	173.0705491	821.9687637	D1
1870.613485	50.98526891	21.29594449	10.08370774	0.23595794	106.1303368	617.7338016	PD
244.8736103	310.6075182	263.7270777	205.3359818	0.420262832	397.3554952	1416.865359	T2
881.1027255	34.43001866	20.21299398	8.792061988	0.405358545	105.2669833	705.388981	PD
99.05204732	107.6263024	80.72976973	61.58440977	0.409789193	187.3676509	836.1508769	T1
490.2300162	86.31419497	71.42740645	161.8098533	703.8261248	177.9722097	759.6178907	D1
1128.312308	44.11039884	22.21465993	9.215846995	0.386061778	112.0691886	677.0375797	PD
614.0876249	223.9701167	183.0921934	410.1615172	1839.044376	288.4455454	1146.881815	D2
53.12202391	57.33316069	42.82813841	26.23206073	0.368038198	112.4950543	763.9796602	T1
56.2707428	57.85221084	44.12958875	29.38378474	0.486966664	137.0065083	684.4218593	T1
217.8650219	313.8206596	256.1712195	210.4195822	0.457724961	386.9821949	1464.816668	T2
837.1471155	56.29681404	42.57476243	100.1257323	468.8557796	128.2195027	644.1317817	D1
555.3952163	252.8234744	211.8709341	391.5044032	1426.538978	318.1325697	1210.457472	D2
77.97148571	71.60615523	61.26163459	42.57349067	0.253902702	169.306727	871.9387993	T1
499.9888191	35.27100657	23.74255617	117.057915	722.4777274	112.1266314	609.2968954	D1
233.0173252	462.7159769	140.2049412	1188.295506	0.646499302	1025.750283	3441.443088	T3
237.3387382	454.2829079	145.1795578	1251.782131	0.711713911	1022.854223	3436.068137	T3
69.49953071	65.37148154	55.96700594	39.86133883	0.418323185	128.584396	744.66404	Normal
234.1050169	319.0177767	274.0145934	201.4217721	0.21867996	417.3721031	1376.492375	T2
231.4955363	453.4419322	145.9501273	1186.261572	0.71549975	968.5545731	3264.310584	T3
991.9706159	42.24583293	25.20380639	11.95466391	0.435490863	108.7828211	711.5632628	PD
576.3359275	278.3189978	233.5635747	431.2688301	1447.459161	382.8613762	1300.066868	D2
589.3388907	207.9418083	179.0165057	368.5787412	1611.86537	266.6277242	1167.273648	D2
630.9122371	67.53715399	49.43947833	137.7314631	674.952105	140.9103057	777.8594806	D1
231.6376067	437.5695378	145.5859464	1240.979784	0.645626994	1030.396957	3286.524688	T3
82.73370837	83.05066748	64.92545253	43.54168208	0.236522786	143.2453032	853.6990404	T1
703.4875361	72.05086372	55.69591253	145.5466549	718.9342699	122.6639303	808.007769	D1
245.5767885	450.6339777	142.7985059	1163.661455	0.598277929	958.7155824	3370.716765	T3
49.15754372	19.64999145	14.84858784	8.573279246	0.445894815	108.3761882	649.6194119	Normal
446.2160194	197.2279038	166.2864789	311.5510464	1183.985337	294.6730745	1164.643003	D2
342.8961206	57.72209663	38.41969213	129.8033347	674.1978744	118.6706096	770.8055386	D1
46.58610111	25.34069925	16.56499535	9.16906174	0.439653665	84.71026013	581.6888354	Normal
237.4031296	298.3686764	251.0370614	216.6769695	0.356588715	383.1229042	1394.971896	T2
245.1144752	452.8003966	137.6262589	1232.938739	0.726684074	1041.60705	3439.970029	T3
230.6829995	436.0805642	140.0298723	1261.590186	0.701195939	969.7325696	3283.028984	T3
516.7211112	303.8110362	235.4773552	375.4601816	1284.013349	348.7419321	1395.617057	D2
451.2905259	237.4210026	195.4797415	330.7074909	1138.761814	333.5599281	1169.351377	D2
76.15880535	72.53951312	61.14408338	43.69654195	0.227893746	132.0815942	681.3897998	T1
72.16357447	54.02654484	47.51311309	29.83886822	0.207796377	135.0745791	754.4003044	Normal
222.4100643	446.1314591	143.6319546	1252.502994	0.795315902	1003.048939	3381.814287	T3
506.6034528	255.3717112	208.386734	365.7645683	1276.518149	336.0561874	1319.39809	D2
38.02371974	35.18845183	28.52030264	15.40169214	0.335674729	111.9577349	600.5972091	Normal
554.5080903	287.0454452	245.9710635	383.8213587	1477.667048	360.1860564	1396.997566	D2
811.0819208	106.1371481	82.34330953	226.3234534	1206.673637	168.935616	876.2380857	D1
669.2626142	293.5078811	249.6577661	440.8033913	1715.528069	387.0618531	1359.79921	D2
738.616465	60.59118914	45.13496006	171.0676468	919.015915	114.1306374	810.8873063	D1
811.8146269	37.76370669	17.31186589	71.05033697	414.6372007	124.8914466	706.7610659	D1
42.00990881	23.9061696	17.71817099	5.378229626	0.414578062	115.8100647	610.9046821	Normal
52.36582076	46.57964777	34.26537501	23.61146141	0.266080945	106.2996679	739.1329579	T1
227.4137289	457.0557546	141.8124139	1253.587338	0.664418159	1051.153502	3360.306997	T3
599.3131282	270.3318375	226.3453766	405.8528695	1585.041437	384.8004339	1465.178178	D2
229.1060435	307.4331886	262.3365065	217.0839391	0.306907353	396.3945825	1558.081749	T2
236.7494546	453.0537544	146.2055757	1217.353526	0.873345629	996.1682922	3648.920195	T3
482.1922204	252.3864772	221.3013867	331.2166443	1064.20954	338.2520672	1223.696642	D2
778.529786	40.26614669	18.30986499	7.654322006	0.352046173	109.4459833	628.167881	PD
50.85634892	47.93996219	36.88125488	23.75295676	0.205117709	128.5734995	801.3203663	T1
230.6654396	300.4466241	251.4512233	207.7619513	0.493305732	388.1627075	1474.83038	T2
2101.064805	85.3488342	47.98573919	30.94087068	0.375767937	130.7539886	785.4488958	PD
2094.037521	96.81377433	56.62928012	36.85816906	0.476893116	162.183115	776.9146263	PD
495.30575	260.1707198	222.8472	371.4028301	1326.989834	347.991091	1410.761353	D2
1851.524538	74.9736035	34.80985106	21.09262464	0.375574678	111.4318629	720.7545959	PD
459.4654683	293.1735446	229.8228684	332.4683796	932.6284572	356.217752	1449.180076	D2
547.342629	31.38259973	21.46811589	152.6077521	989.9675215	83.81781191	718.7441679	D1
744.2055578	80.83946155	60.90302805	180.1710945	906.5594418	150.1140396	765.1483355	D1
245.6120278	315.7704419	260.4370887	211.3507502	0.352175302	424.3281118	1425.290567	T2
1055.051657	45.97113807	23.31116952	133.8304675	841.2256595	104.2704803	666.9401666	D1
72.79990565	74.57886842	53.17154003	41.3958261	0.483002351	160.4562877	763.3914263	T1
233.3575519	461.8377216	134.3904226	1228.688945	0.731225038	1021.806821	3389.173903	T3
232.8740744	472.1880621	147.1404616	1246.063699	0.601133332	1018.838265	3462.887964	T3
38.42638495	24.82646112	24.71799695	8.508567074	0.275644669	90.18259439	673.8560132	Normal
1678.125213	47.72192321	23.7210685	9.180891156	0.417587722	108.4039111	656.1938797	PD
442.708783	306.1785839	259.5599414	330.093702	825.8909589	378.4492458	1486.015479	D2
1409.234157	73.12942503	40.74766957	30.13011657	0.294249607	113.4885894	775.2787403	PD
425.6443791	89.79020024	77.83331989	176.7676405	859.2127484	169.3429084	897.4230293	D1
648.3516698	211.6703239	172.379657	404.1714655	1848.477192	276.769018	1236.074259	D2
52.70506681	55.45370942	39.62985334	25.90565751	0.425192335	139.9850207	703.7812314	T1
233.3927147	457.8980877	142.4511933	1224.966962	0.720826911	1023.452725	3290.061122	T3
50.04864365	37.47141418	29.86878068	17.94612545	0.275223593	123.3706402	721.4971348	Normal
412.694746	215.059452	173.979891	297.294286	1010.712737	301.2314429	1059.323841	D2
1139.383637	76.77434013	50.68649386	192.8870936	1102.590475	130.3985308	786.401728	D1
223.6860501	310.5716284	251.5248617	212.8245034	0.226159199	413.7727904	1374.203988	T2
513.9389178	272.5182379	227.8627251	360.215826	1227.192546	371.4305603	1291.773361	D2
379.5953103	58.16650581	48.03525917	158.1432181	880.1635921	136.9580371	808.3552838	D1
230.2702952	449.4998554	138.3892736	1193.079237	0.67540176	990.5048786	3456.709423	T3
82.68993811	80.06590237	67.31969217	47.22166268	0.328769875	147.4592956	757.3141243	T1
51.42788564	52.44949801	39.62991203	25.85221591	0.215904421	133.0619557	735.0650922	T1
365.82417	185.3959515	164.4753605	246.9244399	842.9602286	275.1783101	1052.019701	D2
608.7683962	258.0847981	214.8479816	401.59588	1697.820684	365.7337108	1276.468087	D2
238.7665028	449.5785731	138.5840713	1142.454675	0.800854724	985.9106169	3327.076137	T3
1583.33399	52.71745993	17.50495468	9.608281873	0.354019668	95.42443197	620.8213681	PD
49.98096648	45.3234615	33.82152306	20.79321326	0.318262504	106.5069645	644.6429907	Normal
651.3700366	92.91439638	65.67970954	137.1133625	689.3691239	143.1818532	829.2105744	D1
2058.234139	77.30973827	25.59283252	18.91436846	0.266882071	128.4679576	608.3407128	PD
232.6361044	322.1836439	251.3570244	198.8789942	0.333960512	404.2175898	1432.862498	T2
1995.066749	82.25144056	39.51837156	26.35538043	0.209785148	136.7889655	743.4760838	PD
63.04978744	50.08756116	38.81999702	24.60734851	0.334554862	124.8986899	790.6167581	Normal
677.0771247	305.0902318	254.6789296	524.346565	1791.279931	444.4955137	1524.643819	D2
296.6883811	99.06895497	87.40947484	133.8438289	485.3958937	179.4491057	814.5974653	D1
248.0953596	315.1157066	253.7308823	209.7167346	0.488489673	403.2722244	1492.031557	T2
447.5978742	207.6781774	169.7919497	309.1903553	1103.169158	294.2598386	1102.07952	D2
87.25660624	88.10621252	70.26067419	52.40453472	0.364601926	149.3200271	902.9064553	T1
236.0241316	316.7949322	261.4785671	197.0949447	0.245912255	397.5968844	1415.196148	T2
908.84172	89.37119905	73.97438765	231.9785094	1171.2853	161.1685379	895.3429164	D1
225.5685685	315.1643269	270.2023242	211.768245	0.395672993	396.4125706	1415.457933	T2
31.70409192	18.32813532	15.09424741	6.927461168	0.513073833	100.6404891	648.3132995	Normal
256.2715575	457.0664042	139.9984688	1222.578855	0.76588413	971.6605665	3338.416901	T3
231.8988761	314.6508929	263.6516472	207.4665426	0.501079226	416.9824117	1394.499292	T2
77.37336518	76.27168437	59.84194706	42.68261438	0.475917663	163.1028309	763.3320271	T1
1054.590253	67.96388874	40.85271959	190.5108092	1102.905834	113.5976546	710.8216703	D1
439.0629465	253.7666552	199.7770774	310.8769836	949.6955802	341.6612276	1287.073436	D2
791.2040217	61.58238241	43.66244065	132.4605299	634.3801627	152.8524241	731.9890158	D1
29.61290891	27.68816077	22.93905204	5.50195291	0.314459978	108.2301319	592.1740527	Normal
672.2463652	293.830024	245.3146281	467.5077429	1856.256249	375.3370922	1383.82537	D2
69.91615259	53.81640543	47.62163659	31.08839978	0.491001591	137.7462445	705.7430347	T1
61.61889056	39.30672431	35.82484303	18.40696932	0.302615581	120.2782623	698.5563257	Normal
651.6373354	42.4064607	33.90367252	16.17303121	0.471077679	102.4105772	724.2500582	PD
947.9866283	40.15717056	15.91360847	10.62898216	0.472746877	81.3932959	695.3346084	PD
542.5790996	235.0069642	201.8898309	388.6376263	1546.509367	298.3215545	1158.538941	D2
369.4771014	61.63916139	48.44726231	108.895045	465.7595943	135.2721803	804.8853086	D1
1039.345348	60.69641407	39.69345488	21.56252422	0.23481145	106.3933561	689.0871353	PD
366.091801	48.53045215	32.85271267	169.8624495	986.2200666	139.4182533	735.0202451	D1
231.5331845	447.2028337	140.4081989	1215.017937	0.594942935	1069.861386	3408.168726	T3
229.3516417	468.3303604	143.858574	1215.46888	0.648815432	1007.509265	3285.503373	T3
40.65035688	32.09246225	28.83398806	12.54623504	0.271358474	123.1208025	714.3502968	Normal
445.7502761	234.198299	208.5993516	311.3148378	1006.812225	339.1434499	1278.311072	D2
913.5368814	43.01599521	27.69463687	168.3501759	1071.889259	123.1160236	632.7475195	D1
468.5570286	61.74789089	49.06875851	100.1326926	444.2291142	126.3516565	761.688928	D1
1022.015699	77.44893758	50.98259098	130.7212186	608.5958955	156.5278656	722.3931675	D1
612.0543274	199.4087199	158.646422	408.9600735	1852.553772	266.0896234	1054.237827	D2
231.4825764	302.4967228	259.2399812	206.8229047	0.39973706	415.1339366	1345.536267	T2
50.3016478	32.87209451	23.16883689	12.66154578	0.261282551	120.0946191	684.3214215	Normal
61.09468362	67.66290017	48.92660349	34.16910057	0.388996397	162.3720277	749.9717817	Normal
43.51182394	25.17249871	19.36328793	9.852138394	0.482653587	94.11139393	652.2086936	Normal
679.4749579	88.3049654	68.92458999	150.620819	660.4191757	158.0423159	836.0450708	D1
494.7674131	75.91331137	59.73203621	119.9354677	544.2984904	134.5463461	780.8811704	D1
242.1667334	453.3811896	128.1783759	1229.399183	0.837868835	1060.674343	3218.228911	T3
229.6914541	450.6615628	145.6312686	1210.993468	0.705779404	992.0515353	3344.111145	T3
59.9452605	47.23245075	41.24513374	20.24134801	0.203682986	108.3206188	653.4055853	Normal
713.3987165	61.54799876	42.39368512	103.0511913	516.9733763	133.1156614	702.2973007	D1
814.152415	59.68497943	42.50908762	183.2506587	1036.77665	122.6079378	715.7618262	D1
228.0098259	320.2872826	276.2233096	217.6937308	0.301924152	427.2014688	1479.731354	T2
661.2988429	214.7753248	186.8237419	451.5862815	1882.479915	299.5157816	1117.794618	D2
247.6415932	474.0265167	141.8546592	1245.203084	0.810029815	992.6541775	3299.07164	T3
241.2615342	305.3061823	261.8953221	207.3099924	0.213332613	426.0013034	1377.84203	T2
233.7874362	295.7898667	242.7651851	202.7309418	0.446639005	407.9676053	1388.516405	T2
46.01348533	43.35181547	39.39446231	20.84864311	0.258837922	136.7391466	706.345513	Normal
241.4055625	322.5373248	261.0215215	211.1657938	0.484243412	406.7139513	1429.772037	T2
225.4081542	471.370303	134.4637301	1228.024327	0.714159995	1057.985473	3352.62294	T3
973.9155532	57.7440831	39.66822085	88.59586408	448.3635029	129.7726074	760.9637877	D1
882.5734823	32.15535522	17.12867314	96.72612905	586.7819097	80.9362604	642.8795397	D1
58.82574814	68.01607382	49.92501571	35.77663393	0.337511801	158.1835059	847.3559295	T1
51.20397797	30.05823337	30.99068611	11.16893588	0.199617574	115.9485913	651.2835788	Normal
61.16503338	63.10693876	53.00017841	29.93506096	0.215744764	133.5552044	777.1522166	T1
79.82597899	87.31269935	75.64911431	55.50300515	0.229641346	162.2117404	818.9137726	T1
246.5311141	319.0508774	266.629905	208.3155386	0.225588293	440.792504	1358.930837	T2
230.6556203	314.8626899	266.600641	202.1850308	0.38194646	399.2579218	1531.171151	T2
2059.296724	75.23133117	37.20788362	21.17458465	0.364848167	137.3119742	716.5775231	PD
229.9479978	434.5541394	144.5385058	1236.6504	0.665980235	1013.501471	3241.116956	T3
55.40824528	62.14145771	51.54982224	32.02788198	0.482137772	125.7861956	833.5099057	Normal
81.37987069	98.08715801	82.36881357	60.65357948	0.23627962	160.190431	851.4254905	T1
71.86563043	61.00419988	46.46186972	31.17782276	0.431957418	121.9134659	723.3357135	T1
1820.411859	75.51731269	39.44286585	21.94677748	0.395056737	121.8169549	718.3601187	PD
536.6152677	191.3816202	162.0041244	384.0394104	1585.840122	294.6804562	1179.289681	D2
66.95100619	63.40421863	55.84344538	34.16965611	0.393451465	154.0914561	817.2795119	T1
241.4642313	454.9689848	134.0107803	1245.762091	0.607696215	995.8531268	3504.889864	T3
52.98634357	47.32714426	36.86145546	23.15301922	0.45486521	106.0358195	735.4098362	Normal
952.2068189	65.71626901	38.84425789	97.72115068	459.371585	117.6080028	744.8723284	D1
89.0752241	87.11635157	73.66088669	52.21057387	0.231697152	153.4089992	748.0962121	T1
777.4767447	60.3958362	39.45371413	128.8366457	777.3649715	126.9596378	665.4013893	D1
229.2515295	471.7845684	146.8384466	1208.719902	0.706431323	1049.276091	3401.480678	T3
222.0013872	301.493994	261.3816498	203.7405967	0.450873273	389.9575808	1513.07158	T2
1218.972984	39.93151481	16.58309034	5.317225607	0.329500721	117.7667132	573.6089588	PD
231.416716	320.4760987	273.4494675	213.5688324	0.484827109	422.4975946	1360.454739	T2
655.8139882	268.0861592	211.3394556	441.8206615	1698.789316	346.3604181	1369.1709	D2
487.0153664	267.3548709	229.5811034	338.3440106	1161.601698	338.1493561	1309.549822	D2
447.4827125	172.8344121	136.944347	296.2874678	1307.245212	249.3982321	1086.974395	D2
230.9850332	439.7623654	137.7842861	1252.885084	0.770589058	963.354393	3551.75522	T3
2064.593312	90.39316024	46.21189342	30.84841221	0.203209162	151.1302592	763.6166302	PD
642.8196732	41.21321111	28.30285339	135.2524603	767.9846602	125.3389331	654.2608172	D1
55.74715115	56.60401238	44.84504207	29.50456469	0.397266046	129.5429063	686.3526635	T1
2235.076557	76.41841184	28.08092513	12.30652957	0.326975459	124.2599084	683.2917203	PD
219.9997234	305.406642	276.9141491	213.572631	0.434347958	409.5413051	1461.186755	T2
240.0828669	303.8859762	248.2961644	201.0492163	0.353114772	405.6795812	1448.07983	T2
243.9416432	456.0417415	139.4470933	1192.932568	0.863104531	968.5326446	3368.28341	T3
254.9000601	309.6472433	265.0226941	207.1125905	0.379753032	433.0102977	1388.199188	T2
843.8928347	59.86975859	35.12480099	137.9329245	749.7836469	117.0702807	684.5329743	D1
246.8811643	450.8915913	135.6920012	1171.692219	0.660363643	977.921646	3543.711863	T3
253.7369892	311.3608248	277.4912524	209.1615093	0.272787239	405.6361718	1476.928102	T2
233.1572811	449.9682589	130.5884769	1225.181966	0.834012024	1023.122567	3492.214617	T3
55.38047272	35.12985205	31.0441474	19.15862159	0.35298764	105.5808541	629.4963224	Normal
46.9923467	43.29555964	35.06503066	22.39670345	0.258912612	109.5532669	709.3540475	Normal
37.32931294	30.05527196	21.01567598	5.336381809	0.333604082	111.7557533	711.2279894	Normal
592.6102696	76.09747248	62.25919412	37.78395665	0.252802514	166.281492	856.4878868	PD
242.8231334	315.5257548	253.8730835	210.4350367	0.422777249	401.2685505	1461.524523	T2
750.42158	60.91872439	40.06230486	163.7841762	912.6824568	140.9512135	784.1117307	D1
248.4472648	475.7765087	141.7035422	1167.828878	0.891354738	976.9665144	3435.151433	T3
68.96075021	79.06624011	64.78440601	46.53065574	0.340071813	183.6630508	749.5911677	T1
51.72338517	30.62103241	24.10144978	12.61892723	0.295507941	112.9370614	706.6548812	Normal
94.52419209	99.10383046	78.07822209	56.74801007	0.388189071	196.5113069	844.9241595	T1
228.8402324	316.9915177	258.9613459	209.2545403	0.230611922	387.8864799	1401.355457	T2
38.42189845	24.896714	18.4388447	7.844883648	0.405346344	92.93765685	626.8243582	Normal
239.20729	309.0827128	257.0083576	202.476061	0.517022158	426.9469087	1555.954636	T2
242.4163909	460.2176967	137.5839863	1232.322302	0.606746743	1028.676895	3342.472591	T3
1033.302373	99.95789361	70.59854407	158.9454477	695.3420732	142.9524507	815.8112577	D1
47.44313063	26.17634983	15.86113342	8.779705211	0.373150617	99.69536471	724.2562318	Normal
1872.701547	54.576858	25.75696197	12.50160423	0.43136379	124.9261821	622.1118454	PD
638.9774137	266.1874471	224.3236666	434.9050298	1628.343333	366.1878451	1322.59087	D2
227.6539221	309.0520194	266.8267575	209.3151769	0.333919402	396.1788717	1332.932187	T2
231.2941707	451.8373996	131.6641302	1272.696242	0.650705337	935.0585674	3322.483058	T3
47.40581406	33.16711552	26.63242329	14.50049453	0.486110461	116.5365314	684.1752309	Normal
48.11917638	43.18504001	30.44286738	17.47305123	0.475266097	106.3502359	725.6461132	Normal
31.88680866	24.97746847	18.27324016	11.48895954	0.493503238	89.37494109	617.8473504	Normal
75.84201842	73.70777573	65.7492548	40.75316503	0.218802351	166.8894945	803.3800193	T1
78.98740546	84.47416853	70.5860981	49.15149537	0.490250225	150.4681721	798.5846848	T1
213.1352083	312.8096444	264.8301232	208.1826989	0.443424804	414.5474776	1482.335705	T2
442.5543187	93.57278609	75.42138136	151.2548967	675.8539781	172.1081982	840.7205477	D1
46.39820883	46.33394747	43.05460486	23.09265804	0.422472579	122.0679039	798.3369251	Normal
47.55486214	36.57300741	35.40498244	17.26974948	0.414061951	124.905508	786.1968787	Normal
236.9150415	311.5717786	265.0232685	209.9983483	0.249928257	397.7936335	1397.929501	T2
493.1181121	52.37815883	38.06553036	18.83885921	0.219622449	136.1400011	702.760958	PD
241.1440558	449.3196001	140.6512123	1246.924291	0.741052183	1009.707561	3466.540693	T3
813.2544542	97.00817628	74.73722001	185.4235576	887.9561076	157.1123507	779.5018033	D1
1676.938557	72.70577701	41.04950108	20.59824762	0.265118832	105.9444256	765.5632215	PD
717.0520782	36.49466385	27.75911017	146.614364	866.0358319	116.545085	685.1269073	D1
63.07064307	46.81950294	38.56833751	23.82160734	0.478629998	135.6937441	773.0034748	T1
1633.081325	56.45869146	24.29402381	15.9603108	0.361927246	98.34984957	687.8384545	PD
78.70816501	71.85743525	55.74064484	39.70947365	0.394183094	142.8902679	839.6047526	T1
56.72653737	55.74817873	43.85381424	27.82997184	0.481261253	149.0479937	663.1906315	Normal
224.8059074	437.3364616	138.9892677	1172.130631	0.73356775	1032.53957	3422.512711	T3
285.2167094	61.69422732	47.44095051	29.81750672	0.385259565	146.5391172	714.2069059	PD
487.5012723	211.3912511	174.1794674	330.3199996	1286.177936	303.5852325	1157.141458	D2
246.9800274	311.2824233	263.5193308	216.1853948	0.435717325	412.527177	1381.513783	T2
399.8825373	207.4184199	162.2867664	276.4300256	956.4893831	292.0978184	1164.585178	D2
44.83787231	21.32503633	20.80490548	6.504526348	0.364724066	109.5565497	611.1131204	Normal
1110.60802	102.461108	71.34208186	216.1713574	1147.339798	158.4518261	764.970398	D1
232.0509752	467.8535643	138.3327881	1202.615219	0.768025809	999.333465	3372.340867	T3
556.7478584	56.98211943	40.61024968	23.81011896	0.468214676	115.4823701	756.8625873	PD
345.4870584	47.06993583	34.17792546	95.89347843	463.7603962	132.5161217	668.0851601	D1
243.3000271	315.9172502	259.1064938	206.1608848	0.360802934	398.0054568	1473.023667	T2
49.82342495	24.40542768	21.14228275	7.373307225	0.324582207	105.4767323	706.3229137	Normal
386.2146381	45.41029777	33.15618234	19.91428399	0.2893529	110.9791192	625.4780884	PD
661.9761949	65.51756505	43.68196162	111.9233071	531.604183	156.0057698	792.3887733	D1
589.6043076	91.4278069	76.42191454	174.9947437	844.967528	158.8820767	876.9642457	D1
45.37604601	47.7734127	39.497986	22.0787047	0.228740109	113.6742531	723.0618162	T1
475.4127113	58.180346	48.21013648	200.594355	1114.345222	127.3129109	655.2282126	D1
231.1006227	449.8478586	136.3705189	1194.739672	0.805799646	999.0201596	3319.726427	T3
690.9779329	298.659904	275.4787803	500.9823437	1991.450462	421.6811831	1396.316753	D2
63.35977787	53.39775127	49.47730576	28.00593513	0.314835782	112.6395053	706.7328041	Normal
79.47637693	78.92535789	67.67172884	48.8503151	0.311840331	152.3315391	833.9682535	T1
42.32662134	25.42921232	24.45832799	7.860320056	0.39446645	112.911015	591.2117894	Normal
433.5126423	260.7181296	212.7194613	296.4874499	903.5069384	344.0215981	1285.88465	D2
252.0697824	469.6619203	145.7785011	1161.977372	0.775987529	936.905536	3424.698611	T3
63.79430002	69.23304234	53.02042381	36.57382173	0.443829953	137.0119545	771.5791388	T1
449.1468724	265.5638568	224.7757385	310.3697821	963.411572	333.3398005	1382.870748	D2
78.92163982	78.01775328	71.53811526	49.76639621	0.278151501	178.627886	869.0099879	T1
518.8437409	101.5904434	81.53946146	200.1896414	999.5208206	163.9099238	871.1016954	D1
529.1704942	193.3892524	163.5424267	339.4099344	1567.434364	278.0557078	1125.838507	D2
225.2905394	324.0178901	266.852082	206.6864268	0.313189127	389.6484895	1470.570038	T2
65.78328763	51.48380416	38.72099177	28.23830543	0.407225918	134.1672209	715.8649362	T1
64.33002677	46.35607615	44.35180678	26.3697011	0.451999668	134.5496832	693.8239183	Normal
604.2432085	222.8674285	184.4062659	405.2766243	1706.683346	318.9870081	1335.450417	D2
84.28019714	85.984485	70.35281426	47.02798049	0.324539019	148.0010733	780.4404203	T1
513.1705254	199.0060358	180.8131159	345.7886454	1540.19295	302.7744276	1137.209921	D2
244.9057899	460.8887817	136.2211686	1235.130141	0.861967406	982.0741157	3277.976699	T3
221.7494507	315.7008393	260.3800594	200.6895382	0.261129076	382.8161687	1436.756126	T2
54.13824726	39.67767852	36.98556061	20.35322439	0.28651542	135.7549508	627.7989031	Normal
270.0293769	39.88840082	29.28417937	84.84825731	472.8888691	119.4943654	635.5433895	D1
848.4070625	33.34246879	22.59545622	85.19469743	463.1520532	109.5584746	652.4366904	D1
402.6902229	227.8998487	181.3810821	279.5627121	844.1948112	318.014095	1178.201812	D2
245.4079196	304.2045015	250.9152488	212.3557015	0.410446676	398.1459173	1425.522497	T2
771.6069734	44.77784973	31.58194007	159.5106814	922.8576452	118.8511379	724.9093984	D1
588.1170457	249.8952774	214.5162489	408.8986505	1490.923623	348.0250888	1334.505402	D2
46.02339079	36.80442293	29.00148977	14.22661194	0.514960694	93.17940499	672.8944921	Normal
654.3675611	294.2360726	233.7532106	436.0645746	1780.008293	372.8719463	1378.861095	D2
645.9164852	55.98806685	37.75455703	187.2031744	1051.339768	142.3634062	808.7394934	D1
537.2031084	287.5961329	217.1853348	401.9013189	1457.380108	355.4371782	1386.914196	D2
572.2260151	267.7198233	228.2492055	410.9373923	1547.534851	358.7151518	1352.693311	D2
60.88196673	59.78441695	41.42748051	32.29159104	0.204551379	115.8007027	767.0787959	Normal
223.0306877	457.6560207	133.4761578	1137.344819	0.668137093	973.7621852	3373.858653	T3
1103.0711	49.26726651	26.11949194	11.13156083	0.293157878	102.6521141	646.829292	PD
241.9607967	320.0663736	258.2966751	210.2014297	0.219929743	425.1016633	1435.567073	T2
1195.676234	40.28316246	15.58975678	8.014408315	0.346573285	81.64007263	659.4044377	PD
481.9685222	286.5634537	230.0300847	361.3355992	1109.199882	375.7007545	1310.268652	D2
51.70180454	40.05949092	30.63829856	18.3482506	0.491324316	132.3776407	673.6438649	Normal
1416.967556	43.71965773	19.70066449	5.35594407	0.243911053	89.56902152	724.0628487	PD
72.78312416	79.35400051	68.46027549	45.88262589	0.514924723	166.5683033	881.593609	T1
565.1776407	68.07049171	49.93492182	94.94498066	426.1780657	149.9623776	791.3236829	D1
234.9329511	449.3442712	141.4369627	1229.765065	0.82332929	1000.619873	3426.097521	T3
230.5169032	301.4901401	266.6054784	211.9852448	0.505479387	413.0879232	1351.384757	T2
238.873724	469.5084455	149.4892529	1192.199145	0.581937921	1027.354478	3268.894318	T3
539.6120455	210.9754159	174.980951	353.5868433	1504.297754	277.9723112	1174.668094	D2
336.8338633	49.36069368	35.99192758	143.3123119	892.2321264	107.7977419	745.9087817	D1
490.7094724	223.5933566	195.0835394	342.655349	1311.510143	318.7457243	1209.279303	D2
248.9854606	458.9094083	134.8934623	1256.808352	0.781668338	1069.984795	3589.22291	T3
233.9867451	308.6044563	255.4468571	203.4233171	0.316080298	400.3331809	1384.632486	T2
536.0509237	294.2536479	260.2744265	413.4543235	1402.430462	376.4139139	1386.364477	D2
49.63630046	47.75534277	44.32402849	25.28063347	0.219390974	128.6783515	788.6171391	Normal
633.6019677	214.0382596	180.9736924	416.6736376	1913.976297	278.7326933	1177.691301	D2
51.8411361	43.87016288	30.31791242	19.43997956	0.405688685	109.9978872	734.8422871	Normal
75.6196156	61.60534808	60.41605256	39.97107243	0.365056324	142.2695732	833.8330598	T1
464.7826729	206.7665274	180.1481389	326.9247317	1298.907793	295.7096864	1226.312673	D2
1183.561848	44.49700256	22.17465172	8.493624227	0.47628838	96.40432431	741.0686303	PD
281.4930854	51.68361039	42.04676551	25.30339782	0.352820706	141.3695308	771.6517496	PD
546.9374329	300.1548694	263.7114663	398.1235435	1426.258194	410.0290836	1486.834042	D2
533.0209156	76.8450318	50.32000323	113.9513094	501.2859236	140.3023822	765.6881019	D1
647.1056175	241.9601557	209.5812104	444.6512518	1767.423375	343.8182863	1314.785745	D2
77.79470312	76.9059156	60.50606697	43.41009226	0.26926616	142.488565	748.3907287	T1
2024.197076	84.84517015	39.13650322	21.84837785	0.413080343	129.593147	746.6636137	PD
219.0283367	462.370752	137.1089304	1216.746237	0.885678071	1013.782098	3272.95466	T3
56.17353606	55.56290363	49.61163176	27.18086618	0.472591245	113.4006781	715.7538379	Normal
427.225112	70.58399554	50.76970465	140.6546327	691.0611873	129.7879354	765.7526107	D1
2205.51604	80.91397567	38.25272891	18.45815035	0.389873081	130.4022509	704.4669899	PD
75.32815252	62.58917057	54.87850463	37.66948044	0.240340983	145.8818595	746.0336243	T1
331.3423692	59.09318869	45.39401274	147.2536687	798.5808917	118.4976388	726.6292306	D1
1170.748741	41.68704395	18.5792884	9.092573424	0.301392872	87.81444668	618.4736776	PD
715.8106385	67.85165461	48.09680353	30.90490256	0.412310469	145.2513609	736.8091589	PD
996.1337415	95.32332201	67.51404233	153.6571291	726.8401488	179.2846413	764.621162	D1
585.6897227	221.1920636	179.6644602	412.6481886	1688.394453	324.1077203	1168.256035	D2
243.7782348	464.2174682	141.5552191	1202.921705	0.836160102	1037.297078	3329.681455	T3
1891.335006	91.85529574	45.47530368	32.73628392	0.480915605	123.604345	674.1413004	PD
234.3379924	313.824484	259.801374	206.9213315	0.461648735	396.1665533	1468.806128	T2
418.1808558	27.49782345	20.35198028	88.50277446	531.1044804	104.8935336	718.8046937	D1
44.52483192	38.73334507	32.20201796	16.27480129	0.244871316	134.9494528	698.5168062	Normal
625.3113276	223.3128729	185.0677398	429.3092277	1752.938112	306.8753597	1275.199698	D2
236.7689977	296.264674	258.7605175	209.5249063	0.217040886	415.8230357	1312.808326	T2
626.3054153	218.645539	173.8049678	443.0191239	1865.38979	280.122571	1175.016885	D2
235.8561583	448.8653593	140.0416792	1188.148702	0.698164927	972.4513663	3457.986519	T3
2273.988232	89.14453273	39.59968876	28.01723893	0.389850179	125.2471547	689.5543113	PD
987.4587212	42.42645247	22.68583164	9.51795523	0.395803736	101.5178467	694.9930757	PD
1273.559589	41.49490732	16.3506195	8.839849026	0.417921375	88.65425668	639.7479819	PD
512.9455721	35.47474896	20.85608842	132.5305209	727.2754449	103.7440031	693.7182625	D1
337.3097161	28.82424867	21.75149131	90.63215287	520.0879727	87.19302889	625.9277821	D1
226.7964518	308.3533651	246.8355751	212.3965421	0.395329106	422.6043428	1540.757782	T2
91.18746215	91.6499128	74.61374727	52.57233424	0.328168372	171.1979237	777.7962486	T1
1960.358825	61.17826961	27.93764747	11.64733394	0.429924395	116.2968549	642.4321399	PD
62.07782523	50.69899777	41.15548024	23.86945255	0.225638902	116.3658741	801.2678983	T1
238.0814264	330.7883888	266.662981	203.53498	0.413504138	422.0195346	1421.654959	T2
233.3823857	302.6198604	259.0019864	204.8228999	0.398769904	412.3235458	1516.072276	T2
243.2477147	457.1872498	146.8892326	1188.107439	0.726415456	1051.969281	3449.248399	T3
75.67960109	80.19285023	57.58051595	46.04553843	0.427898668	146.6168012	783.4818618	T1
398.7093939	259.6212166	213.7082067	288.1637534	858.0595186	351.8430916	1237.929357	D2
505.506274	295.7552377	260.1505619	351.2486604	1060.23487	398.1761874	1359.807047	D2
231.747343	302.3041533	265.8175344	207.1314083	0.416856115	389.9236756	1417.076312	T2
233.8816591	465.1808828	144.0396152	1167.1394	0.799530887	1008.770643	3481.193102	T3
248.319686	461.8556972	148.6437652	1193.071346	0.61033376	1026.605591	3371.182509	T3
229.9593253	470.685893	136.6821097	1205.476266	0.55624148	970.1669727	3287.091225	T3
236.2734989	461.3157004	140.465562	1185.992557	0.822952239	1019.856146	3389.442998	T3
228.444756	319.848405	272.0485868	201.5229737	0.372680528	402.0339182	1425.28417	T2
516.4245463	196.6439593	167.7048603	358.0704492	1509.311751	301.0201152	1210.018538	D2
229.0788823	315.7706396	263.875456	215.3414562	0.368693115	390.2244008	1495.522168	T2
992.8224066	76.61934366	48.06145388	195.3179162	1056.740031	159.5005821	780.2546096	D1
239.5148782	306.1270176	268.2020451	203.0433434	0.270713961	409.5061244	1305.935596	T2
226.2809653	462.2454077	149.0548176	1231.515071	0.863664418	987.5629596	3466.014617	T3
64.46424706	52.93228389	44.99146607	27.73585392	0.354837746	141.0194284	733.7563852	Normal
567.394914	43.3371289	28.95167745	16.545939	0.446308506	100.5223104	699.3270654	PD
626.5619825	304.276245	255.619619	426.5281757	1588.875424	366.7650036	1444.230921	D2
719.0182256	70.57304051	54.81244141	128.9104433	647.3595695	123.921849	864.7289529	D1
234.7253173	312.5333851	253.5580508	207.9829892	0.486389302	422.3254139	1363.08768	T2
239.6361576	300.4529155	249.2992773	207.8069747	0.293271851	399.1624799	1331.176606	T2
37.4195868	21.4393676	23.07113661	9.877728217	0.451138707	100.7862141	630.7549243	Normal
234.5034706	473.0125989	139.9676721	1166.213907	0.683854788	1044.843716	3252.881749	T3
304.5700735	26.24442878	21.61413102	8.66764903	0.212045586	101.8840905	716.333352	PD
230.4152726	464.9683743	140.5471526	1235.660001	0.716779482	985.6716986	3444.146726	T3
32.23364722	19.56575492	21.23905796	7.810750091	0.407335555	110.1761044	770.5609128	Normal
244.0056875	455.4653684	131.9782943	1197.965459	0.819664221	966.1820385	3496.293481	T3
221.0413412	294.9286978	252.3934934	205.5750387	0.264838679	398.7795063	1359.801204	T2
44.54019995	20.4969238	18.15405919	5.817765302	0.400631642	89.26032707	688.2807081	Normal
86.29982172	94.82764599	78.04072822	61.60105508	0.280225294	169.5958301	813.645798	T1
246.077126	483.8523322	132.6088959	1233.434778	0.828263429	995.4965567	3255.733036	T3
758.7478623	56.39383168	37.07437631	172.2330015	1035.51112	106.5102644	636.0001509	D1
485.8284163	35.52356124	19.96580936	114.105217	730.3049669	123.3350069	646.4067652	D1
77.80544807	71.88195645	54.84850604	38.22982138	0.199523747	135.599728	768.3748301	T1
1184.662779	41.28633858	16.77255011	7.586242295	0.199722898	91.66089769	648.1999852	PD
2146.64886	62.51711298	16.33154749	7.638042949	0.393910571	121.1833774	607.6357402	PD
1021.649201	93.72780543	67.70702851	115.2640454	488.7514183	168.9145993	767.9589234	D1
666.481637	213.877171	178.4939443	452.2060472	2036.244783	314.7935103	1108.20464	D2
63.14949909	63.78252206	50.17945658	36.62456112	0.364617163	137.9558002	716.7679607	Normal
40.86706407	32.44895416	26.70651944	14.89361242	0.397290096	118.7738454	606.7421092	Normal
228.4405097	32.58615659	22.66914907	11.11910772	0.250716757	96.59362199	683.109752	PD
896.1602274	35.4939819	23.43940815	107.9346631	643.3769472	100.0073621	664.5222693	D1
237.5967371	312.0693233	269.8830441	203.2910625	0.498280517	409.1322219	1443.973439	T2
594.2423366	52.58575802	35.89419573	19.72087973	0.38202834	120.9377324	677.1941141	PD
1625.708873	63.25100948	40.09867036	19.86040783	0.450380717	133.3914523	727.8375386	PD
499.738076	237.0646581	188.1469348	376.2944725	1472.417869	328.5402197	1232.491578	D2
721.6289823	34.15535917	24.22874433	159.2230395	1008.285181	90.03303069	596.7502503	D1
941.6688409	78.70677562	57.61964929	38.64509854	0.28373792	152.7418888	713.0152069	PD
228.8287943	318.2990151	251.7791779	213.9201307	0.339186488	391.9994059	1505.579286	T2
245.7841599	438.7218027	127.8818007	1193.869809	0.825587994	1027.470337	3463.673682	T3
233.3226991	442.1907753	134.2393849	1217.855742	0.787572529	1006.237325	3452.400476	T3
230.8738642	469.5734375	136.5864203	1208.683513	0.794715159	986.2254881	3176.676804	T3
233.2942436	303.8665409	261.7790461	202.661594	0.474994346	378.3974833	1395.141516	T2
230.113669	314.9786518	264.5933873	208.7636616	0.257813303	406.817396	1543.897125	T2
35.53765025	31.00361454	25.92218041	11.63683089	0.370572288	105.1621388	614.7330949	Normal
597.7255712	308.3354348	255.8131516	442.6362498	1565.518601	401.1396241	1394.763494	D2
502.3080054	43.03508295	34.77697673	129.7285276	746.9790235	132.4983584	702.0280675	D1
248.5329154	440.6588117	138.0707855	1176.503952	0.788299973	992.5609826	3510.370203	T3
582.7316268	201.6226705	173.8517036	377.5074703	1576.981921	288.3133614	1158.388176	D2
667.5361483	72.57429497	53.1645877	153.1931626	784.2407766	142.8837744	701.1443702	D1
642.5353158	273.065097	221.9448275	414.2572304	1634.956924	353.2339196	1211.030978	D2
1334.489214	48.50774908	18.65754859	9.661564739	0.487048305	93.89356958	671.4038056	PD
880.6478698	39.87086341	24.72510221	13.96582066	0.266017348	113.6309344	654.5501432	PD
583.7617142	286.0416036	244.8692365	425.6474686	1489.81306	396.6956873	1389.899575	D2
451.9133361	254.3787889	213.5368809	323.2223832	1060.763589	343.0639455	1261.926338	D2
230.4610171	462.3925334	143.9578729	1200.969629	0.622015696	986.0646841	3413.941295	T3
712.8703528	63.94712284	40.42449661	163.8061071	877.6360064	117.4764892	670.5495393	D1
70.57499341	65.62755949	52.77128066	35.04966744	0.457076801	127.7204737	772.7307104	Normal
1440.470161	79.88202824	51.2061609	33.95084367	0.421233567	155.2285842	770.2328158	PD
239.8340808	460.9086526	143.6557722	1211.858185	0.787268081	982.5005529	3222.815422	T3
2176.571571	82.96828359	32.62620787	21.41016678	0.426225152	121.816647	666.4212855	PD
713.1012208	284.7729384	241.3903198	477.0579255	1925.792203	398.6192425	1401.903208	D2
29.67009867	26.63076524	17.60262477	5.400259179	0.287007309	110.5939262	638.7443968	Normal
479.6705235	91.02885024	66.194533	111.5110324	435.1086935	145.0286918	846.7670632	D1
234.898005	294.1230321	250.7286243	198.5313701	0.453100413	374.283334	1483.489197	T2
239.0806826	299.8130829	256.9973064	206.545248	0.192804815	370.658739	1461.804556	T2
41.10958856	22.51867253	20.52344304	5.660676848	0.44064215	86.54607712	681.9128735	Normal
1073.242766	57.83937871	35.43099906	181.7327809	1025.097734	115.5777019	651.9304379	D1
44.89330887	27.44977087	22.10512159	9.33063351	0.258313014	118.2376587	613.3774011	Normal
246.3929621	440.0740187	147.6874169	1167.867988	0.763833785	991.6310852	3426.461195	T3
2529.835661	86.51582058	33.95801336	21.64103358	0.261749328	127.7261257	700.8555569	PD
232.3250521	313.5364772	265.1550644	206.8727258	0.328540935	383.9405468	1372.117056	T2
416.484348	28.60579522	17.81635829	107.3962164	657.9684024	98.97272476	648.3860285	D1
239.3056977	30.85712296	21.32170653	11.59200789	0.354767134	92.99745353	706.8818053	PD
94.60761506	89.46014152	72.21316335	55.29551822	0.418423085	165.3287567	845.5679494	T1
245.6184459	301.8094099	251.6145126	208.9716709	0.280360094	401.5557879	1451.883037	T2
409.5982457	40.22552616	31.54260364	118.832012	711.2619428	129.3256608	664.5854668	D1
61.23566275	63.7769693	48.23904971	36.2191458	0.465116907	120.8424639	732.1838723	T1
32.3054618	24.97737183	16.86709819	6.478291841	0.26133909	90.28018026	609.5538991	Normal
69.59018887	68.95575204	61.12281631	36.15726595	0.295286963	156.5863723	836.2081731	Normal
1679.064783	69.85315373	37.07096381	19.00248735	0.454529014	106.0212041	731.0898744	PD
1105.548593	103.8947658	73.39942292	185.3089846	853.6694406	171.0738228	816.8603974	D1
233.5586921	318.5047632	261.5868856	209.3503763	0.417642453	372.4170621	1364.274647	T2
234.5616712	305.2949743	268.4717467	212.948764	0.479758842	404.5108684	1524.338446	T2
2240.476885	66.21733159	28.66710643	11.19969392	0.450523493	128.3128338	703.589938	PD
643.8110124	55.43800774	34.82497244	170.4034182	978.1978544	108.6434079	709.451399	D1
228.3536791	455.0612664	142.8322506	1184.232416	0.80361833	989.8550913	3576.141947	T3
232.9650468	321.643533	261.3582931	202.898129	0.406587558	373.1150558	1370.217152	T2
240.1343511	462.2128672	136.6227088	1232.970198	0.82326503	993.0549101	3495.643205	T3
383.2232918	189.2972153	159.7546743	270.2145626	942.4709768	269.3474838	1155.814957	D2
74.75724149	88.66372814	71.86260393	56.69068769	0.342098117	175.4395024	941.6626671	T1
231.351811	312.6688238	275.1402217	217.1069696	0.286429362	369.6057028	1394.086001	T2
252.1864617	311.623045	272.7628554	212.6830303	0.444920287	405.8560526	1463.603253	T2
47.83061853	25.67307123	16.98357243	6.371172909	0.377107302	94.75834421	598.769052	Normal
956.7970561	40.31055666	18.12641613	9.739302386	0.474176288	82.59593942	623.4832472	PD
624.9375316	217.7355	189.3419265	424.3670535	1839.879813	314.1576137	1212.336648	D2
1104.816675	111.7718426	75.00431789	233.0937182	1160.851491	159.5825534	817.5523489	D1
236.4087974	464.2372379	135.9950988	1208.936499	0.842233894	1014.316581	3184.696836	T3
1167.977314	69.57673945	44.96478258	29.94003177	0.306183144	120.2996684	723.7294107	PD
1502.110308	54.57919594	25.87466584	11.81007935	0.490985281	107.2412829	671.6233699	PD
68.46115628	59.00472912	52.9443274	34.33274213	0.354927134	158.3019575	701.1973578	T1
230.0728498	469.0919489	136.7634521	1186.056875	0.73039296	997.6959439	3473.407497	T3
558.3731353	275.3478205	236.6914415	411.4853044	1566.756081	355.6097514	1322.047712	D2
60.21089217	60.24946443	43.08369046	28.76796669	0.42499689	116.6512247	780.3289237	T1
72.71090542	76.48761104	62.14924628	46.61551552	0.473345624	157.1297324	838.1228393	T1
238.5627941	464.9539895	138.6193719	1226.635819	0.69585931	961.9507572	3518.782748	T3
53.53231231	50.74798879	36.56362856	24.55511607	0.254284586	124.7679069	676.4523498	Normal
29.95001823	27.80288356	21.08783319	8.007847345	0.351152204	108.9053214	665.4340327	Normal
1875.968975	61.1379712	25.97347358	14.97512195	0.427644342	90.5958081	697.0391105	PD
234.955549	484.6942354	144.6555454	1240.765065	0.717312321	971.648119	3564.968127	T3
75.66977891	68.31557796	58.35096199	44.63076204	0.20557668	132.4955724	780.1255697	T1
615.4056451	38.58556736	26.67088935	135.8348249	832.3440961	98.8574253	708.0260743	D1
395.5424019	251.9819294	210.8654231	292.9711361	827.7278348	319.6780224	1301.661075	D2
40.86249407	46.71153597	35.73660328	19.61124224	0.329937662	107.8823776	727.8942515	Normal
995.4784173	80.89006841	62.87843169	213.7196249	1071.368532	152.632604	715.1133819	D1
68.40243124	73.05570122	62.55374025	39.6026689	0.23641623	159.9255034	815.183814	Normal
2266.143371	102.0538632	52.17279363	36.57297847	0.410928265	141.9739076	756.3399779	PD
1094.892299	51.38832689	33.9885323	151.0590246	894.2045833	114.0442704	738.190384	D1
63.58725658	42.68095501	41.62712545	23.43776421	0.351591653	110.4472285	713.75989	Normal
476.9518081	189.091447	171.5012728	304.2160645	1286.285947	274.337122	1053.300772	D2
247.1039418	464.2642449	137.5843684	1237.325786	0.852905517	1081.666382	3393.233425	T3
235.4259269	313.8599791	264.084189	204.4965819	0.389555886	418.5928211	1446.62795	T2
214.5278178	314.8282166	255.4005391	206.8490543	0.387911101	394.4937038	1448.839316	T2
236.5883765	320.1142021	264.6078834	205.4844577	0.385409957	428.9452911	1352.630728	T2
2450.040836	74.46192015	34.55177864	17.06456687	0.231808453	96.69106475	620.9405051	PD
73.88314905	81.51420249	69.06293953	49.15878496	0.479413045	158.6837918	804.5010289	T1
32.32357088	20.93949697	15.08421058	9.040318898	0.354605846	101.4496839	620.3419637	Normal
30.90228718	21.13280027	22.01141009	6.29104974	0.311143788	104.7231139	665.2660456	Normal
39.11118933	26.21280041	18.13491171	9.947145733	0.366113751	111.4691055	645.2112695	Normal
57.65218146	36.71157229	33.60967745	17.4629233	0.441654516	96.45980473	637.5632848	Normal
620.6309354	286.9956939	223.8798202	413.6949621	1621.768399	365.9924039	1398.954992	D2
247.2081402	300.8505461	258.139744	202.5684206	0.248258789	416.5254742	1466.621431	T2
67.33518104	65.5986147	54.30595113	36.09469522	0.336011656	147.0596697	877.3873908	T1
59.4473286	42.87298417	33.7534687	21.03852454	0.476897202	117.4704976	743.46498	Normal
76.95893453	86.93068634	74.61399932	49.88940715	0.298164717	176.0390096	768.5952237	T1
985.4752531	75.61625655	52.61361411	181.1964819	929.6662942	159.3306277	805.5330882	D1
554.9561291	78.63874223	55.70360453	114.040761	556.1530403	125.7867793	788.5365639	D1
236.8698648	317.7423608	279.0889005	215.2604669	0.401337804	391.9237526	1389.077546	T2
625.1507085	63.34729574	52.30542312	29.53914974	0.32251944	132.369325	818.5018234	PD
846.8934167	76.94876549	50.49773802	126.6008961	585.4990699	133.6261786	699.2966115	D1
71.88978275	62.98803393	51.28846455	39.10807041	0.294201361	149.2786107	845.3801826	T1
431.9435555	49.26664355	34.49077965	17.58767721	0.324695876	108.3142089	753.5269884	PD
569.5372352	42.88944151	26.43240162	12.79248959	0.292600678	95.81760849	593.9872875	PD
93.62596647	93.75150105	80.33662185	54.1044983	0.353139534	158.180435	866.6719142	T1
53.70827185	36.18587819	33.41008784	14.30583234	0.336978096	113.9084929	676.6652715	Normal
44.69581646	24.28426632	20.76133731	6.180285224	0.286481587	93.82087751	684.4711132	Normal
676.5971165	278.0036392	254.7992905	472.1322685	1874.23938	389.5951808	1374.36799	D2
63.83599842	67.27358898	54.68557966	35.80690729	0.436584512	154.9354336	794.4088056	Normal
512.9227887	64.40790101	49.68207975	144.0460762	761.2852526	124.8309399	717.4439423	D1
1258.736324	69.11375744	38.33767528	20.47094223	0.338683271	134.4912049	656.8946696	PD
235.8664043	451.3400751	137.7090276	1229.404528	0.853455528	967.5364866	3325.168854	T3
50.65421133	51.04818848	38.18331914	22.04765398	0.246587025	119.6347989	745.4353526	Normal
755.3862666	52.12851028	33.76546888	21.09403724	0.366164831	116.1460564	704.1801032	PD
903.9395569	83.62786106	58.1132465	151.0126436	775.5498017	154.5609706	765.9444322	D1
643.5876797	213.5966025	184.9964591	418.5476335	1823.312187	300.0655294	1148.518073	D2
234.1745225	308.1557125	270.2091816	209.6465752	0.2311994	398.7517627	1373.604972	T2
65.8832822	57.66348804	45.74274823	30.92955539	0.352439998	129.9550636	755.7702158	T1
220.8617743	472.3364901	142.267931	1178.802971	0.925633456	1048.347001	3269.352581	T3
71.1652418	71.05892333	50.77092007	37.79680481	0.214039239	145.7806111	749.9769067	Normal
502.7012613	54.76441673	43.62607702	24.85357348	0.372944387	138.2615372	737.0237762	PD
596.8120947	35.2904084	18.79010827	6.376263315	0.339876225	102.2079197	574.5703386	PD
65.57404482	61.38724717	46.22962073	30.66566919	0.242332718	123.9418373	754.5099379	T1
248.5640616	313.9572837	252.1271564	206.3485835	0.242920518	394.3901122	1433.41516	T2
64.57580732	63.79685622	52.25127932	37.57518182	0.222757833	159.4345186	707.9282967	T1
571.1818446	76.19355111	63.54652664	151.8002429	718.0472489	156.1584667	756.3818548	D1
959.7298009	48.76123227	37.21830751	181.1366532	1101.785175	110.0207613	688.3153268	D1
230.1905817	307.2752065	261.1529742	208.6480371	0.362983858	420.9394555	1490.903286	T2
1077.01352	78.41058621	54.73536968	154.6436531	833.7598385	148.3754219	817.4319016	D1
67.81994512	64.45196664	55.93464144	35.68496698	0.439054084	150.9846179	720.8964944	Normal
60.28634316	51.25621739	50.52623506	34.15426785	0.260865232	125.2908488	766.313021	T1
49.93253406	39.1735669	30.14264546	20.24584575	0.43425982	101.5218907	644.0430575	Normal
64.63513748	63.45828435	51.74762587	37.90306529	0.471954855	141.1394678	718.5752352	T1
76.43449595	81.31754757	71.15377368	46.73684004	0.335135075	181.7484208	792.3545448	T1
691.0444746	298.5183038	252.7791287	493.0821884	1955.78897	374.3687101	1417.42271	D2
53.17738575	43.66659046	40.44176089	22.02989473	0.396264956	131.1026684	669.6901747	Normal
240.4727249	320.4023703	254.2953617	199.4105934	0.256964245	398.4637717	1446.93494	T2
517.1321862	214.3751944	184.8310777	357.2631351	1434.361939	325.7387119	1193.90194	D2
805.6276483	33.10166442	19.68642851	8.105270025	0.224117124	87.16536588	690.6067766	PD
614.1684078	233.2964499	187.2515625	419.1772643	1658.151403	317.5900775	1256.251244	D2
663.289242	68.76641052	45.79279839	33.12445711	0.209581471	155.5745638	805.9150783	PD
386.9902102	82.25747888	60.8809941	155.9778401	731.2939019	137.4602769	725.863118	D1
432.2445306	35.87491819	29.68326242	185.1516812	1200.499431	116.4721941	710.3319729	D1
249.8308	475.7748981	137.6340041	1230.174447	0.804199493	1047.644965	3394.517994	T3
232.7734758	461.37055	140.8188277	1183.458091	0.831017194	1044.793466	3306.521907	T3
344.5086466	46.86122576	32.15139008	16.92534789	0.209510176	122.8052356	739.918614	PD
2441.23665	60.48429137	28.13755991	11.49847653	0.290100006	92.04063366	663.8773484	PD
763.0889878	88.30399864	57.08706867	187.8578131	976.6419526	142.2569466	770.9705251	D1
31.40826107	22.80364796	23.27021375	9.08637196	0.211803648	90.55894459	609.4860157	Normal
45.47684227	22.4116974	19.2234134	7.51885461	0.432284425	110.7599846	724.7600485	Normal
533.8228652	35.75324055	30.54767361	131.5906218	785.8010034	119.6031041	746.5275158	D1
1885.800344	56.6926078	25.45687686	10.39604859	0.37734377	123.5354795	608.479381	PD
245.278553	317.5161339	261.1133295	212.0580542	0.260083705	394.9678565	1472.075304	T2
1100.433358	65.564328	34.54827856	27.26870658	0.498565766	145.2564442	715.7758121	PD
222.5209729	305.6788738	271.2331649	209.9638672	0.401552176	401.3835895	1446.719119	T2
678.3689607	60.13833768	46.81937003	102.1072174	507.4843406	122.2028875	723.9019216	D1
236.6255032	296.2053812	262.142409	216.3736869	0.280337408	411.8717613	1399.785195	T2
78.41045236	86.86235467	66.73137203	53.63860257	0.305792005	159.7468567	783.3503754	T1
252.4573814	456.6483716	139.1725343	1275.613162	0.720388387	978.8766943	3316.530817	T3
484.9371094	34.34782742	27.01827871	116.1849019	691.5927599	87.95967212	711.9793086	D1
472.5264192	215.2608398	182.999267	309.5750699	1189.130725	276.8734236	1211.698763	D2
669.1156976	235.0718807	212.6030562	463.9010997	2037.715832	318.3223079	1258.164406	D2
566.9245549	266.6579393	236.7130848	418.0455814	1474.798027	354.1161951	1410.190361	D2
629.3334463	220.0493779	186.5873148	425.2662774	1833.887625	306.0939524	1198.861585	D2
63.01235193	54.23338197	46.95985321	30.51968664	0.401872165	127.191567	779.3343114	T1
36.69307421	27.28920192	20.79042877	7.299123501	0.281171716	93.54920689	733.1530332	Normal
60.35574774	39.94278303	38.04759504	20.8218402	0.476669141	103.882131	678.7236321	Normal
468.2130627	275.9100417	234.4683006	332.771083	983.9146531	390.7407065	1231.911254	D2
52.02138318	35.09622285	33.77557892	15.16962538	0.397864389	103.8215792	680.4074271	Normal
1294.709507	80.78286523	54.42079586	35.43125709	0.453798243	139.7542108	808.2871988	PD
228.4492443	457.0089069	143.9087035	1191.329653	0.78843017	969.3231003	3368.771318	T3
59.40112957	59.53527481	46.83917089	34.55665442	0.388181955	150.5380264	790.9297998	T1
315.632059	56.38810535	39.72001145	23.78226961	0.282360469	122.6808052	730.0507587	PD
65.88550577	66.33444801	54.97546167	36.72691262	0.359823862	145.2576346	806.9373805	T1
232.2634249	453.4907069	138.3622286	1184.973072	0.625429773	965.4598256	3498.342571	T3
63.28246211	67.6719412	53.86600771	38.65927867	0.267265963	141.9732648	777.7375178	T1
71.25974927	65.54226893	51.23178445	35.7993591	0.413884016	121.7859538	752.0316612	T1
235.827037	310.5701602	260.4620371	210.0966505	0.40510463	409.1410244	1380.434448	T2
922.7033824	38.91188878	23.40473982	154.030007	984.2215498	87.87288452	670.198944	D1
50.7012004	46.82444715	42.94370824	25.6996046	0.284166019	129.9178421	662.3640522	Normal
45.12948575	39.36760361	30.95510559	19.38331802	0.408875611	112.2657801	686.7158347	Normal
549.0822183	206.5385225	168.8879342	379.5040109	1646.743296	280.4175987	1136.357037	D2
39.04566942	29.74065129	26.02044916	11.80503727	0.298488178	104.4777176	725.0057772	Normal
54.7175009	50.8561321	40.19976867	21.94653639	0.231910773	135.9394531	690.2513764	Normal
89.84410076	82.73597035	64.68812669	48.54993227	0.33569298	169.5266003	790.0242756	T1
61.65828536	65.40548942	50.05268861	34.0750535	0.452350295	132.9346786	735.4438757	T1
96.38972616	100.34057	82.43057989	60.40884667	0.4411949	172.4112651	795.6684247	T1
445.2386674	196.5473747	174.4537201	298.6349614	1184.148828	272.1348193	1198.49071	D2
990.7515395	94.97458999	70.31504394	148.1562539	685.3443905	166.1931414	855.3378442	D1
66.87017744	75.22052701	63.92485366	45.28017566	0.223103448	175.1293012	802.7841913	T1
247.2360895	452.666829	144.5345294	1180.973139	0.662416824	951.332093	3344.374391	T3
75.28319362	64.225222	52.02011834	35.73386407	0.436107239	128.3100135	864.501884	T1
235.0131457	295.9504669	259.03265	205.2247799	0.437752775	383.1389585	1457.80157	T2
53.18447367	47.68408833	33.02362426	25.30011919	0.350819317	111.3748362	704.6774857	Normal
241.6723852	294.2261036	267.2605075	211.9811918	0.387034002	398.5809268	1410.737966	T2
223.5491923	320.6085708	258.9926296	211.5435323	0.224357785	393.4891035	1413.704291	T2
43.87030372	22.78059376	19.55905978	6.247714352	0.296383537	84.83714467	664.5412096	Normal
1318.405592	48.07019739	14.22867129	10.10748523	0.427756179	102.0745615	683.3290373	PD
64.81180849	73.8569896	62.18805179	44.57749419	0.365365693	169.3529732	750.8372202	T1
825.3362738	56.74139297	37.72082014	161.3245464	914.308095	136.4170392	687.9542401	D1
75.09658404	80.46172579	71.82176214	49.26447901	0.218636519	173.3643098	757.6750511	T1
247.0929738	449.840751	134.0566263	1176.701832	0.694146423	1026.822284	3250.260769	T3
579.7033035	147.8451721	134.6820452	387.6131059	1895.160336	225.2983734	1040.627301	D2
687.3854496	65.7629838	50.15371363	170.9574749	962.0235548	144.2912251	825.0028287	D1
255.4910473	323.4655987	245.9320562	214.0898729	0.310940721	393.6042807	1393.633929	T2
71.45600764	59.39687182	49.83172264	31.61725747	0.278525151	143.0088174	738.2115598	T1
530.7807504	221.8343135	185.6058692	353.3560956	1443.626816	290.6880551	1132.508428	D2
1295.989994	50.41295311	22.99734313	9.984075152	0.217913311	99.92401962	656.3137678	PD
62.28313999	52.65820342	39.47040849	23.47286995	0.254191584	136.7204422	741.138149	Normal
541.6363063	29.35758884	19.51720374	6.550723619	0.346895824	120.5564672	599.4077058	PD
504.0487051	45.58972103	34.78470757	166.1270364	1009.123266	122.2832975	641.9609913	D1
459.0240044	198.1408604	184.5257404	310.8472433	1250.496836	287.5932146	1144.292382	D2
412.8797267	67.22949692	50.91707799	112.1682721	511.0607136	130.0782632	718.2096912	D1
624.9252817	256.4932696	210.9383671	437.8776972	1598.678189	331.1097307	1203.466776	D2
83.31971792	79.52388319	67.9815169	51.13321813	0.440533266	180.3425269	801.4458966	T1
29.86337769	20.58589717	22.07094977	5.634748625	0.421695195	100.3783826	735.8199059	Normal
609.4162136	324.6188854	248.6187111	461.7718189	1464.415014	412.4663503	1452.613663	D2
240.7007762	304.9310844	258.7602906	209.2650777	0.456949821	411.2045145	1463.058854	T2
66.96934378	66.14052162	55.26373727	33.13786073	0.296520281	165.0904285	836.2469931	Normal
36.3769651	23.25008949	15.65982351	6.466775053	0.337547125	86.99356213	619.0508521	Normal
50.04015073	34.83915157	23.76519498	12.41049854	0.234915407	95.58104931	624.4027834	Normal
748.665509	67.01871128	48.54299749	118.8249494	575.2583249	143.1184616	840.0282266	D1
41.17459691	24.16146964	23.3005166	7.188544627	0.436704607	80.45397794	673.2271893	Normal
1067.403537	45.47818923	26.59725858	155.5053346	930.8601085	109.5650191	634.0706915	D1
562.747824	28.74707894	23.13427524	115.8106311	772.3162864	112.1346039	669.5733195	D1
52.29539448	44.73180746	33.21096	18.82560489	0.445096416	100.2943126	690.8121215	Normal
232.0876401	455.7205082	138.7907866	1200.634149	0.623582857	1049.499067	3156.713662	T3
883.7277923	34.62110719	16.18229479	9.838163089	0.298119536	113.0848716	625.0225277	PD
63.97687883	51.22338868	45.58319686	25.48064345	0.378742075	134.8376118	828.8236031	Normal
1212.233702	39.21129293	17.06676368	6.25366267	0.297587257	79.90230747	707.5277515	PD
54.70608139	62.66587772	51.65981752	34.58440659	0.436517718	155.5106897	739.5843624	T1
226.7139727	324.2476863	262.7739461	214.0211113	0.464238338	399.8103002	1456.67237	T2
226.7778619	467.023264	135.7377084	1251.838188	0.641913028	1050.759666	3387.69004	T3
46.68961312	29.88708594	28.11194344	10.42226504	0.49592379	88.44741095	752.6707135	Normal
73.54734528	67.80909324	55.50569211	38.6417638	0.337011579	154.7419251	758.7577661	Normal
63.79016805	52.44077469	37.81802676	27.65383316	0.214954848	134.5344548	796.1116345	Normal
65.05099961	58.80075918	50.83667227	34.26101643	0.308092817	139.9961701	832.5916106	Normal
227.7608894	481.3599856	140.5478575	1180.909863	0.757242398	1009.469788	3488.038169	T3
1070.982213	44.41504063	28.59862088	170.9022276	1050.30617	119.6001249	656.5748573	D1
62.78086585	59.73015018	51.38761638	31.12396569	0.276832864	135.4957417	710.2476755	T1
226.1159407	305.2458426	250.1152644	217.2820156	0.311856126	387.4617267	1400.611716	T2
59.81291464	66.96513269	52.78383205	38.55927884	0.224112937	130.4429592	752.0896166	T1
38.84336415	23.92619986	21.24582924	6.687240146	0.375675107	116.177707	617.9936815	Normal
228.4386006	437.4752888	139.4898095	1230.941508	0.72277961	1018.321338	3475.062797	T3
1437.764662	90.78112694	50.03684583	37.54731701	0.508752257	150.0898207	738.5059641	PD
1554.228631	47.53957304	19.48849456	7.820926204	0.387413275	108.0220682	583.8906103	PD
236.5280387	472.1172012	133.2014804	1215.968731	0.766339266	1029.685445	3287.612456	T3
223.7190705	454.107252	142.9557971	1271.629893	0.736302537	982.611936	3394.991937	T3
455.3851955	24.70034731	25.10445594	7.182413273	0.420388762	110.4123978	712.8576784	PD
886.1823726	41.40510612	20.73018114	12.31410426	0.205914412	122.0630054	632.1687892	PD
391.6005485	55.63257317	48.90522299	26.41624821	0.40713145	115.2232791	725.6300985	PD
512.3036737	268.058734	212.1321432	351.1846061	1188.347228	338.2312572	1345.032969	D2
674.7564336	305.5896882	254.3987656	440.9176048	1747.692231	399.7474861	1408.364273	D2
34.36650453	20.59666266	22.24396851	7.364790232	0.357837012	99.89923852	692.5187297	Normal
221.2217605	309.4758491	252.1642477	212.5833731	0.424229681	413.1519229	1426.324914	T2
637.8472189	260.7173073	213.7700613	412.1060543	1673.588731	328.0817366	1269.921001	D2
678.6887345	49.99653878	37.99380476	137.3085601	703.8620685	135.5592881	678.1437306	D1
638.7525687	302.5877953	266.3145621	463.7740236	1610.504109	407.5654998	1509.592374	D2
640.8108232	89.44682982	70.48021068	153.971014	689.6155217	169.8516707	890.2763323	D1
1007.374064	62.78041105	38.85874655	19.67190535	0.229804695	137.5817574	639.6665748	PD
1981.470018	59.9492722	24.23825434	11.31652441	0.267659467	80.44786436	593.4560518	PD
63.74789646	52.86185519	41.53772989	22.81556467	0.402878478	129.7824783	765.9877514	T1
1375.435857	82.21654865	47.35528985	31.69512593	0.300517419	154.8723981	694.4336374	PD
1245.016278	46.83664534	20.74111051	9.556253076	0.259618771	96.9990601	648.2182451	PD
245.3187445	457.0859712	136.1184964	1230.168414	0.829284039	1030.511783	3380.543049	T3
311.4006402	40.01948057	36.14887326	120.7784856	655.2042153	111.7176416	796.9139652	D1
735.8654202	35.44349403	20.77523917	7.977192331	0.504957315	85.94799687	715.620267	PD
33.66797329	28.08115709	20.92489283	7.27658712	0.50202207	113.4320335	746.0176236	Normal
42.0937319	28.56117965	16.50441993	8.9564294	0.244507851	94.82589137	602.7959181	Normal
305.3718544	53.83617003	45.59804547	24.43812333	0.265987467	110.6329002	673.0516006	PD
241.823219	317.391126	264.8231003	197.9267759	0.216398048	408.213914	1397.612164	T2
2246.952575	57.53800599	16.2752141	5.386553289	0.355885005	116.8046427	652.725525	PD
235.850426	316.1434104	256.0775463	201.0976056	0.319510053	415.1408785	1510.109716	T2
382.2420177	36.08588411	25.02328013	10.96767056	0.206437999	89.60091138	709.2398917	PD
75.10186046	88.09242462	76.94978379	51.20387141	0.251378566	172.1260187	778.3009422	T1
68.39718105	49.81869572	47.55922709	25.99298653	0.440866703	141.3396429	699.1053171	T1
70.93231326	68.63808888	64.38057435	40.33920624	0.202840877	140.9256739	818.6960483	T1
38.39653923	21.00608675	18.15894189	9.372650651	0.464424831	102.1270738	659.7685254	Normal
237.8833485	457.7430517	143.6195747	1230.80818	0.927436734	1019.776465	3492.431376	T3
229.8102174	452.4823937	142.5459086	1171.968075	0.792961332	1043.623554	3256.363564	T3
72.56980081	70.19855255	66.14850968	45.03630042	0.199289327	162.3342302	718.4364271	Normal
696.560975	31.59092288	24.24631069	170.7810723	1117.603749	110.775122	681.8954554	D1
708.5657772	33.57102968	26.12603423	126.8099336	778.7061955	106.1482216	727.7386878	D1
231.2909957	473.3867533	143.7815929	1203.091644	0.871873288	991.8792022	3527.997339	T3
234.9036254	467.6096735	145.0100378	1168.492541	0.807772168	1021.252857	3324.871244	T3
238.7041244	453.8148048	148.0111853	1205.03168	0.660498324	1023.218869	3422.540959	T3
241.3188544	319.8341328	259.6562645	218.8903087	0.446990847	389.3268054	1482.230776	T2
75.61860198	73.41503513	57.74304527	41.85223186	0.461208365	133.2336517	908.1793182	T1
73.43410836	73.4965201	63.10309312	38.68970332	0.378499052	132.5063375	742.6843574	T1
30.29485804	21.30407729	16.41693023	8.941923361	0.395246435	109.3620113	641.2876651	Normal
437.4440325	255.6500328	212.7829474	311.0651039	981.6021122	338.7682361	1301.398595	D2
471.7126389	201.8572927	176.3132646	328.8961894	1276.095501	296.919392	1189.090136	D2
81.11554746	63.84245325	50.67924789	37.17575041	0.240173213	163.4906322	815.9601624	Normal
94.52481706	90.6464972	68.81524744	54.638927	0.306036779	159.771015	860.0548569	T1
228.9804205	309.8552625	254.4466678	207.9722304	0.434202505	415.7156581	1438.096634	T2
66.79199921	71.39101115	62.49020396	39.60032447	0.341683794	132.1732355	761.9626306	T1
241.8072176	314.2092104	266.7852837	205.5766913	0.302805078	386.6542904	1458.358227	T2
238.0127848	454.5883439	135.4603122	1253.64632	0.86621663	1013.356086	3502.679239	T3
525.7280807	277.6264702	233.528209	384.8002136	1218.963018	360.2760666	1306.103544	D2
1027.782515	62.03890182	41.8204162	28.38982335	0.252380485	113.5564914	716.0869999	PD
231.175558	315.0524452	248.1374924	211.4893979	0.34752925	410.0423959	1357.279458	T2
1692.804184	62.270959	31.87601159	17.82470095	0.504738849	132.6454329	692.1749987	PD
227.050713	326.8106871	263.9371575	210.3619569	0.436050529	408.4233134	1500.568706	T2
1134.95725	61.83657939	37.8289549	21.5797758	0.476916388	132.7979016	643.4944047	PD
58.39040434	51.04677417	44.42356215	23.46429285	0.479421181	136.683596	738.8018973	Normal
696.4486064	63.74730969	46.79849385	183.5653889	1024.427032	147.9722315	720.0992714	D1
681.9475731	53.49795155	43.48116704	23.79764242	0.248372224	149.8972278	706.6270998	PD
241.6319598	325.1022637	265.8356188	214.8411883	0.451474169	408.7101404	1524.360942	T2
669.6308341	253.1910562	205.5062345	438.078171	2092.41354	340.5884015	1219.196065	D2
46.98848023	19.78616799	15.04749463	10.47713213	0.373498448	113.2389612	637.8295167	Normal
1117.106516	99.7525139	67.1178352	180.8162651	934.5015201	178.9302898	791.1060276	D1
240.1458246	316.9244552	267.6744011	210.4645656	0.302298157	379.1206985	1433.778635	T2
228.9472715	455.6186284	144.7824845	1214.108698	0.793281015	1004.575347	3392.294596	T3
620.0868737	41.75888604	27.57612649	144.1496902	897.1544818	100.2528176	626.690807	D1
620.8252233	206.6260685	166.4724077	431.9681618	1819.497448	289.4212426	1049.778967	D2
321.8411871	36.19156374	25.6235431	13.51666122	0.220609913	91.66118034	660.2330784	PD
71.91383103	63.28422188	55.48179059	36.7507292	0.424759146	146.2896089	732.4918865	Normal
62.02267643	43.68784334	42.75950062	23.438205	0.255241219	129.0767382	773.3260697	T1
240.7570665	313.7729684	249.965473	210.6137103	0.429792564	423.2350482	1387.56404	T2
251.3134466	310.499823	262.6267828	198.5816359	0.403724785	397.9708068	1384.941753	T2
1157.641002	60.19211939	35.99258622	22.46947269	0.346319992	127.3735404	737.3413028	PD
49.57609384	45.92706411	30.36663656	21.62431983	0.477552422	124.9761494	705.3460049	Normal
1718.821228	45.20226154	14.65836443	6.569243635	0.385099901	101.1896508	586.6205962	PD
439.8065804	219.761502	173.9417051	318.4712093	1144.598646	284.0720634	1157.948842	D2
695.8292682	290.5339382	271.284146	480.9174076	1723.850281	395.3789911	1497.60031	D2
229.9814164	314.4988938	278.4450853	202.2508248	0.436576396	422.37371	1442.823873	T2
80.30191036	66.11503536	58.74751508	37.96741507	0.311226133	135.8790097	768.1589524	T1
234.3772032	314.8547405	257.3230372	202.7891324	0.47846277	390.8889104	1500.256756	T2
2192.274746	66.46854013	20.50153434	13.18471989	0.401692269	104.8784672	662.470419	PD
49.33715482	24.32601421	25.39507439	7.066376817	0.483973405	115.0571881	608.8662996	Normal
71.16194298	70.31765301	57.08701989	42.644676	0.323609799	135.4258231	812.0298732	T1
65.83056405	82.24973871	67.21259764	49.29197278	0.414005016	145.4892378	820.8113797	T1
247.0894147	482.4252635	136.2303483	1150.693593	0.851469287	974.5247219	3215.156684	T3
42.41067163	22.97200176	21.97727931	5.487773392	0.407655896	106.5789442	683.5604593	Normal
227.3784736	462.1530446	141.599201	1222.470563	0.617301202	985.0126002	3425.105622	T3
989.6847952	43.33966028	20.00593328	9.761469272	0.4628965	120.8092369	686.811162	PD
443.0541184	289.0645302	235.6849335	312.8806204	870.0099838	371.8138579	1363.456606	D2
531.6269876	216.783704	177.249097	351.3006	1408.748317	287.4853385	1232.357932	D2
71.13782615	63.98219288	47.68968564	35.03845384	0.253386345	136.1506057	649.261766	Normal
835.4497959	55.30493128	29.96829495	17.55664352	0.27532329	124.6556428	679.7657082	PD
70.73935141	72.39353102	64.63634878	45.43866855	0.331656353	139.9924586	765.2582518	T1
243.9046368	320.5305513	250.3314677	200.4034431	0.382501656	427.3952408	1447.863628	T2
236.9333534	319.9196809	255.4581834	201.6921532	0.261292154	400.4009609	1444.030194	T2
593.7765596	35.76348039	25.47937913	145.6496218	878.3318799	92.06756401	651.1808063	D1
226.7387373	301.4779739	252.9885516	203.7231851	0.436242478	386.9383727	1425.307105	T2
1037.733454	76.06951054	43.03271238	32.67332079	0.322134375	122.4860294	654.7080577	PD
243.7578138	304.9284164	272.6917535	215.9003327	0.273036879	391.2988206	1347.919693	T2
235.7261367	453.5779079	142.1848738	1223.42409	0.797108744	1007.35843	3274.48175	T3
94.9148332	93.62500554	80.1451641	57.06274373	0.373183743	178.4136461	872.4519983	T1
47.34670935	19.05369196	22.76830707	5.175447779	0.436483448	113.4275715	659.5095145	Normal
452.3496784	235.4241802	211.7815902	323.4137411	1061.925477	309.0366082	1286.852212	D2
81.79395765	78.00833356	57.37473218	44.66551943	0.245438556	173.6785047	878.9978097	T1
232.641431	453.2718092	141.7983736	1293.637251	0.62349017	1071.049836	3307.74681	T3
247.8237954	472.1045298	137.181988	1226.360424	0.877009775	976.7628893	3433.20088	T3
49.06569852	44.18851023	40.17618891	24.92021358	0.479687824	133.5170601	761.0598192	Normal
475.4593527	212.360789	172.773016	333.506581	1314.276321	281.6866867	1125.208073	D2
417.4276581	223.1286246	188.2736782	280.494665	969.7394945	320.6762635	1186.666977	D2
450.1086094	298.6044257	252.9498448	324.4629431	900.6731335	384.9955019	1505.705686	D2
490.9288296	232.1231556	201.2691757	356.257601	1367.191206	322.130217	1179.454301	D2
760.7757421	37.98554621	20.3977331	10.35680486	0.297700915	92.14810993	666.3038488	PD
1843.517673	51.11518407	18.36690922	6.767804768	0.265798634	91.26164593	611.983627	PD
41.7464424	28.55144388	17.1974521	8.032016017	0.38511058	105.2569465	674.0475729	Normal
449.1788425	207.8263491	160.7003999	277.0670629	1016.031446	300.9582411	1096.627218	D2
238.8054523	472.8511177	127.8609545	1269.934678	0.815476398	1044.632817	3433.238197	T3
87.47950791	80.305827	69.40925207	45.60964294	0.265437324	143.8688925	746.7208253	T1
404.7807699	206.0147526	176.3727307	275.5660494	892.5082848	302.4455456	1087.514056	D2
359.1688562	169.5856235	150.2460265	249.6789153	889.8159668	246.7396751	1090.073265	D2
466.5611655	37.89031902	27.80105546	12.35776528	0.391533085	93.30773182	602.2018508	PD
232.605467	303.3576732	258.1358228	213.5716223	0.497726822	411.6959661	1424.652121	T2
243.1261968	477.4278716	140.2910424	1193.454069	0.634603104	1020.291772	3301.151636	T3
236.9916498	313.3931261	261.984866	201.5930733	0.303833262	372.5784038	1429.517948	T2
569.0811668	212.9650135	186.8443185	384.0275874	1681.84176	280.3014915	1191.82298	D2
1963.122038	101.388636	60.99748473	39.69099312	0.479698312	150.403001	719.3347324	PD
63.52246441	57.38011574	42.521771	30.18948646	0.207119341	117.1616269	743.9072445	T1
85.69901008	89.59507524	81.20189875	56.8916932	0.335691189	190.3542695	845.7751891	T1
1532.103957	56.30958903	27.94874787	17.64560276	0.213462815	97.48121249	648.5195816	PD
233.0501057	306.4059905	262.9407919	199.3375446	0.276545036	407.2813971	1364.702044	T2
76.22738272	77.3077662	66.88128396	47.68114036	0.410769407	160.2490463	852.2575191	T1
77.86229062	82.2498428	69.20518216	49.47151101	0.357587647	160.9858494	749.5084342	T1
231.1610705	322.6021621	253.0777699	202.6026941	0.285769204	408.8642401	1459.513814	T2
449.6249445	79.81458875	63.80487616	189.5673923	1003.358589	138.5538294	741.3399607	D1
73.48432908	70.98238833	61.72376933	39.63990407	0.413153149	157.6119518	812.3818425	T1
514.1595138	145.2240348	125.4121808	325.8884742	1522.170098	217.3699155	1089.736284	D2
366.418474	50.32034993	39.36104176	172.9249407	1027.909931	126.3092	712.307334	D1
656.0417782	273.4541531	238.5371456	482.8629113	1852.364944	376.6567152	1429.473487	D2
321.1384339	62.65774713	49.86907271	122.7940188	623.9105088	145.2921906	681.5497119	D1
241.0504996	447.329925	143.5775612	1222.902198	0.83701863	1012.485967	3314.094642	T3
917.3992576	52.81053045	28.05276799	102.090619	566.9219165	105.3815739	734.0573861	D1
367.6746174	201.2636096	160.461882	240.8278489	821.9162039	277.4309865	1155.718261	D2
228.5360288	448.8633049	136.591626	1250.516363	0.868270605	998.1112255	3236.923718	T3
502.7887889	309.4899301	252.1619344	371.3933169	1088.356303	371.462713	1378.248718	D2
834.0674078	67.5488021	47.25768243	98.44874172	454.5973228	118.2982176	822.0960816	D1
244.5128575	460.8140892	146.3360778	1238.235228	0.725752811	1009.53209	3397.214942	T3
64.45167597	70.69996594	55.34632087	42.52084577	0.311349581	151.5846527	774.8851305	T1
44.35446824	24.75805499	18.06261796	7.689227405	0.471271099	81.91049915	706.1519527	Normal
894.1264667	96.14650045	63.88258997	119.3413319	467.5922217	140.0424038	736.3281146	D1
438.1322012	244.598498	197.5124308	303.7306016	998.7227156	356.0036271	1183.009553	D2
961.654117	81.22194918	52.02524443	179.3928847	921.2926889	154.5538004	794.1860413	D1
491.1370506	198.2843466	167.5126735	340.4826176	1478.335209	247.5184779	1087.934303	D2
45.44471334	43.27400309	41.31405421	21.44811816	0.245243955	136.1035652	627.2897104	Normal
68.35173471	51.60992702	40.02393228	28.93422136	0.271554311	116.1599153	733.8069422	Normal
596.8067854	76.78637753	63.39707715	142.6969979	666.008463	157.7195523	773.9630246	D1
243.2604768	295.1117543	282.6564278	197.8468672	0.209776147	391.5670065	1399.10833	T2
41.5817459	22.38878848	20.77069195	7.751051884	0.421719074	109.1527122	698.083982	Normal
238.9522288	307.5265278	253.2568745	200.0236835	0.245435534	393.6516277	1365.376774	T2
499.3353464	287.5448836	228.1221132	359.2683271	1140.251445	329.2777125	1411.471459	D2
2048.531724	91.38338902	46.95678197	30.34727183	0.438560152	153.4098714	771.6984146	PD
75.94952813	65.65895771	58.00272318	36.69375397	0.362323263	141.8529367	719.7185955	T1
236.9616586	461.0785018	141.2318615	1234.348243	0.861776117	1035.144793	3287.889736	T3
46.70417215	48.25069158	35.19216708	23.80043115	0.484579087	105.4415966	789.0721512	Normal
232.0967725	310.2183747	250.1431466	200.0606045	0.232617797	400.5776744	1381.594137	T2
85.45993755	91.02581065	81.16027382	56.90296662	0.433505884	170.7501229	803.62392	T1
238.0678372	326.1322807	262.0466854	201.372368	0.266368416	381.7411316	1474.510523	T2
231.7908109	314.375217	247.0969894	202.9660362	0.415079175	387.4201396	1416.218414	T2
712.7765319	57.05939078	43.06338011	23.08490961	0.413601222	142.7536395	710.4943751	PD
50.8263563	43.2481123	39.14330164	23.38756759	0.215641679	109.7099882	797.9219383	T1
211.0099978	67.31633506	51.50571431	35.95011022	0.435583945	141.0488793	755.3872576	PD
847.6962455	77.07325644	51.92326276	34.62254221	0.277514353	154.357627	831.8924988	PD
230.3654736	438.849542	141.8319822	1208.201429	0.858586536	999.4043664	3198.795121	T3
1354.025722	66.24313429	29.40592376	18.55028272	0.307548039	127.2740653	697.5098161	PD
34.5353023	30.56965397	30.6269565	11.87579969	0.369738048	122.2474647	721.1178364	Normal
2205.900449	58.31579288	17.27347205	5.246741826	0.26177971	107.0675411	613.3168966	PD
36.07650136	21.66313902	22.08740506	6.379094373	0.463073433	121.5735584	699.0561454	Normal
230.9991737	323.5340908	252.9701157	208.9730868	0.244297789	399.9541009	1358.333113	T2
45.43108783	20.71401627	21.84751856	7.577091141	0.447761093	96.60608052	724.5180792	Normal
559.9313175	51.6960495	37.30419548	23.75946208	0.398428137	122.3341765	714.1793978	PD
236.6381733	319.989474	252.9534148	219.0143285	0.3634668	373.3793955	1366.984932	T2
81.57428852	92.79903606	79.00622204	57.05244799	0.254665215	169.511807	919.0615338	T1
517.4781393	41.15284372	27.66878441	15.48338177	0.377373983	98.84816144	703.5208712	PD
62.49652535	69.34196075	56.20200013	41.14281232	0.362418263	165.2594309	785.9442216	T1
33.92950645	20.07214373	18.67618581	8.426635557	0.426638542	83.18795899	682.3257226	Normal
853.2651569	45.63125858	28.5214972	13.99041558	0.495646333	107.0293272	749.5743064	PD
219.6738825	318.4410524	268.8158529	202.6471507	0.454215113	428.0065613	1381.480801	T2
231.2750896	461.1925524	133.4848532	1207.899198	0.798187537	1019.257015	3499.479144	T3
225.2814786	313.7912327	273.3699394	211.9421328	0.266421526	392.276459	1496.664879	T2
62.87861247	58.96706857	43.9693797	28.07870362	0.28156402	110.7422827	705.5884998	T1
252.1920882	304.3842568	257.242885	202.0000342	0.397414791	389.1648903	1355.385087	T2
1091.230524	67.60378404	49.45308446	170.534971	932.9165512	137.6889903	815.3391025	D1
1116.255449	69.23629902	40.20019989	29.6814403	0.295058282	112.2507299	699.8497183	PD
218.7552349	316.7678291	266.7466439	198.1737726	0.224904791	376.9476757	1385.95276	T2
1987.86164	88.17795552	41.29741936	29.63072635	0.232931892	133.970252	717.6039105	PD
532.5197279	76.50382008	54.33033607	169.8184488	852.7305816	162.3911367	779.3364917	D1
41.6434213	22.69351626	15.22784275	4.987268171	0.42997206	112.0036072	604.1444794	Normal
251.2247414	455.8757985	149.075878	1216.332703	0.873913678	1028.085764	3451.397695	T3
337.1344025	74.61578037	61.57664916	155.4651423	739.520838	135.5545555	814.9236909	D1
245.1921807	296.3751939	256.4690654	207.3551833	0.461961892	404.873921	1456.77181	T2
230.2530971	307.4983333	275.0660703	200.9907486	0.441790954	396.175679	1431.18386	T2
227.7370031	318.1341017	251.7135096	200.0975307	0.405721959	388.1621117	1466.389652	T2
478.2876093	62.66671244	43.4405497	130.7805701	641.3548768	117.071005	762.0767393	D1
41.8996563	19.01048271	17.13268944	8.465311405	0.396125165	93.87245908	683.3012058	Normal
230.3183394	469.5909291	142.6363241	1215.775962	0.6798094	1022.562814	3330.543897	T3
54.68582186	49.30995182	38.89967927	24.6003612	0.428771223	123.6046628	725.1061191	T1
590.2879196	236.8349342	191.5714454	388.0876046	1657.003497	339.4173261	1234.350347	D2
83.69229081	97.45543256	79.58088561	55.12268275	0.2802971	155.2460229	832.4605528	T1
230.8419174	317.3048086	263.1307917	201.9939341	0.269274166	389.3928565	1443.287575	T2
401.806707	42.3923369	27.16683568	14.07023305	0.326405305	102.1954245	693.777268	PD
611.2515844	31.55585116	22.43235725	90.40778546	534.342107	104.7369773	609.6830059	D1
568.2457239	34.32402863	18.07658267	6.573044184	0.271735933	104.1168801	614.9301511	PD
565.4156619	209.0802593	181.4587728	378.2895913	1631.557335	302.9661444	1082.517592	D2
793.5700811	52.6743651	31.69512936	16.88318152	0.460246888	98.24102177	736.7011012	PD
583.5515589	87.51694246	65.25273825	166.0413686	824.9023733	158.5683114	901.2565235	D1
34.41060165	26.82146204	16.12688911	8.150087035	0.407641342	88.87008546	601.8164068	Normal
989.5123891	33.12201971	21.49568562	181.929782	1152.295169	82.19015962	617.5487455	D1
2007.453175	91.25954954	52.59910641	32.38766766	0.301966629	135.303268	710.7719521	PD
1481.684042	64.53954074	35.62673406	16.51909102	0.22064451	120.2218781	679.2980232	PD
637.3679079	81.66579288	60.98834581	185.8363199	897.5625272	175.7070285	850.69866	D1
241.0700429	306.8465092	266.830405	212.8726268	0.309648099	399.4973204	1533.892842	T2
243.2308699	439.2896976	140.7763206	1231.911399	0.784677834	1037.436145	3310.93311	T3
1887.592918	67.59137818	31.6709442	16.25018267	0.353522765	111.8153678	606.8777471	PD
235.8907094	429.4925659	138.4463052	1271.666594	0.849083703	1037.467403	3408.786705	T3
46.36175019	23.6256935	23.04818457	5.195368914	0.352441414	118.4635734	609.944398	Normal
370.9365043	25.63992204	16.96647354	6.690249777	0.343280575	98.87681781	738.6181125	PD
87.00188184	86.95948499	78.58001759	52.8858534	0.344254145	170.8795004	883.0137184	T1
288.6022212	48.08543693	37.58510646	94.29454254	449.8069785	108.6416891	713.0609178	D1
384.3249763	36.67901331	33.48332464	80.58328871	430.3685617	110.4945384	664.9324431	D1
234.5367263	456.6994195	132.249309	1226.327649	0.697087032	988.2311226	3364.716901	T3
498.9056059	160.7941311	139.1531571	331.6985887	1556.1861	243.4141371	1015.994226	D2
50.58731206	35.78830731	28.4200414	14.77795902	0.501646759	126.1878455	720.9155392	Normal
1911.843533	65.24915576	32.75755667	18.30315389	0.379832993	101.1661838	664.1303349	PD
781.0510916	69.01453303	48.9354396	179.6583114	1019.433601	164.6162304	687.0035342	D1
37.4091978	21.49813766	16.03971743	5.844298295	0.320162559	100.6219729	602.0228265	Normal
61.2119154	45.03430809	36.08683939	25.21843829	0.368769798	139.4557273	618.1845283	Normal
954.8252876	78.15107117	62.18757775	200.8850625	1047.508749	129.7889248	748.6220804	D1
64.86781511	47.92761263	41.52669385	23.92373353	0.335364363	124.0033321	684.8910789	Normal
228.0634993	468.7670482	137.618432	1245.211789	0.736536064	1006.087759	3378.833056	T3
974.2051737	85.98429891	54.94760229	39.82716425	0.310424337	140.1206764	715.0506352	PD
56.8012441	58.08191287	46.94025381	31.99042826	0.37693116	158.2124654	766.2513321	T1
71.20747447	66.0119714	50.31821329	34.19388993	0.247142655	143.6974458	735.0612413	Normal
233.6028162	446.685999	149.1594723	1203.416568	0.876244783	970.470681	3361.329279	T3
900.6342083	84.34798715	71.68473866	163.7374237	810.5550668	161.3147138	788.2161857	D1
227.0023673	310.8361214	262.9620826	209.6486141	0.260945105	384.5221305	1552.520998	T2
1376.655668	65.21406701	29.4298907	16.79417853	0.491463316	106.1510424	737.248314	PD
557.6590089	54.45516667	48.28516289	174.6984879	1023.766333	132.6714186	653.9079355	D1
242.0998932	310.6102227	251.8394535	213.1201179	0.37657582	421.4487126	1465.693103	T2
249.7650507	472.3078203	133.6487075	1234.968266	0.724687004	1003.747069	3424.937183	T3
699.7743546	97.1071416	63.60086822	187.0817447	931.6174089	165.9071753	894.9222031	D1
602.1783735	68.48954224	43.68390016	112.8049954	532.6289033	118.1106696	706.0236484	D1
862.0855543	71.66948543	45.63276824	123.2697528	587.3421851	132.3540931	828.6614688	D1
55.96293319	56.71014276	47.30543115	26.31435701	0.399105504	118.9204034	756.1145767	Normal
39.94225227	27.78689393	14.68855903	7.080739239	0.298745564	121.5305777	715.4510958	Normal
2222.124313	73.53710683	29.37500175	22.81051303	0.304193027	119.2330092	690.8059573	PD
80.97665036	107.038161	85.96275805	59.84939453	0.335559583	200.0468089	835.6814106	T1
254.3134581	324.046891	253.851425	197.3903077	0.260995413	406.2619921	1397.48633	T2
234.0126644	455.0365776	144.0604275	1221.065289	0.654101683	979.4592919	3518.872836	T3
538.8925752	44.01381316	26.00472456	96.01154053	532.2528888	103.6658733	696.0692664	D1
244.4683916	453.0049561	145.1222804	1193.892627	0.770112733	1037.60931	3491.913788	T3
228.3890895	470.3908716	141.9488476	1153.739346	0.842493754	974.6284266	3458.316762	T3
658.6858191	230.8982968	191.5705004	415.1026531	1924.186168	311.3417558	1190.302363	D2
1503.585268	74.49608661	33.75358449	24.47992835	0.432186198	126.6418785	663.5350052	PD
59.69140259	57.70975586	49.07617861	30.53621272	0.242146898	144.0935676	775.8615628	T1
231.3500909	450.6686484	138.5952316	1213.111257	0.810535035	1005.187358	3292.774233	T3
244.6499585	64.68598504	53.68001185	98.64344388	449.4465977	155.1225435	829.6539677	D1
537.258059	46.93126909	34.22854064	125.7481005	672.3996567	119.5848658	665.104991	D1
406.1529427	47.2953157	39.55711516	163.7416278	1014.092266	130.1141421	754.2473117	D1
755.9916714	85.23164341	60.67918966	159.8784647	783.0622411	174.6290016	909.8743791	D1
1045.176629	46.51952086	24.06136815	167.1707926	1013.29223	119.3186669	676.0460942	D1
1808.711692	58.21794053	20.97234245	12.55800661	0.364065843	107.4148936	595.9266803	PD
61.49649832	64.56368836	55.28041624	36.92930803	0.243727048	151.5786966	749.9579639	T1
242.3191563	316.4622366	251.6351889	218.3643523	0.324457513	422.294814	1454.306289	T2
426.8748189	59.44876012	47.50005972	109.6197932	538.1631652	153.564594	772.0344533	D1
551.2441404	70.47558355	54.86643141	157.0577192	834.3891716	156.0442025	843.2504217	D1
214.7346301	315.478897	273.7647197	211.4790752	0.460904616	390.2604834	1394.078195	T2
584.9457103	288.2097261	233.0071109	398.346537	1348.622588	380.9541574	1321.328536	D2
586.6592645	244.95256	202.7696919	404.9388782	1526.629962	349.8148668	1268.303866	D2
533.294579	180.0689718	159.3119978	346.044827	1442.310206	275.6177444	1170.232841	D2
235.9228145	311.0594635	267.8036795	209.9176019	0.290873654	403.652667	1508.11955	T2
352.3153773	33.51753172	17.94261718	6.884200205	0.241249664	94.50376649	691.4169188	PD
41.67938989	38.20974501	36.75100043	17.7662583	0.397252959	101.3326656	748.5488094	Normal
85.26991553	97.444512	78.97126602	55.44354852	0.259624774	160.421311	888.8772057	T1
238.0526178	310.9278668	250.9988713	208.9750395	0.254882578	428.1026108	1472.290669	T2
593.8399979	269.5830158	235.8882956	424.585225	1576.95804	374.496722	1434.456042	D2
600.1196559	40.89490523	20.60013127	139.2461146	807.3661762	118.8631143	625.8637801	D1
490.9001806	304.552015	255.6373352	342.9193419	1050.063807	376.2208782	1371.424068	D2
229.811864	449.0881604	134.7852092	1220.684674	0.632282661	1005.594866	3245.648335	T3
497.9919572	144.4204316	120.9018771	332.9897828	1622.116294	246.800292	930.6614784	D2
229.069329	306.4727709	259.3649264	205.2868572	0.275894573	425.6724179	1429.038443	T2
84.8329669	83.52606279	69.28723095	49.38680926	0.308698576	157.9361936	844.2876112	T1
44.12005423	41.01076669	36.02632346	18.37462965	0.329364427	119.4260977	710.4153659	Normal
644.2512394	33.14773405	17.23752696	120.5059787	758.6260899	96.04418007	642.4060524	D1
48.27599029	28.89934343	30.66321416	14.0991925	0.389378817	96.2379207	716.5460197	Normal
75.19786198	67.65092861	54.66883096	32.65438106	0.451371012	125.9786174	692.0364426	T1
37.11800868	23.3698686	19.01270369	5.618056766	0.439720685	91.88554706	714.7848551	Normal
238.6979325	475.0499584	133.0780615	1272.144106	0.700263863	979.3060075	3306.808486	T3
239.8641169	303.8823292	263.3274275	209.2867015	0.467045323	422.6733269	1471.868489	T2
1598.939845	59.76541605	28.84209686	9.771215698	0.204094381	91.31271069	724.545415	PD
220.2718801	309.0063113	266.5954595	210.1045036	0.363217632	398.4534507	1415.669322	T2
68.72661289	69.73112417	61.46495738	41.99458511	0.380926611	161.2110541	712.2853919	Normal
572.6867773	40.62623019	32.7437068	163.659772	1002.283374	118.8672801	711.3223941	D1
77.15849161	86.671918	76.51024248	52.51046219	0.347097379	162.1776213	838.4461059	T1
230.2758346	305.103039	269.7005142	208.3097042	0.498658619	404.5029382	1423.123864	T2
232.9739338	463.4405337	138.4888644	1202.39658	0.675463813	1015.646382	3531.417021	T3
937.3368091	48.75908132	32.22916332	119.4677963	725.6748787	110.2604112	676.9472073	D1
612.3496675	155.132496	135.873405	394.6635552	1924.087733	259.1828654	973.5554708	D2
239.1796345	473.2450079	136.5133122	1210.497273	0.825426956	992.2339531	3400.159104	T3
1035.590449	55.46571071	36.31531614	24.86745387	0.261335123	133.9818072	785.0481851	PD
1278.055672	48.82948897	25.53664641	11.85644134	0.479490399	91.80100965	716.5046145	PD
62.49700491	42.83935566	34.8964715	22.86836634	0.48902232	131.4267075	755.6814367	Normal
750.7268083	57.71552691	43.31435807	102.9565168	525.0708036	130.6354229	781.6293834	D1
33.35795978	22.25251273	20.53314447	5.274172137	0.367879712	88.47237238	631.4692909	Normal
233.7633763	305.2006129	257.4072898	207.6444645	0.470306939	396.3422885	1522.132565	T2
97.62318677	100.2313107	87.13266902	60.59780128	0.311156253	200.6300337	839.1893753	T1
234.7298429	326.8328057	260.1603356	210.7796923	0.217541512	434.8285227	1462.981359	T2
58.19993089	54.24441287	39.22417564	23.47610995	0.48024948	140.6512787	758.3992989	T1
876.020092	36.08898867	16.92909553	7.7735758	0.314924099	109.738827	583.3604399	PD
86.18967506	81.78751564	66.28716829	50.50954328	0.428666647	142.5281717	762.7120135	T1
855.8528532	38.07164148	31.26332583	142.0853224	813.6109387	85.77682761	686.7742286	D1
543.9054749	216.1251731	183.6771004	383.9064865	1632.600332	283.0977912	1160.899698	D2
1947.657217	58.00739098	15.37631869	8.634558291	0.485286039	104.6863044	627.8436696	PD
441.7049626	326.513473	251.4246474	393.1516345	866.5345005	444.5505416	1534.359709	D2
72.84666735	87.31573464	73.47303059	49.64918828	0.38278096	161.294938	768.2271597	T1
521.017283	42.06525273	32.20628652	149.8363811	852.1771327	127.0323459	639.2932574	D1
1662.536678	48.27040034	14.73432816	5.993618358	0.39687832	107.1663575	595.4522024	PD
242.7902409	460.0479423	147.0987644	1240.173495	0.64283321	1058.831412	3239.654494	T3
480.3368447	262.3418833	224.3807808	350.4889324	1230.141786	342.8498674	1356.933762	D2
70.76702064	67.39564056	57.43286554	30.99638904	0.270534167	143.8144167	758.5441419	T1
881.2055203	33.6919055	25.28980241	171.7549738	1060.277501	106.2351466	619.414484	D1
230.5115885	298.7078651	266.2353285	203.9041389	0.459652321	381.567812	1365.15422	T2
237.7064807	313.7641402	269.1555222	204.9641984	0.375192036	418.7905536	1421.338642	T2
1435.906643	68.85545366	36.64407063	18.29053548	0.496265745	127.1133195	764.7209322	PD
60.17304206	48.74384975	34.86852221	25.04682939	0.23358734	106.2181516	712.235757	Normal
1726.225244	48.62303644	22.13984399	7.54304019	0.513068969	86.2611	627.5471653	PD
232.9289638	445.55766	140.8462563	1186.431363	0.78363769	1029.62409	3234.93064	T3
523.648868	91.10079461	70.65107438	170.3852617	727.4936285	176.219247	793.7071839	D1
1960.028227	77.32043669	36.77267931	26.18488974	0.239912535	126.589978	754.7712516	PD
988.830795	57.7554113	42.75300868	195.7910566	1194.40816	135.1072083	740.3510221	D1
647.0252781	34.24528124	18.51928972	6.700718138	0.321692072	126.2534761	635.162355	PD
250.9728633	301.2500141	265.6097104	212.4621415	0.210429992	403.2479561	1433.392331	T2
64.81786006	50.9781002	39.82373323	29.05433216	0.337569114	149.5456106	766.6298537	Normal
230.65799	456.615635	142.964292	1254.768645	0.598156431	1027.212224	3440.753022	T3
1624.306084	67.9550532	35.00831523	20.85090281	0.469283107	107.2730114	678.2082793	PD
249.1228123	295.616928	266.1099462	199.1072479	0.484575786	371.7422125	1420.979284	T2
1862.161678	98.6022061	58.24494776	39.56905125	0.274065288	151.5269008	813.9088502	PD
29.02965095	21.03976509	23.68239256	8.732832268	0.320991092	107.7034729	619.8784251	Normal
219.0731733	314.486189	250.9321668	203.6815782	0.441990171	371.8225971	1470.825069	T2
446.0350725	209.9436833	173.5132436	305.0019869	1054.535587	298.4956655	1069.954466	D2
1800.389637	80.47931276	44.63071413	28.21115835	0.267803736	133.7977496	734.7035568	PD
68.61164235	69.73988138	62.39422775	42.80248877	0.336381742	163.8411656	796.5451436	T1
72.50491179	83.88051696	72.63092744	47.73587935	0.444285222	140.4021787	872.264212	T1
1934.26028	64.91897217	30.08448566	17.90342762	0.247307956	112.8008456	714.8873848	PD
635.1441169	247.2261059	211.8841801	453.5349163	1964.087088	324.0128725	1302.042193	D2
75.34510869	76.06261736	58.51364745	38.85352264	0.415195279	134.8221091	826.4310162	T1
77.69064903	91.99118222	78.03931779	50.65338042	0.450841188	163.8461072	914.2821173	T1
239.4799548	327.1564795	263.7118653	213.4865486	0.297547303	418.4829336	1473.68515	T2
230.7123745	313.6334878	266.0861885	200.3457722	0.278031886	375.2987452	1399.686137	T2
232.33416	305.3435872	265.1071686	210.6733157	0.283879112	389.1028959	1335.024632	T2
1979.810891	97.77666136	53.41596865	36.7127218	0.235247581	135.7961547	783.1843102	PD
223.5618105	308.5675889	243.532218	199.7863875	0.438847554	399.1389615	1339.081053	T2
233.8879152	321.9883009	256.1416219	198.7975921	0.497761444	400.5976868	1444.109381	T2
234.1237434	321.4613468	265.2650819	202.3864982	0.269562964	385.2034829	1385.832119	T2
610.6471071	289.1322953	254.433702	443.5325098	1596.633086	397.3509818	1487.25712	D2
78.83168472	95.53881357	80.45024813	57.96197295	0.413839379	182.5979733	905.3039017	T1
2284.87938	84.35076577	38.61324697	24.84416505	0.365217032	131.6259353	769.9198333	PD
244.984963	459.8980882	146.1901967	1172.312766	0.805600739	1008.374914	3352.709318	T3
503.5272695	212.3042285	177.1828738	343.43911	1365.051796	292.5919719	1211.187134	D2
235.3422613	459.7886747	140.9646289	1178.876087	0.856238727	965.7160744	3302.6958	T3
412.317647	199.0959802	167.6090506	290.4216175	1000.679241	305.241731	1070.492398	D2
649.0243201	41.76567275	29.83191153	116.7278636	683.9766413	111.8318504	735.2902234	D1
904.6658508	40.23565458	24.15020901	147.416794	920.782795	122.3816731	678.4351911	D1
767.6170286	52.43987643	34.23437772	170.257303	1017.017605	127.4838311	693.048983	D1
74.23057461	72.72503206	53.75597953	39.63732201	0.455977721	132.5006267	814.8528328	T1
236.1626554	450.2780275	140.492066	1194.96362	0.831879246	979.5173978	3430.816474	T3
382.2084072	96.32981638	84.04578224	183.7011087	783.3682267	189.5798555	897.7493684	D1
242.8081106	451.1867543	139.880056	1264.286538	0.827545655	1011.639094	3462.408743	T3
44.93942744	36.3244426	22.4690755	14.23807314	0.472100757	99.00650786	621.900071	Normal
41.05934266	25.78919658	22.37009412	5.397611948	0.331614394	111.53954	715.906096	Normal
534.9083563	138.5548357	107.962707	331.2506878	1784.871885	223.5025932	896.3271427	D2
228.4234885	450.7093696	125.9142911	1190.83731	0.791369601	1021.135861	3304.073429	T3
227.6795922	325.7788928	251.6242262	205.991171	0.368256071	388.4642725	1490.007628	T2
43.44249903	31.59756533	27.49636662	13.52570117	0.374306275	99.58813989	672.5944516	Normal
88.45984898	79.15339024	73.71939571	45.28963706	0.389516988	172.137431	856.1453569	T1
30.98382063	28.21955323	16.9253541	7.802619144	0.507020627	116.6121712	654.3052752	Normal
560.7749421	221.0767943	189.8378763	373.5445202	1590.751759	311.2307808	1238.562626	D2
245.0083866	461.5322341	143.4422739	1244.395042	0.902784207	980.9767274	3403.923352	T3
329.0139369	85.11288081	67.62303398	133.6750745	566.8662165	183.0852171	757.2116067	D1
852.78992	50.70849442	31.11477495	162.3001283	950.8413497	133.2574047	693.9506201	D1
1009.579797	68.97220641	51.00529675	116.4646198	513.0148144	141.5849845	789.7318777	D1
29.76052315	24.01151564	14.91859096	9.82673319	0.456574772	103.7682776	634.3849746	Normal
1842.188833	65.47728469	30.90018436	14.51776538	0.199506422	103.1776087	684.9521365	PD
1031.171684	98.99957879	78.12936364	230.1652552	1179.890919	156.6299574	829.682885	D1
221.8144474	464.9508509	144.6760273	1183.753325	0.834958811	1015.223388	3291.827978	T3
470.8949781	79.60311485	57.14585379	173.6815353	867.1590866	169.1512178	782.1610866	D1
595.9435959	64.12007552	42.25118109	209.7911186	1165.169916	143.5025754	723.6822774	D1
1549.097295	52.68812658	17.85152444	9.326311944	0.363329358	110.1724528	626.3572798	PD
71.39204544	62.82985324	48.33728928	34.07209187	0.463222218	127.2172924	754.0476428	T1
600.6679771	65.6426156	47.93055331	130.5053079	625.0643177	137.8474653	836.0517218	D1
245.6820367	450.1245589	134.4800093	1167.314314	0.873401832	1006.273749	3292.3817	T3
86.45173606	81.72673868	74.60919524	51.75152102	0.219677207	143.3215167	859.463925	T1
869.3703555	81.36307794	54.63388693	36.86638553	0.357619834	123.3847497	798.3196582	PD
234.9046391	320.0781232	272.9011676	197.0483381	0.32563206	412.4783227	1369.35791	T2
77.70984316	89.2743365	76.07072549	48.80780905	0.292250853	164.6076531	765.0624712	T1
464.0130213	75.6749361	54.93719896	213.952387	1218.069697	145.4856181	749.1460147	D1
484.963923	168.8544335	140.7893469	319.1048739	1371.513697	245.4026789	1056.799976	D2
671.5095815	34.5156168	16.54916711	183.2036927	1185.376982	107.3472527	669.9270921	D1
527.4422416	36.20922356	25.76641111	153.1869248	908.3422118	111.9675243	688.3736635	D1
237.1914805	465.7643416	138.6848837	1248.603578	0.778369463	1018.814802	3439.991409	T3
286.6173832	34.92792974	27.0980947	92.33411656	525.1427271	125.0485913	676.5634813	D1
1434.827811	46.50869165	19.01004227	8.482841823	0.38112309	101.4386185	610.5811893	PD
231.7807013	310.3493377	249.8433027	211.9110121	0.458421222	398.2581668	1496.547258	T2
237.2929347	303.7310578	269.8668146	204.5813146	0.245042774	370.179079	1501.760062	T2
242.4054775	457.9642775	128.2260649	1178.614368	0.811660315	939.5626297	3467.157722	T3
87.55395717	87.98685698	67.46058196	49.56489757	0.29781815	168.9310737	876.5559152	T1
1215.282346	84.81082498	55.04326837	215.8961886	1203.668837	146.0485728	786.3931416	D1
636.68652	235.5412521	197.2302615	425.6404803	1860.626896	309.6566151	1335.080522	D2
238.3369316	320.8966357	265.3197129	207.9353757	0.253160677	383.8133801	1513.476694	T2
611.2872148	202.119887	169.1407937	411.4020854	1885.143427	276.3009994	1219.400763	D2
528.5738605	310.1402929	252.2568465	388.5695901	1219.777576	369.081736	1341.067682	D2
664.2985912	224.0760434	177.4832647	442.8630508	2010.910968	329.4692881	1226.026073	D2
1037.015062	93.07384292	72.02764965	179.9320091	904.8413877	158.960882	831.5233581	D1
236.1637225	464.5296401	139.7971537	1175.631313	0.714351843	1005.470308	3500.66466	T3
942.2245581	86.24548087	63.98740244	201.3404192	1027.764056	154.4891891	771.8521867	D1
476.7155532	38.04749923	28.22019555	94.78860958	566.8736222	87.01629163	606.3169306	D1
64.97590583	64.07647133	56.42970676	39.13091276	0.325519573	166.2398018	814.2637775	T1
234.6656481	472.832439	135.9181935	1215.816158	0.655129888	1046.633578	3439.500417	T3
1458.98894	45.77870122	21.87501839	8.419651343	0.48998774	94.91557332	706.9583924	PD
404.510217	180.9156363	151.3848108	260.6668656	994.2493576	254.1620784	1037.635021	D2
530.214152	67.10663954	47.61865347	113.8261445	511.2700486	141.3725833	731.3846874	D1
530.1992878	161.1204645	136.8680174	345.7453207	1687.82541	260.0884822	1063.271712	D2
361.9403268	43.72621257	34.96243852	15.41246414	0.399856798	115.4542307	741.4214917	PD
319.3684141	21.94019295	16.96730123	96.63745131	620.4688209	115.8645581	640.0734251	D1
1355.176112	75.85509983	49.11950683	29.22941289	0.404964685	133.6668084	682.686089	PD
501.1451482	232.3839451	196.3520036	352.5160873	1209.219594	311.1348023	1263.096059	D2
467.1752103	183.0878035	151.8325559	319.666819	1339.458297	256.405712	1026.043809	D2
1464.707911	47.28774821	18.15490406	9.807069881	0.397020972	118.0412467	721.8021117	PD
633.6108146	259.1657367	208.6220248	440.395089	1711.53713	332.1704957	1292.120289	D2
370.8115558	36.17499773	29.75056885	187.5472806	1124.496477	117.642801	641.1670318	D1
60.93207175	66.33025061	56.09430189	33.07007442	0.430686425	153.8716	762.2060806	T1
235.182739	312.873484	259.7429055	208.2199653	0.477894931	395.0967621	1428.731094	T2
85.26532068	102.4260117	82.62354836	55.61457337	0.437398002	183.8875376	908.176376	T1
1411.067681	68.2056604	31.91617651	22.86942409	0.31451908	105.6599435	774.278158	PD
71.08786435	68.09069767	49.9138101	35.6718164	0.245768845	131.9065142	750.9348777	T1
234.3022756	463.5196545	139.0160973	1233.831046	0.72573937	978.3566289	3571.959203	T3
89.19805231	80.27766366	68.79916562	44.31239666	0.319252663	177.9575643	733.8013251	T1
237.8534714	305.8088797	264.4073081	204.675154	0.357996775	393.7253743	1545.770961	T2
239.6328363	310.5969569	268.1561023	202.918662	0.473990908	376.5718055	1480.158049	T2
1042.340802	71.06207009	44.18139779	143.1317988	727.5116558	137.9050239	755.504265	D1
1039.231304	36.21180907	22.05119606	167.541484	1047.514143	116.8739184	606.3157912	D1
618.8170081	45.01507258	34.64190891	95.81898402	513.8453928	136.3670504	609.927395	D1
635.8023375	49.70173184	33.91076313	15.30481609	0.250409318	125.8185021	675.5405538	PD
655.9254359	245.3857705	200.4254716	448.628563	1909.754411	323.0259383	1271.179252	D2
40.65092066	29.56680783	24.45502513	12.0562102	0.212796863	90.18172805	649.5657695	Normal
221.1220791	451.7051468	148.1685697	1221.995695	0.844617028	1033.149667	3384.558094	T3
448.6520959	155.5617941	128.224421	307.454932	1421.616076	227.6928473	1103.347971	D2
251.6677227	28.2679888	22.40646608	5.602564828	0.295819214	116.9209844	736.045694	PD
62.30237363	51.47995066	36.69796188	26.4302625	0.409661904	120.7995018	652.5652394	Normal
231.8134703	309.6104048	267.8365531	213.2494567	0.397159245	402.0455261	1515.254592	T2
632.5043559	37.90654995	22.39385515	82.26384092	478.4808292	113.9579562	628.4063527	D1
214.3290208	455.3360066	140.6691506	1202.000544	0.765116089	950.578942	3496.777528	T3
248.6107579	464.0212185	142.0110111	1220.607008	0.778788589	971.5349189	3372.607783	T3
245.8015713	310.6347692	256.995967	211.0708237	0.239684051	411.6047593	1493.628674	T2
1164.167064	40.66684458	16.22341175	6.039602193	0.368540794	108.9840664	728.5480998	PD
424.1906248	244.7794011	218.6697699	297.2889948	944.2112364	311.78251	1248.995949	D2
47.82145508	26.81178981	23.33881859	12.01250968	0.25919487	102.3486872	639.1772922	Normal
594.6638292	224.6315886	187.8682363	386.8142211	1689.928721	302.5057673	1169.129128	D2
76.26902288	64.40408157	52.15741035	39.99087052	0.371961802	128.7134404	804.8740393	T1
218.1622512	332.1428259	247.7890914	206.7548447	0.40860694	395.7044517	1436.339864	T2
1344.747118	42.15729258	23.18558934	7.178371089	0.4614076	98.66549336	600.7734021	PD
876.9286178	47.9635256	26.59089135	175.521876	1079.596917	120.4393828	646.0157769	D1
36.58453396	20.93121022	16.93445838	8.68180827	0.341491079	99.94240682	735.5113261	Normal
565.3327774	39.42718186	30.30677513	156.5475992	930.7782406	107.4603049	763.1739708	D1
243.08083	440.8307975	142.4219955	1200.758604	0.672116868	984.4781643	3421.362764	T3
246.2570032	308.0942585	253.474211	212.1813461	0.278069647	365.6864265	1442.773025	T2
876.9753235	35.1544175	22.86305383	144.7809304	932.6147212	88.29708173	649.0319381	D1
44.75848676	38.2875582	33.99569131	18.7797302	0.43933955	98.5790113	754.4943573	Normal
708.5306612	53.46719695	35.94426455	22.69326003	0.417062825	129.4293994	776.6978628	PD
43.93691796	20.67406302	19.82424075	5.048893187	0.37454209	111.3314815	624.5417303	Normal
61.76485201	56.39303929	47.04511538	30.06029726	0.52637402	112.4759698	760.7980511	T1
64.22720712	48.36941392	39.26650178	22.8396465	0.203594578	130.5917794	761.5032172	Normal
250.5743686	314.2563735	263.8193533	205.7840439	0.272356884	411.8801538	1511.632855	T2
1447.92435	82.26121197	47.27528578	33.78544827	0.316218544	157.8416859	805.2696997	PD
557.792284	312.1412887	256.9814296	421.0894602	1300.855734	390.678754	1445.177057	D2
232.9308564	321.1943113	254.9492016	205.7146167	0.479026303	396.9848835	1346.271809	T2
63.3789538	59.3522096	50.28911791	28.64819571	0.464423015	137.2915369	730.1577825	Normal
928.171691	94.68979944	65.36720988	204.940838	1051.573848	185.3711399	829.2996319	D1
638.1198129	161.7228168	126.2549535	401.4599653	1931.110741	257.4521996	961.8128817	D2
591.2336672	66.68056842	50.17744673	174.672291	1067.098471	129.562247	724.1374734	D1
639.4065998	310.9439837	255.743924	425.5973843	1522.547248	396.967386	1406.93685	D2
958.7855445	66.92132641	44.87637646	33.33068177	0.340067465	147.4948364	803.8178071	PD
91.41821532	94.48883931	77.74459492	52.73218155	0.438346591	160.7651789	853.8630142	T1
39.55559695	31.49216863	28.6029792	14.29568323	0.292524451	126.1414087	634.2855359	Normal
236.524733	310.9434956	257.3676412	203.7218888	0.295669275	416.6633149	1476.671996	T2
702.0252397	294.7752315	247.9458644	484.7447263	1992.215901	393.5847366	1375.320201	D2
55.09104481	64.26698597	57.1384828	32.66087872	0.306142673	157.1463543	765.804001	T1
1819.469718	48.50857419	14.9950564	8.458833475	0.384928271	84.24685188	734.8766367	PD
33.70068179	27.68005686	23.87853706	6.32243182	0.282727579	105.3140461	635.5453848	Normal
61.08131784	50.50746686	41.69045814	27.5086343	0.363611596	132.5866246	731.5428971	Normal
566.6063098	225.5764889	196.6891171	418.8482726	1602.29563	339.6590004	1153.982414	D2
247.1158225	466.8878291	144.1963724	1203.392613	0.704361682	990.0890762	3299.696725	T3
816.7278405	94.20598272	70.71600104	222.9131166	1179.580426	162.7718041	876.344121	D1
462.891502	197.4413935	159.0514549	306.3573276	1185.192535	265.3128702	1139.71837	D2
227.0290728	452.4185933	135.8174451	1137.596668	0.919166677	984.7338601	3417.145059	T3
57.51183825	66.57204691	51.27163872	34.95155796	0.379481886	144.192235	740.7930673	T1
46.41377832	29.90730801	22.95570737	11.0294212	0.454481335	93.42111257	678.3528825	Normal
412.3704291	200.3570931	169.9280906	280.9897718	1007.810722	272.0416258	1181.387204	D2
79.45153477	78.96537795	57.46404974	46.01197189	0.283955897	169.3292761	886.1678968	T1
63.65218371	54.14266006	42.80949885	27.81226527	0.293144064	144.2355321	745.2688662	T1
51.65410991	33.88358784	26.80356976	12.63607169	0.319337862	96.45480965	731.3702948	Normal
350.422784	59.8334058	51.55513209	132.6269164	706.2649307	157.6044902	775.1160241	D1
847.506962	65.39878499	40.33503723	141.7998428	786.8711986	130.906377	649.3804577	D1
227.9954103	307.9384223	250.9065219	202.9231102	0.362200157	396.2974777	1413.038883	T2
33.96779426	32.94180334	23.13413973	13.19611383	0.324729957	116.915689	637.5419225	Normal
53.70503171	58.54615659	51.0854029	29.61762722	0.334483053	128.9260958	832.0102398	T1
237.1055348	311.6241719	249.4705177	209.008191	0.417251417	373.0356306	1418.909681	T2
245.4600322	317.8565085	268.6702002	202.59001	0.228142276	391.4322052	1411.195257	T2
66.80383914	50.04594699	47.15165446	30.19496903	0.373682746	137.6623364	669.515678	T1
1937.865635	51.28179107	21.54714542	8.070724295	0.251075884	108.836261	680.8852474	PD
237.3616666	446.9239338	147.3716605	1191.691725	0.698875214	1042.491508	3489.153309	T3
2045.577519	59.01858767	14.99769371	9.126705184	0.470805193	111.1898903	637.0179665	PD
231.9298919	445.4429578	138.2918124	1234.48311	0.893199418	995.5352901	3390.565016	T3
65.81741053	64.75974023	50.85031838	32.79788349	0.467632737	128.4090228	768.0952038	T1
233.5857531	457.4732683	137.8272444	1208.932288	0.749049563	994.4163728	3412.751908	T3
250.557141	438.3028421	145.4098428	1179.550051	0.833914249	992.7862687	3352.656465	T3
248.5440851	469.2054385	143.1973129	1215.684216	0.790945651	977.8497107	3434.198321	T3
250.7015102	476.5094811	143.5992888	1162.027785	0.626114318	1041.201774	3348.112549	T3
1896.224974	86.68671597	49.33052144	32.33707003	0.435687453	155.3656638	725.8194724	PD
465.1949492	191.6216214	148.3793757	305.6620693	1304.257387	294.6327322	1078.022555	D2
233.5063735	312.2029662	253.6772327	205.0449211	0.407541443	372.5799739	1388.8924	T2
230.1572288	448.6609627	135.8615674	1245.870681	0.735049548	964.1015004	3442.819252	T3
230.6474065	318.5269145	256.5400025	201.278989	0.27627007	395.0658615	1417.381515	T2
230.4816545	470.456858	143.8572641	1224.236938	0.72336708	992.3305631	3356.219996	T3
2400.245734	63.19287304	17.41604137	11.02356863	0.428644485	123.2049843	643.016693	PD
526.909901	288.3649891	233.9519187	357.6550178	1226.73011	389.1895253	1370.304365	D2
32.04903218	25.90397968	23.37265546	7.378572496	0.266531839	113.4881037	655.7949073	Normal
239.7709665	450.0713964	140.5186106	1244.149244	0.761757395	991.194218	3471.962182	T3
237.7954986	457.2206554	138.953502	1243.912846	0.807697258	1011.561809	3395.258783	T3
223.5680051	315.3720798	258.2815079	209.837122	0.422701765	391.3351447	1370.24623	T2
752.2353963	33.3949641	16.62316021	83.50772781	525.3010942	86.39836513	644.0170914	D1
231.4422918	308.47279	266.5635599	200.534109	0.33909558	398.2382536	1459.591183	T2
313.703766	43.83585667	31.53895327	17.7821437	0.409369572	133.1661456	751.0182436	PD
1199.28885	48.58166865	18.76299455	9.819363455	0.484830861	81.48736031	693.0902088	PD
230.1097618	301.2077606	268.9788673	200.8431841	0.510352614	400.2887988	1389.303052	T2
64.87114937	52.74914973	48.92616942	32.24321951	0.337401404	124.4086113	710.8131763	Normal
587.3664352	29.47084425	18.89048448	5.246898192	0.290780167	110.0316687	627.0013155	PD
499.8519515	44.94640901	33.61234641	172.8672732	981.4512365	96.72209444	746.2330112	D1
196.8875239	40.02971468	31.29686514	14.11896302	0.24058855	106.6440288	681.0797811	PD
412.9849228	43.50924249	31.4689543	131.2903348	751.8949993	134.6710948	744.48468	D1
229.0247644	328.2367711	254.9967593	204.5516315	0.34099357	387.3315421	1488.392696	T2
242.484447	308.679706	250.9493342	207.2548445	0.456303661	388.9982751	1404.0543	T2
66.7106566	58.19336234	43.23213084	29.12033554	0.426421181	120.2409023	750.9997476	T1
421.4374196	35.94481423	27.27404242	135.1664514	781.6359846	135.5406894	730.0821984	D1
45.76396299	23.62702718	22.12674419	8.68690519	0.235626893	108.6184528	667.8723132	Normal
190.0553994	26.87058039	21.57637719	8.01547507	0.475685369	89.14932638	700.579111	PD
233.6122126	315.8531227	273.0549908	211.4487636	0.222641063	383.6431901	1466.201707	T2
239.0626605	466.5146345	138.8867068	1200.224617	0.610397104	1002.062017	3377.882535	T3
236.3801955	462.7856826	138.2392383	1213.175491	0.641617531	995.7498601	3610.263501	T3
244.394712	467.9897324	143.1163964	1264.40845	0.699764969	1015.938112	3331.020446	T3
245.9611531	439.04865	138.3492441	1298.880539	0.79936649	995.5420923	3494.981289	T3
2208.621219	98.77350773	56.6056053	36.09267687	0.288720455	160.8724883	732.0742465	PD
448.407469	232.9581172	195.6714812	303.7736015	1122.199659	302.0599748	1166.065006	D2
237.2834234	322.9124683	260.5976248	198.7624238	0.311052593	387.7600417	1458.460881	T2
502.3424846	272.469679	209.610526	347.8856792	1189.012813	341.0108504	1410.557301	D2
45.411132	47.92117979	32.79677326	24.32650272	0.247472513	117.4606018	700.7842423	Normal
256.7625498	304.2117379	259.4742772	199.6344242	0.196842526	421.9422465	1428.061905	T2
238.6351262	309.4380518	258.5367849	202.3202758	0.269448895	422.553209	1422.194659	T2
243.1348651	469.9355053	136.4910826	1178.870757	0.672350596	940.2650416	3240.391269	T3
974.2478525	95.53427696	74.09779777	182.7403189	822.2383288	152.1962073	864.8541959	D1
40.16357261	26.2735137	23.65140951	8.76835719	0.389850388	114.4996734	669.1101996	Normal
887.2869167	69.7271981	58.37605998	169.1811028	917.1727997	145.7548178	786.8369481	D1
446.7525183	226.8774853	188.9642272	307.1981871	1130.813332	308.0865902	1248.14271	D2
235.7007975	435.8388947	135.9975409	1258.564442	0.82726391	973.5911398	3522.498264	T3
585.1201072	152.6553769	134.4667409	382.7436752	1910.585066	241.5458781	955.6638171	D2
621.4492396	280.022969	231.0863993	435.0607836	1670.710048	387.7448283	1264.805358	D2
652.4333086	286.8977329	237.0861966	450.4432126	1653.581997	369.5379211	1384.226748	D2
63.62407397	66.05394254	60.17516687	36.58789698	0.395549279	145.9010399	774.0590976	T1
221.0627698	305.6432341	256.9004386	211.4962511	0.475971873	404.0220072	1401.862481	T2
63.94209505	69.78179875	54.72785454	35.75821263	0.504078434	132.386772	734.9949808	Normal
75.48044261	76.52410539	65.10290625	44.30197694	0.20056268	145.4488787	838.8704815	T1
561.919	81.90730042	64.70300809	156.1518996	738.0827678	154.7241803	818.3120993	D1
564.9945967	149.6787746	125.7264459	350.8700242	1835.078719	248.5920557	987.7798678	D2
1107.775916	71.36927552	44.70271459	131.9867124	703.6953912	111.8099059	736.5530594	D1
2223.052547	74.84287229	30.50545232	17.9812869	0.301459011	140.0483934	695.2124062	PD
32.03961522	24.44853952	20.59225134	5.453108974	0.466405924	98.51645211	638.5638672	Normal
697.4004331	42.85159182	31.73856907	141.5879237	807.9922699	136.4484962	739.5078937	D1
1023.101755	68.8918948	53.14694946	155.1536337	847.8313608	150.7556169	823.0037164	D1
2368.775306	84.13234125	43.14014482	21.20705115	0.212252587	144.7883459	764.9684745	PD
1930.936886	48.01552937	18.8294023	9.589229954	0.496245783	108.6876352	657.6585034	PD
421.5518055	44.77202904	29.6014042	16.51515031	0.491122952	94.80409253	663.1723168	PD
72.00945966	64.66985813	55.80349306	38.00127237	0.406427935	120.2248386	847.7380704	T1
1687.441945	63.35337222	29.42637131	16.79465881	0.358423385	125.7637631	652.6616334	PD
236.009425	314.2000227	256.8017109	214.3627081	0.379477976	405.8958277	1458.522612	T2
87.38848518	81.7312308	67.74560594	53.24821555	0.462214989	162.9155439	746.9638015	T1
623.2600877	206.8536608	176.2917571	421.0349909	1991.120479	267.657696	1076.741515	D2
628.373847	233.5589172	200.0826327	415.0960224	1820.669185	339.4428897	1360.242062	D2
240.4171427	458.5729031	136.0092644	1231.310147	0.676365204	974.7103905	3510.935866	T3
238.4262359	310.4185575	246.4107431	199.7934179	0.38692297	421.9053408	1418.775386	T2
233.3714994	321.9321367	260.4803054	200.0568887	0.488624464	404.3114127	1413.904237	T2
544.4347414	284.8985601	224.0662566	376.5396457	1424.877458	372.2479618	1318.744867	D2
63.21874202	58.1114791	56.34538178	34.05697922	0.500939057	137.3806862	697.2727992	T1
758.2253858	58.0921854	40.47741475	153.5049412	813.901084	131.5061946	703.1852266	D1
238.9225072	313.5870048	265.3677955	214.2142866	0.424129924	402.5330303	1390.275137	T2
521.9286572	36.50145764	29.03340346	84.25243633	498.7151684	101.8523447	623.6297464	D1
51.23952486	38.30655103	34.64635895	14.67701195	0.319270332	107.8285846	677.2806093	Normal
240.7019687	312.0294062	267.8825168	212.3055309	0.464586114	427.4651769	1441.466789	T2
52.45931364	31.7736255	34.69118593	18.91100157	0.470733632	106.5005827	651.8421147	Normal
928.2958795	95.24652778	68.11786595	138.0247093	652.6903138	138.7495378	749.4137259	D1
93.51467165	98.47616379	74.59388712	55.24382655	0.325269424	154.4804434	871.2500845	T1
329.4520791	69.79989451	51.18674859	33.68784383	0.363398076	145.454376	818.9147794	PD
671.1551663	79.58221853	63.50862904	232.1336715	1155.704544	175.5725185	841.9307414	D1
375.4694107	29.03015612	29.07321035	137.7432016	787.7191801	121.3506184	691.7002459	D1
52.7673537	34.64415616	24.50099808	15.2336453	0.363248517	113.2114363	750.9091242	Normal
240.0082599	317.668518	262.0862225	205.9574873	0.443945974	413.4799789	1372.466239	T2
1299.191506	71.15344086	43.05973936	29.11734622	0.2678803	124.9074546	662.3354265	PD
574.7735872	173.1305747	145.8495074	389.7796562	1762.128627	229.7295368	1013.123386	D2
435.7647792	216.8648848	188.4552593	293.2517102	1012.908587	285.6301149	1205.520116	D2
60.05224416	51.81258899	39.34074743	30.94207237	0.31660839	114.2789061	673.4263959	Normal
1975.328849	59.12711884	19.38672725	7.368790077	0.255580709	104.8240972	652.9514751	PD
1026.28714	39.03534328	20.37444183	7.804618197	0.371860733	106.4640554	591.1113752	PD
233.7103417	450.992053	136.9979904	1243.969723	0.621169011	1000.179707	3219.468476	T3
239.0624407	439.382257	139.0823209	1202.71592	0.888712541	995.8708769	3480.742067	T3
234.7038038	462.6264379	135.3680028	1193.885905	0.712870081	1017.436628	3386.396423	T3
325.1067528	34.57269939	16.44114984	8.540422237	0.282512048	88.25087581	673.987318	PD
222.6765428	471.6415657	142.7733466	1246.493438	0.836356645	1078.281018	3236.180278	T3
2046.609674	74.39612743	32.39083385	19.55780923	0.453705823	127.5615728	753.3560964	PD
236.3660773	458.7099177	141.8294031	1224.676819	0.67118144	1014.6937	3255.413663	T3
237.1053732	449.0419122	138.0626878	1205.057758	0.664447031	916.3922311	3469.681532	T3
44.93429631	35.03564504	36.06427335	18.30881503	0.426317924	111.0164021	761.4370847	Normal
1866.979159	60.01151823	29.79689128	17.63935413	0.443231325	116.4968648	651.605558	PD
46.83419118	43.16160816	34.28321891	16.95061557	0.349929984	113.2168725	695.9526543	Normal
44.61938151	21.06125928	19.41024995	6.650305515	0.493658001	91.38368626	635.2369244	Normal
36.00998791	25.91561206	14.44864814	6.410421447	0.202199662	86.18312154	659.7489389	Normal
219.317501	322.17149	263.3951031	219.2234654	0.233164332	385.7724769	1470.484172	T2
458.1926901	243.1689544	204.9129845	330.7120564	1106.586756	331.2094681	1251.303531	D2
775.153239	53.17869646	32.81577077	146.7529726	873.704021	100.3745598	646.5464151	D1
232.5839687	317.8667378	257.6120995	209.3752388	0.421900834	394.1250399	1459.435207	T2
51.3206444	25.01149765	28.0350095	11.27777947	0.396624105	116.2685926	646.1679276	Normal
643.0364634	34.15712192	20.57537786	177.9156699	1156.510242	109.6366466	677.8010957	D1
229.5684972	458.2056864	148.6426222	1180.414026	0.601800523	973.7871199	3383.454382	T3
36.92607858	31.2438738	27.3023492	10.45097059	0.42409519	120.387704	653.4740093	Normal
591.1108917	174.6271695	143.4164402	379.5043993	1830.155912	251.6745987	954.0896175	D2
42.39323197	26.14444685	19.85011657	6.854198725	0.327634245	106.6813064	651.3676114	Normal
215.0014257	458.3781552	139.0884703	1270.908805	0.662725654	980.799901	3369.351469	T3
64.30225384	59.79346959	45.63730581	32.14911359	0.366105738	148.4345956	756.8207554	T1
71.04036422	54.80072426	41.93829263	30.41479899	0.441044484	133.3382589	725.8221759	Normal
657.015033	228.5307553	191.0441184	418.5387751	1800.260396	334.7596961	1268.364028	D2
247.7107775	452.8096348	134.4029839	1185.679473	0.737071044	1004.10629	3227.256936	T3
392.8175122	31.80155994	22.95977974	77.4215268	466.1998151	101.2039497	605.7130273	D1
785.0439687	42.19052597	26.53308826	139.6700202	816.1739801	90.68758127	689.1931072	D1
511.8043873	175.1156142	137.2332957	343.1648257	1475.033175	264.059287	1029.618577	D2
416.0759634	103.7772054	74.9660674	191.474395	913.012889	158.2489227	916.4612323	D1
40.1327068	37.65765743	31.06742767	16.66963845	0.477867126	125.28999	732.3114535	Normal
75.19106667	69.95290014	58.46052957	40.21670133	0.398385452	152.0069451	778.0753006	T1
48.82191941	25.86950931	14.18035597	7.630953288	0.281598002	101.998371	631.1576602	Normal
477.2344602	69.00012389	46.96044217	116.93391	612.7758274	124.4479298	783.4899319	D1
236.7165273	315.4287893	260.8825453	209.8460071	0.2870832	399.9962703	1357.289662	T2
80.31454241	72.53425578	63.39155865	42.7824151	0.212366488	178.0761734	802.7755069	T1
226.3286295	451.7219427	139.6472686	1235.375034	0.790075449	1052.822914	3520.701744	T3
235.0114319	467.5900657	143.2744764	1165.947904	0.85162263	1005.364896	3442.294156	T3
63.17686845	45.2519868	34.08395067	24.12294172	0.248805413	133.106001	693.1455191	Normal
243.0313085	438.2470007	142.0502034	1228.448817	0.840011939	987.936945	3136.052233	T3
256.0236353	436.2804165	141.2831421	1206.91356	0.890549081	970.3148264	3364.648905	T3
565.0017766	86.12370434	67.53479883	206.7485255	980.204928	143.6141555	788.9050916	D1
227.9163292	318.5011727	255.5831355	202.4158164	0.32254041	406.5117063	1433.427499	T2
64.34226962	58.16403999	51.85779764	37.16825448	0.450627524	158.986866	807.7345832	T1
328.2937274	37.7215093	30.41100894	109.1199292	593.4175775	112.4216089	647.6925835	D1
238.4587083	444.2483207	147.5374311	1250.552519	0.897297887	990.2309458	3202.339216	T3
51.08034551	55.99639019	45.81178726	28.06283203	0.376664087	118.353433	716.7080286	T1
377.545324	37.31149264	34.61186269	89.3774881	524.2387497	129.9014159	721.3624404	D1
539.7602052	260.9464162	227.1261015	378.9380247	1333.45645	377.5860182	1318.687544	D2
679.6676833	311.7258698	253.9632703	468.9543058	1713.443469	400.5065101	1407.546124	D2
44.79787049	21.71927684	21.31449078	5.828332877	0.328339304	82.32405237	578.8630372	Normal
465.5445835	183.6782847	145.0863251	307.5349195	1351.112429	286.4757756	1086.104296	D2
428.4840439	91.21335325	77.42825645	170.8055066	786.5863341	166.7777204	793.2041679	D1
239.3796163	465.5435768	141.091344	1231.625646	0.9071282	1001.025195	3303.512467	T3
455.181817	83.30505109	62.6004082	189.139384	971.7577349	143.684402	751.2457362	D1
237.1763107	304.1876887	258.983376	203.7360967	0.430598092	395.6268826	1493.560202	T2
470.7925096	200.5775433	163.1355373	307.140047	1274.788191	271.4448394	1148.991504	D2
617.8326852	303.8487785	252.8243156	458.9005922	1638.111717	391.2928673	1363.124792	D2
414.5782077	55.46863905	42.74855187	108.4520548	544.8305515	137.8956473	776.010739	D1
47.54156223	39.92954971	33.10947042	19.19318606	0.292620312	125.0228685	781.5557931	Normal
234.5250302	467.2929658	138.1144418	1222.522128	0.89628443	996.2311279	3271.591383	T3
650.193652	106.9436627	76.06044135	155.4792654	687.3131053	176.2100305	903.4780607	D1
540.2084932	32.24152857	25.03516475	194.5791449	1206.951444	105.8068014	594.4695963	D1
242.0735839	461.2423964	134.9584346	1272.804714	0.841282345	974.9138022	3279.259092	T3
2207.519781	87.75811139	47.79954235	29.18838226	0.305824979	118.0913954	686.428989	PD
70.7965216	90.90538561	67.76980797	52.9967582	0.389641535	143.3917511	840.9488339	T1
30.48784337	21.12751295	22.02287484	6.976663992	0.399271692	84.40670287	731.9593497	Normal
41.1110719	20.81229418	16.93204518	7.975603608	0.268919801	88.41950774	688.501686	Normal
1042.035028	43.7746876	19.24176351	5.049514098	0.267865109	116.9068066	647.6187503	PD
60.75759649	59.62099319	52.74562623	34.60675264	0.419735623	130.3706457	712.5040257	T1
371.4585401	53.38694583	44.75948458	24.18321147	0.448287037	120.1369027	643.5219742	PD
247.4869185	309.381933	259.5705766	220.4396063	0.23441944	391.0606414	1494.977178	T2
237.0793495	302.2806246	248.3920952	209.0617332	0.346807561	416.0275838	1411.068408	T2
45.33467995	28.81536563	24.14372313	10.68321148	0.386343011	88.32949655	711.9944632	Normal
612.6665128	241.2949388	193.6696298	419.6515256	1764.9842	343.4827577	1262.005113	D2
66.70410543	68.35043618	62.41510291	39.17598782	0.434625471	134.2160711	742.8581533	T1
229.8130124	316.6811149	280.8247963	213.0582819	0.337828784	382.979173	1454.47473	T2
62.57805494	68.32680592	52.24008902	35.0202118	0.27504218	158.0223608	718.0973068	Normal
562.4409229	39.84349115	21.11770188	11.15203418	0.375587556	106.1749394	759.1171486	PD
516.6536171	94.29127289	69.80338486	130.0207065	475.9904562	166.8725327	855.7975447	D1
2134.131769	70.32310909	25.95620928	15.98920002	0.269503951	98.55657941	731.4790557	PD
229.0863874	453.4948643	137.5450032	1212.801284	0.772794394	1000.024764	3599.451117	T3
240.2125127	312.1611583	273.38569	208.2139131	0.294568641	394.7365498	1483.139984	T2
419.7140429	147.0810942	124.2059392	268.6286212	1135.319226	231.9954332	1008.305889	D2
30.57738902	26.73816218	23.31475458	9.145301966	0.394636688	120.7085594	560.2226793	Normal
236.6606938	321.601612	248.7012427	211.6029811	0.386696644	417.6990088	1475.109298	T2
236.637601	305.011718	247.4673202	209.7837248	0.300462109	386.8743373	1352.23535	T2
563.8788493	91.81378256	62.61525644	170.0944081	857.6255229	181.7068407	782.3382398	D1
487.9791393	59.33845425	41.66171803	31.68886781	0.289647157	136.0575294	739.0855174	PD
465.5646151	80.78344754	62.56612994	139.1544155	631.9725153	158.9593613	813.3481903	D1
249.8491403	312.3173155	252.1534642	201.1682279	0.337721713	372.2154131	1465.943786	T2
440.5110542	242.1495203	191.0707698	310.186019	1010.313679	337.8468621	1148.376017	D2
241.8961626	300.9744282	256.0070174	211.6219148	0.356398724	431.6719255	1367.920794	T2
484.4968131	80.72437162	62.37145995	117.8842049	519.474056	135.5453209	809.1675907	D1
705.1392657	52.12632204	33.61885478	131.9378429	736.1215696	125.8973669	752.6723477	D1
229.9948716	305.8179979	254.3706694	203.3236502	0.213829733	390.761478	1323.803061	T2
47.11388359	44.38015812	31.47370435	20.41697567	0.256641743	104.0723521	673.6455223	Normal
1653.719415	101.055291	60.81910124	38.113236	0.28849939	150.8612029	751.582468	PD
234.3774802	318.4110887	259.2392005	202.5473553	0.436606527	406.3913485	1455.594981	T2
234.8120261	465.7531725	138.4959606	1228.115505	0.880952843	984.0310845	3372.96295	T3
34.77148104	24.01020024	19.56611331	7.77091425	0.355869911	101.8653637	601.6214006	Normal
924.5904701	42.53539274	17.12241202	170.6230343	1061.372664	93.7605633	699.3738564	D1
515.8277868	280.8506834	242.3004291	376.8349128	1251.907885	380.0843551	1384.200639	D2
76.61123145	79.92178866	54.7761364	37.78693256	0.210215199	169.1263736	772.6567796	Normal
362.9262159	223.5545492	184.0667507	282.3320914	823.7263749	290.0926276	1163.177231	D2
660.189968	90.76753904	71.10326859	158.6731882	715.2933832	144.6443676	747.2662536	D1
249.1536404	321.6704261	267.6643792	207.1939434	0.354340255	421.686224	1440.821269	T2
49.28604493	26.17443744	21.23895136	9.153170487	0.217560818	98.59198062	634.1357526	Normal
73.37176726	68.00639746	51.48714986	37.83825324	0.316339373	129.321098	823.5815583	T1
43.92953313	28.75129405	25.45669551	10.47250733	0.467550349	110.4482985	641.0592283	Normal
354.981147	24.8259485	21.44738834	9.113543922	0.524483472	108.2869934	755.4144169	PD
238.2887944	426.9064739	142.6730307	1161.049747	0.648495676	975.4272784	3116.000205	T3
696.0062364	33.57597461	16.28865825	5.532587575	0.204428344	87.32264637	685.3917655	PD
94.13475435	93.26650791	76.4661173	55.69561192	0.429882788	164.0528851	874.587127	T1
51.13502796	45.69723643	39.03301318	21.69386384	0.287519235	106.8538558	732.9659287	Normal
490.31262	313.0246374	246.5270869	348.9012239	1015.126204	380.2585276	1368.032426	D2
446.0711348	46.21364469	33.78476459	137.1030014	746.4134327	113.998496	691.435022	D1
227.9906623	308.1581896	252.216098	206.2074392	0.336586506	380.2589673	1348.888379	T2
570.2700119	248.8310654	209.7266638	404.5394037	1596.41009	362.0467708	1126.751204	D2
1502.73363	51.12087894	22.26687958	8.997312595	0.379303514	103.9817015	591.190351	PD
1190.619493	75.30519024	41.54126952	30.33367436	0.306283134	133.4225168	719.9354392	PD
2222.03445	89.94582816	44.17282515	26.1723841	0.264918502	105.3222408	730.1253758	PD
250.102788	307.5829534	261.3092338	204.5864824	0.417534542	396.0841346	1434.641005	T2
52.62195145	34.97805565	29.4188432	16.43858884	0.322302004	126.8301538	709.5657386	Normal
49.19953797	35.4989499	27.15136044	12.71472317	0.286335786	115.5558468	719.5869646	Normal
242.5672157	479.646973	138.0017779	1201.608472	0.788077803	990.7593623	3361.776185	T3
58.82489836	65.62077797	57.68385791	39.97232924	0.212227657	158.9856807	714.6215918	Normal
80.78195562	84.84514841	70.24396737	47.61844064	0.302423417	165.7664284	902.6758286	T1
233.4539092	316.1527945	254.8884593	202.1431446	0.339639627	421.6183423	1560.568585	T2
343.2383701	37.62661216	28.60306181	15.30839833	0.288642046	101.1849508	641.7387257	PD
234.7698379	298.8748174	256.5081442	206.9206515	0.255789253	379.6382769	1441.331672	T2
535.1629402	28.87571699	17.33579604	192.5725568	1231.459797	106.1526032	714.442936	D1
61.07569262	56.65628933	42.81657952	27.32174291	0.297486008	142.2525674	753.554812	T1
1698.777226	63.21774287	27.85566224	19.70871445	0.215077345	93.52540406	674.7957192	PD
46.35629908	20.7392864	17.52400429	7.128379733	0.249770088	92.40644794	715.398262	Normal
230.7249715	322.570815	264.624577	212.7002714	0.409480435	402.6401949	1411.187196	T2
74.20832814	84.95758987	63.3762704	48.37600691	0.406344643	158.9340352	898.0308414	T1
238.5966153	463.5455107	140.435472	1223.321054	0.87226487	1040.102194	3238.387391	T3
920.4988466	61.7112399	42.84668129	201.3200634	1130.146329	117.4321428	821.0211623	D1
679.3673525	256.3698978	205.4378554	447.9968689	1920.814284	327.7038373	1192.641706	D2
805.9622593	49.59705315	34.64860199	189.4897765	1188.77926	99.84065963	645.8693722	D1
408.3984444	255.1197341	206.7791559	301.5266807	853.769069	332.939975	1217.030198	D2
54.62101482	45.8852002	42.29191654	24.36501824	0.354252317	121.1851463	711.873015	T1
56.66077596	50.55772618	41.93645652	25.73993643	0.465811429	149.3632498	815.9265455	T1
228.8743739	466.0568108	134.784091	1216.760874	0.688021764	983.0270511	3409.406066	T3
258.9680068	466.3986477	138.3691411	1190.673585	0.787679293	1016.822175	3386.236099	T3
233.4583872	311.4042373	271.8820297	210.5263594	0.22447338	389.9869415	1419.827073	T2
232.6077363	452.4503474	138.512117	1269.621682	0.851047289	1001.695584	3189.619996	T3
1855.249428	55.8028245	30.23411681	11.29649826	0.275225969	92.93482163	598.3639953	PD
243.0218732	443.192561	135.7196885	1218.755271	0.822885024	980.1397803	3344.812195	T3
629.3638526	281.2228883	228.9884842	434.6245439	1661.712683	349.9568944	1303.524926	D2
75.30772059	63.8262694	60.81165875	38.71690143	0.303463675	139.2521054	824.3636846	T1
242.4007877	315.0053942	271.222751	202.7381417	0.264930164	416.4855537	1422.053826	T2
2376.221983	65.11514708	15.87490559	6.023304232	0.442167453	104.2442496	600.0239723	PD
237.9606127	319.8373678	252.7762048	207.1122643	0.384911869	413.8758845	1430.100784	T2
1393.15105	74.53665238	40.15010277	28.02275543	0.35453061	143.5318802	771.9480207	PD
227.0482996	299.0093201	255.6846283	208.8998508	0.409720159	402.4363434	1486.810259	T2
595.1817804	88.57256784	69.045487	111.9094044	409.5988942	173.6078248	880.5061767	D1
41.20722135	24.13919876	20.13121589	6.595732846	0.223187384	103.156436	594.6366585	Normal
440.3331819	242.2675278	212.8107365	308.8337583	1061.048729	347.6843034	1239.149831	D2
237.7624123	302.1813394	250.4770353	213.4303922	0.314504493	371.7538255	1363.104269	T2
922.755635	89.06400122	74.58032451	207.1125208	1078.415573	145.592893	767.9327742	D1
78.14679647	64.85748423	56.11936018	41.97994705	0.403049153	160.3959949	773.354288	T1
1891.319764	82.18093725	42.35758617	31.80133982	0.403008144	137.1176655	754.2310448	PD
1149.228224	80.99888748	47.45379548	35.23527934	0.317977854	130.1213722	712.2132357	PD
35.10469995	22.39250696	19.02082541	9.461568951	0.216210005	93.26069192	681.5912198	Normal
236.1195815	304.9597226	264.0610851	209.4892111	0.331135238	389.9131149	1472.310232	T2
33.59286161	26.7425873	24.25422777	5.959806865	0.232471344	101.6337275	622.7884063	Normal
83.43921923	79.51038841	65.3066479	44.19206718	0.397313557	147.930013	729.7962676	T1
82.82380945	87.40397155	72.68382431	51.10786901	0.213521691	163.246596	827.7310592	T1
942.1320967	40.1033618	20.00111387	7.290706903	0.477527863	125.46152	675.1140283	PD
87.25204325	80.93278076	70.06759362	53.71845324	0.213912191	187.2116964	894.5833753	T1
1223.79484	45.8586707	19.98567033	6.10223467	0.390685084	83.11977658	581.1287289	PD
673.8598415	78.79274561	60.91418488	138.5913922	658.9084339	131.7134345	852.543492	D1
60.75243371	58.86968854	46.7408683	30.70184531	0.201355203	118.1917929	723.6503345	Normal
243.0101334	462.6503216	139.6287208	1253.418155	0.733839671	993.4384556	3363.533219	T3
221.9803454	314.3830869	258.0896029	206.9888311	0.472901818	389.7759135	1455.130906	T2
222.4174685	461.8376948	138.2921932	1199.00257	0.650256509	1032.307196	3331.989143	T3
607.3125957	81.55868949	54.00789962	137.8342861	660.9568553	155.637571	796.3874369	D1
231.7052103	315.331424	254.9517197	215.0927407	0.468379531	417.4302446	1431.669507	T2
802.1287306	30.78210592	23.58877791	128.9300669	845.6840275	110.2656735	633.8762812	D1
46.17044206	24.50969169	15.56462015	7.94339118	0.257982516	87.75528761	625.1381215	Normal
96.65445313	102.8444704	83.40958636	58.69169026	0.460945659	158.8616363	927.9901518	T1
232.2298505	302.4560993	257.117353	221.9448154	0.302116886	379.2071023	1409.094733	T2
323.4768447	50.04713879	44.60575664	144.73636	818.1651155	137.8788317	734.0114415	D1
397.9347169	29.26245451	23.27118328	188.9839088	1201.880727	110.2540447	577.2007701	D1
976.6711142	49.15312008	28.38757162	142.5961366	848.7116172	98.44997816	634.4601824	D1
660.9063239	251.253716	201.3772407	420.377655	1890.657486	326.0900484	1071.067429	D2
232.6284628	442.72588	143.8912131	1259.162108	0.700777287	961.0542989	3430.240069	T3
591.6513283	162.2100321	128.4988262	372.0064596	1836.472619	229.4753876	1032.730751	D2
237.3214671	455.7439577	136.9681347	1140.280736	0.635203338	993.6404821	3448.982212	T3
236.0302854	464.9407438	144.3371862	1222.211689	0.827199881	1019.975248	3342.787089	T3
238.1664688	313.5117559	267.8431845	208.7739766	0.48754847	377.4533894	1381.428997	T2
57.58349621	42.9701978	32.07253902	19.57831242	0.236847146	135.0277658	730.614941	Normal
32.5135406	20.70386072	17.09080435	5.397968717	0.491441168	114.5404669	577.9185033	Normal
610.6154123	236.1642144	183.1343517	406.1647367	1767.694759	304.2024881	1224.165767	D2
826.5635227	54.22049236	35.84094253	158.3711958	883.7512041	108.7725287	742.8363077	D1
233.7177601	462.1054377	142.9436677	1175.269198	0.660746503	1004.151792	3324.640445	T3
1678.050408	61.56456584	29.31389149	11.66576462	0.363904449	121.1416526	735.3882579	PD
237.3943561	457.5561788	145.3599964	1211.920137	0.604996533	980.30929	3549.60293	T3
911.1023038	42.05778483	18.83783179	7.258258162	0.438539015	106.4246598	738.0888493	PD
241.8210249	294.8903912	260.2668922	212.9850248	0.226576103	412.7013949	1416.944849	T2
821.2163634	45.61940829	28.092072	190.2356966	1148.985192	134.9996012	662.3440959	D1
236.303791	473.8531695	129.8742327	1179.57402	0.834911864	955.0864277	3344.717338	T3
238.8239528	460.6119063	139.991468	1202.944915	0.874929854	1005.139199	3245.261162	T3
236.8928423	459.8748141	141.0283869	1179.787148	0.742431673	1010.811173	3482.852037	T3
74.11967509	75.90677738	70.03149821	46.14094006	0.480816197	162.1645153	809.30346	T1
423.6037885	286.6745693	230.5345325	297.4822989	856.0516283	367.5818732	1334.11415	D2
254.9323678	445.9783294	138.1961661	1268.644945	0.808495269	947.6983905	3473.10305	T3
622.8524551	176.148974	153.7632958	430.9556241	2095.205468	275.2322419	1066.90019	D2
83.75493819	85.11953059	70.57516293	44.54274067	0.2593669	150.4960984	871.943795	T1
1272.286406	56.74190305	28.24047197	16.01378796	0.468971874	119.3461952	694.1753779	PD
499.4081662	244.1631154	203.4193135	351.1555615	1226.8439	312.8023712	1222.313385	D2
234.8783738	454.5629845	140.7920736	1260.21916	0.863196187	993.970584	3269.375792	T3
236.9813995	447.3668712	143.2471826	1240.725033	0.894397673	980.9093517	3395.257978	T3
678.5982139	258.6388477	206.7195052	447.4614848	2017.592761	341.5658646	1270.842965	D2
55.21216215	55.05874682	47.76707983	34.39809011	0.322630943	126.6921354	823.1434777	T1
819.8634489	60.59925732	32.81921099	21.56005007	0.382378596	133.2843069	665.9624744	PD
2165.323297	63.44903532	23.90615789	9.980546303	0.334289521	105.4568004	675.6125826	PD
923.9127983	52.88619594	31.08538352	147.308598	873.7469864	106.794999	645.1905178	D1
237.8145771	450.4413011	137.5020245	1211.356637	0.673236992	1004.797586	3329.08704	T3
250.4670049	467.5547795	141.6373775	1222.453807	0.7966894	957.2252021	3390.559988	T3
71.44824292	60.78527661	50.44756923	36.17626526	0.263187943	141.0811859	775.6227519	T1
412.8819953	189.5942894	164.8831967	277.7504164	1061.569284	276.5864236	1095.113549	D2
481.1476877	94.48220298	69.58885767	165.4236904	751.9682017	153.9664378	728.3161375	D1
238.3640417	475.5760478	135.4392808	1286.526837	0.850107264	979.9943791	3426.978917	T3
236.0903959	319.7181032	262.0088828	204.3389621	0.462656652	403.9432326	1388.349333	T2
61.71195983	58.58948891	50.14828333	33.00844344	0.34240803	153.9204088	813.0860765	Normal
35.57172705	23.65821208	25.60914083	7.486982312	0.246054906	121.2001635	626.754089	Normal
516.7081883	319.2014784	250.7368149	400.5607274	1184.612713	402.0030372	1438.632545	D2
772.1155136	40.04367093	28.58410498	11.36872626	0.359028891	110.8782702	700.9148976	PD
70.86143002	62.58264697	46.48633126	32.09033555	0.434306395	127.7886442	730.2247691	T1
231.5532701	319.406911	265.1267104	203.0955024	0.457669104	414.399721	1442.652687	T2
237.2911649	450.3120956	137.8109836	1198.727351	0.838824825	965.7381989	3137.577149	T3
229.4555484	472.3811633	140.640544	1241.445315	0.713834943	1027.187879	3443.63018	T3
245.9682073	320.9358644	258.44846	203.5568203	0.451743898	401.8190073	1377.980771	T2
68.82872071	75.81694937	60.47200074	39.92177679	0.476138965	157.5939161	716.6094643	T1
37.97529282	28.38907188	17.01094309	9.726921403	0.440802766	101.7573398	685.5911532	Normal
77.45681288	88.90005625	76.34172863	53.30107623	0.383126852	174.1170198	824.8344594	T1
454.0018304	221.8505862	180.8834499	294.1069383	1065.017681	309.5464277	1176.283565	D2
249.0778702	322.5665402	257.1347759	208.1078807	0.421174172	424.3451857	1417.298662	T2
242.5394351	464.3036117	145.3230625	1174.152516	0.827168048	998.9097195	3453.391405	T3
71.1446029	75.01239723	52.41319446	40.64266822	0.38685895	148.5425501	835.3579594	T1
240.9357672	298.1591942	253.780661	207.7936135	0.416268236	366.847958	1410.752128	T2
404.0493636	196.8915063	160.5421437	280.1898334	1053.335265	281.5555362	1138.289867	D2
239.6437574	447.2870091	137.9577648	1166.356335	0.875409945	1014.597958	3331.654505	T3
231.2948388	464.7390259	137.557343	1195.978278	0.641446955	995.2731852	3373.733814	T3
629.2693907	287.5391418	233.3471778	420.8737385	1595.685843	372.209406	1325.732922	D2
217.7975839	312.6508195	249.7997375	205.5881725	0.215667845	405.9736334	1430.084815	T2
230.7032067	302.6230619	253.9164858	217.010854	0.271831781	415.5083298	1413.078391	T2
231.3250782	467.8042797	145.3460612	1201.655536	0.672370802	1007.817417	3352.615503	T3
245.9766208	447.7179464	155.5033796	1228.014816	0.859263742	949.3228565	3405.207915	T3
72.06833826	66.51301916	61.05896687	37.0256432	0.32122924	150.875287	822.1720911	T1
73.41063982	94.8704313	69.62361537	50.00624166	0.464556542	162.2813405	847.8145557	T1
251.1942362	439.1223547	138.5284369	1159.72439	0.791048981	1053.488634	3340.283523	T3
402.2125302	181.381156	151.8577604	271.3792538	1008.575193	272.255769	1057.895789	D2
1676.57342	48.53390834	19.87435628	11.22937462	0.268304735	85.84144368	604.7466042	PD
801.6705305	46.7300154	27.60353473	12.04280704	0.309019342	130.7228158	766.8904242	PD
76.67405678	70.74008049	61.34090779	43.19103571	0.416258944	167.234911	759.4094705	Normal
33.80072396	25.24601549	21.45234324	10.56611284	0.330323886	120.4089165	658.7636962	Normal
227.2478843	444.0897807	130.7635806	1171.406501	0.80932378	1024.939428	3431.318573	T3
226.8748677	292.0406276	253.9098603	199.5160206	0.244063463	407.880132	1421.358012	T2
55.26371483	43.08889029	34.64516461	22.68332561	0.224173514	138.8613569	687.5178543	Normal
239.3928925	477.1720339	135.2752857	1223.869421	0.692826519	959.6171921	3277.22942	T3
71.81880075	62.27176983	57.98911952	38.25882116	0.236150103	147.1340136	741.3809431	T1
644.215509	72.09036543	56.42918144	33.2735124	0.295507426	155.4882894	693.2278034	PD
636.2293969	34.8878808	27.16942969	149.9173701	926.0561383	87.32332904	677.5139049	D1
495.5000086	58.8634911	38.68393278	22.88698424	0.42154861	137.3584147	721.7477188	PD
78.8891783	75.07305496	66.23225917	42.67476749	0.437080453	170.0223413	871.2049118	T1
63.71766467	76.89903352	64.68959488	41.78497327	0.269576918	160.0665037	719.7461777	T1
43.90623309	26.79018246	16.0736667	9.312065438	0.38195959	114.8812479	582.0126043	Normal
688.9164746	59.30141155	35.88386411	200.8450533	1132.363937	138.4063021	689.5737668	D1
537.4205694	59.29593734	49.19545681	205.3092122	1108.108873	146.0213525	707.1136267	D1
80.44837827	88.8984735	73.0983107	47.33934922	0.372293569	165.4875623	788.7997147	T1
245.1705919	463.7232529	142.4362569	1258.940286	0.892305879	965.3147199	3360.510363	T3
248.4698917	46.18344289	33.95103049	20.77041005	0.415780569	125.8899993	627.6823984	PD
636.4638439	258.6755515	210.0247973	420.3395642	1714.86319	341.8532995	1249.675407	D2
2356.089271	100.9054391	51.89683734	35.76836789	0.482469308	120.871292	830.6033609	PD
228.6153427	464.427661	138.0836846	1186.120504	0.739647085	1003.26709	3500.936867	T3
76.46883819	73.49319047	65.66443924	46.08891452	0.248300556	163.1352898	754.1580508	T1
678.3663133	106.8777123	79.61510281	156.4346439	650.5315813	182.9911096	806.9946668	D1
38.37294877	21.1804951	17.30944164	5.89092132	0.474983585	82.02556094	698.8839248	Normal
242.8614791	467.1870664	143.4551819	1156.328031	0.852142974	971.9626611	3274.900545	T3
261.7646598	458.2079192	132.4501788	1166.497358	0.646834202	963.5531477	3387.355363	T3
236.024325	324.3773443	257.1056294	207.952224	0.424869774	391.2460519	1568.89124	T2
340.3884695	36.15638594	30.3837807	77.97974072	455.0000322	99.91324574	721.3864321	D1
57.22090511	55.97006657	36.15193397	25.72330357	0.492754716	140.6007491	706.3520076	Normal
653.6417805	238.1249376	189.1506429	443.0659967	1907.229503	318.7544126	1247.863143	D2
625.0868169	299.4670249	247.9554627	441.0734331	1599.131151	415.0618084	1423.945108	D2
226.8437842	446.1560236	146.6496636	1245.034507	0.606680201	964.5529637	3516.118178	T3
60.54121395	67.83050425	53.96473542	32.91128691	0.473547436	144.8689195	812.8233735	T1
248.1497832	456.6842587	135.8004932	1243.543466	0.668970539	1076.828644	3408.16882	T3
40.19424586	23.50717848	21.61998386	7.651144078	0.382130315	105.80293	584.0608791	Normal
43.75472967	21.60235508	23.64467641	5.281522145	0.382614547	80.45626153	727.7875907	Normal
2343.438376	73.03841538	27.51090499	13.97359671	0.38298458	111.650825	655.1069576	PD
543.1473661	286.2724763	250.9148427	417.7990612	1393.733043	359.4117387	1298.678829	D2
56.72363099	68.38607294	50.58392996	34.88022687	0.40494959	140.8269779	732.2798609	Normal
1468.641315	72.9257414	45.65497275	30.84458302	0.437870851	162.7974879	795.6733417	PD
1358.460875	75.01141419	37.39888556	24.66643975	0.498780811	134.5583519	714.7420754	PD
231.9647047	473.8987317	133.6800897	1276.022779	0.886818057	1017.079751	3535.032117	T3
629.7243117	268.5846669	221.7279217	456.7813137	1775.857613	357.5659899	1299.606473	D2
805.1316307	71.33272949	52.06745271	122.6183919	583.0064663	164.3381246	749.2709307	D1
236.589625	315.1649956	253.5912994	210.3580537	0.266723416	401.927797	1445.440156	T2
81.81610735	85.92549931	67.72663805	52.62566388	0.391837739	193.853413	848.8195813	T1
73.38107283	58.98817225	52.27871631	37.598591	0.497963392	131.5780268	745.2362685	Normal
236.9625127	310.1814661	253.4665446	201.5403347	0.416625838	387.6221103	1477.354942	T2
438.0067388	186.9844046	167.5212391	296.7372681	1214.055704	259.0124884	1162.028439	D2
2053.322984	67.39012279	27.11267112	10.27118596	0.449380897	99.33683928	717.5770805	PD
600.7865101	287.563179	244.5043541	418.0644502	1515.354707	414.0217254	1299.342985	D2
60.77420405	51.31606114	34.6919541	27.43252113	0.223956523	125.285286	663.5397936	Normal
38.97060593	33.07106118	25.06377817	13.02049508	0.409438778	92.41357832	671.6749893	Normal
662.061573	24.40968628	23.59133906	172.8094465	1169.942078	116.9934718	682.6578427	D1
249.4192516	451.7653671	141.0058874	1221.291645	0.701728406	988.8468632	3355.505229	T3
1643.561181	70.13177585	33.83227355	19.58181675	0.26810342	130.6742256	695.9195205	PD
72.6125061	73.0680932	60.50258719	39.08145314	0.458093421	165.8128163	866.7287492	T1
230.535219	318.3130591	256.8628788	208.3072236	0.478966584	415.4045107	1433.924318	T2
655.8257618	185.8553195	164.7416111	406.8999351	2022.076613	293.3315441	1139.972235	D2
659.6397955	82.75534825	65.09088221	154.8408473	800.9710452	144.5985379	720.9471287	D1
901.1777691	53.43183498	30.13894691	12.57730697	0.347196682	103.2950394	611.1616401	PD
245.2952903	307.5288761	265.3247417	204.9309093	0.323279027	426.7758912	1317.955527	T2
791.3416123	59.26132234	42.12154122	113.1640312	604.6973008	108.7459277	777.0836975	D1
593.8016079	52.57816002	32.61293796	98.99116259	551.5998708	139.4488353	678.8489411	D1
36.55760655	24.75742489	20.33865931	7.762500298	0.472539676	93.61331213	689.3421832	Normal
2324.347859	79.69907826	38.51543697	20.71122256	0.475223017	135.1518524	656.687516	PD
57.61800281	66.38375831	48.77322894	34.42288611	0.330962249	133.2600164	838.0111622	T1
665.8140976	301.452431	256.9985767	510.578471	1865.297945	417.9811183	1480.062427	D2
971.3379609	31.59009469	15.86299756	146.8419159	928.9419423	107.4116679	750.3915673	D1
1391.669972	66.33441286	34.03992713	19.81014354	0.248207609	125.4171072	739.5836353	PD
72.50383466	78.37210094	67.39150001	45.62833091	0.328035471	145.8652216	758.3862871	T1
63.76481872	54.90389006	49.10811594	29.29354418	0.216192918	115.3687442	701.2203	Normal
244.2451855	453.6060251	145.1458857	1205.504735	0.640612609	1023.455615	3487.264393	T3
247.9258412	313.8558368	265.003535	211.1829291	0.442287646	407.0319362	1468.480416	T2
238.6274598	452.1727332	146.6342648	1214.233276	0.815192424	1013.365269	3310.866985	T3
232.3874154	319.367683	257.7807376	204.2390946	0.459868257	398.5331479	1440.665103	T2
651.8499789	68.03072404	50.07814943	93.24842026	420.2324469	135.3203201	671.8172679	D1
372.764943	79.56364326	70.80100683	161.8729264	714.4197813	154.8586215	827.9843515	D1
242.259124	319.3700163	266.3606916	213.7034156	0.295343832	391.3808622	1506.507794	T2
314.643876	51.4923651	36.5571277	26.58208276	0.357713561	136.4566591	747.6082197	PD
234.5738257	299.8409297	255.1903958	208.6533022	0.254894958	389.2594254	1501.19161	T2
1272.576719	53.43852354	26.69731431	10.63703799	0.329070553	99.6426658	692.6411699	PD
33.52615557	22.33863605	22.62883769	7.367157839	0.352414532	95.06990804	665.2678675	Normal
613.32598	278.7043971	226.4457833	432.7995772	1616.383879	337.3024607	1251.864436	D2
233.198071	311.1232224	246.2192023	217.78393	0.336812903	404.6743538	1432.441974	T2
550.596384	234.1858584	212.7384112	388.8525543	1508.693007	335.286211	1327.659705	D2
945.6732067	82.42993717	61.98377915	196.8071305	977.6988451	146.8508714	790.8253897	D1
825.4815322	62.35010488	45.42745174	187.9100034	1037.821426	140.7159741	751.5505342	D1
1230.077146	71.23379969	40.31598019	21.30777358	0.22088611	109.1935086	729.255319	PD
42.95907731	26.17019227	17.88265128	8.278425408	0.512418165	79.27795811	684.190195	Normal
237.0215385	294.3766394	253.7413613	202.1645345	0.497544795	404.3280836	1436.261562	T2
232.1082562	427.863981	133.9682164	1264.370978	0.725282697	999.6786317	3484.976699	T3
78.33139568	68.4487556	57.36272292	43.09713898	0.221377116	154.3785109	860.7256751	T1
33.62299433	27.5794106	15.92465271	8.025755754	0.228373653	99.06840929	650.6327891	Normal
67.53566466	60.79970869	46.69462507	29.53734573	0.235978881	145.4135692	675.7572969	T1
69.74525677	67.47173953	54.27904991	38.08934097	0.415573154	137.2487024	745.1355402	Normal
252.6079213	450.5987401	141.5460159	1234.811897	0.734298852	1020.409172	3201.188885	T3
230.7526338	461.7688014	136.5014013	1210.25541	0.865964809	1013.200516	3411.818243	T3
238.3312199	472.782404	139.4002877	1240.276641	0.714913723	994.4353204	3126.403592	T3
675.4792961	73.41092818	59.43685301	127.4283136	574.5697615	156.7243562	712.5062655	D1
243.6683369	460.0991912	140.6838174	1217.373213	0.688382731	1057.834922	3397.944987	T3
49.83763619	25.23344804	15.56380304	7.773427517	0.272329761	92.02751317	592.0785491	Normal
59.25139139	71.76648476	57.68898342	36.11951842	0.241360295	159.1806702	736.0365368	T1
518.1563983	40.25700018	29.37663426	168.6681478	1074.523863	122.7523852	705.5170702	D1
231.1501985	305.9316515	260.7689168	211.0381913	0.451451141	419.7185444	1397.340163	T2
547.7885725	73.92975203	58.91517501	190.0568608	997.7438748	152.8059587	711.7162903	D1
2156.186317	97.16881538	53.76304577	37.37826271	0.220317994	120.2039691	830.395245	PD
470.2634332	80.83080831	60.2677331	193.5874413	955.5900524	148.3924232	813.4793255	D1
1674.391068	53.33237686	18.09678778	7.793258853	0.450707742	110.0200206	660.6703533	PD
52.41599941	31.38175101	22.10656155	14.55427586	0.376697584	96.61647131	643.1277341	Normal
587.4390628	190.9169998	153.5059904	385.0861986	1850.812764	256.8861572	1167.184461	D2
234.078984	303.869636	268.9535863	202.3882298	0.476109353	418.837265	1408.320423	T2
245.822343	451.1691876	142.6103674	1255.030877	0.737839359	1030.716293	3329.986275	T3
256.6473742	299.4907006	270.4523846	205.806727	0.489942731	385.3282856	1387.794895	T2
1251.765073	67.9447394	39.20633006	28.28471094	0.407196445	139.1643572	783.147283	PD
227.4403029	466.7245882	139.7983597	1217.159695	0.679159274	967.0669549	3452.500977	T3
675.8003763	55.13812988	34.92780713	93.5575306	492.7374877	112.8300976	756.9617304	D1
320.3874621	76.94945326	61.17451647	134.0827603	630.0617301	141.0052136	807.8086056	D1
623.4400428	82.59871103	65.817131	126.2760047	557.0443169	175.8329014	759.3284138	D1
231.570864	469.6014151	136.5582807	1204.06626	0.626507046	1057.588097	3410.947366	T3
692.9897759	264.1414634	217.2049561	481.6047075	2034.834532	377.7504911	1334.159129	D2
351.1808785	79.87623089	75.29152298	158.6123808	711.0194215	157.8477773	832.645224	D1
485.7251405	318.7219297	243.0530221	356.1909112	1114.418516	403.9324868	1349.877603	D2
36.27024837	27.84457784	18.67368999	5.212010666	0.280635693	82.12443255	709.7367614	Normal
624.9620255	190.8715879	158.4943914	409.3995366	2014.981362	259.3605327	1033.725784	D2
245.4304943	303.54803	250.5662213	211.6707396	0.309611694	401.21749	1427.284453	T2
223.9671233	454.3069491	138.7425055	1181.259742	0.872932895	989.8953716	3427.175629	T3
250.3680656	30.22508092	16.22582821	5.428241941	0.474791693	87.35508655	629.917097	PD
247.5770196	474.6572236	143.8571	1226.893592	0.850578588	993.3343323	3505.730756	T3
551.5912731	278.7181106	234.2590613	407.9685856	1447.854424	337.5842771	1318.08926	D2
220.5158365	473.5312593	139.1418041	1193.941267	0.843324619	965.047536	3431.609154	T3
252.6479755	323.7940421	270.024151	209.4602461	0.366849463	425.0461662	1359.382492	T2
236.4229631	442.9976338	146.4558117	1209.634544	0.827643676	996.7615907	3491.22899	T3
58.60800362	48.1919854	40.57455764	26.51727883	0.371869849	121.389464	734.3857914	T1
251.5052208	442.7708673	133.4974321	1216.330872	0.764056752	990.0149023	3452.979094	T3
52.59374007	26.63003333	23.7190997	10.04258504	0.294772138	95.64257172	725.9602435	Normal
50.4059176	21.95307564	22.54081026	6.54176476	0.32180455	108.0808146	666.9846355	Normal
631.6828253	308.271333	262.2234869	479.1554981	1660.061698	389.2339838	1490.368789	D2
441.5853284	34.1297565	30.31209439	128.376104	764.2185345	113.1438194	745.6617934	D1
61.30351016	53.80197442	50.26027819	31.92152422	0.265810814	136.4404098	783.6288892	T1
229.9265418	471.4665289	138.6331499	1199.637883	0.869720852	993.8680627	3348.549572	T3
316.8768425	28.30097808	19.59773171	9.357972701	0.483711938	102.8765874	651.5757755	PD
500.4708091	272.7325687	227.8667564	369.2515969	1252.709507	363.9822006	1402.865513	D2
242.7069857	470.3091037	139.8868793	1210.519554	0.881880241	978.658079	3343.515645	T3
1011.691811	46.17705275	22.65414624	9.844538416	0.285008167	109.2994143	681.0058499	PD
458.2552946	43.1465593	32.99282534	185.5981743	1137.615799	111.3411858	734.7530291	D1
75.90892404	73.61918462	62.46326423	43.84722538	0.223525153	142.5216303	841.1845384	T1
2126.987245	110.3479642	63.83719005	41.90370008	0.269585883	168.8770324	784.8529962	PD
39.01592752	29.4457351	22.04991016	9.390046755	0.310795982	83.6657685	661.8976143	Normal
1359.555481	50.61948461	23.29711252	6.374356639	0.394908367	101.0465727	599.282837	PD
42.0624936	25.22317972	24.24455862	9.434132455	0.444603579	97.60889377	555.3978202	Normal
919.1141905	62.73822789	38.13560202	26.13162139	0.284960398	130.9917363	726.9227442	PD
625.2077146	35.42840368	29.81698162	102.0461892	603.6734016	93.3571528	736.3317971	D1
41.57797535	34.90044519	32.21421848	16.5395881	0.349818006	102.1473509	669.4318093	Normal
1092.383225	45.34926032	25.45887843	170.4914268	1087.814404	96.59557235	664.7948554	D1
445.0017186	276.254662	229.9849869	298.93235	919.5996932	384.215607	1356.684889	D2
305.9929511	30.07178909	23.52814535	74.47136954	450.0656445	93.59576924	595.38517	D1
33.31116487	37.59919272	25.6302114	13.32642074	0.487077854	123.5354247	644.3504053	Normal
240.4824256	318.6198363	278.7564214	209.5777861	0.49708077	397.7878261	1396.676458	T2
59.87502356	53.20521981	41.6186845	30.29337454	0.47114043	115.1084238	772.5840514	T1
2103.552774	61.61668587	19.32676569	6.346736838	0.51293583	91.94865092	735.8843971	PD
68.34218342	55.53666579	55.47532657	35.5500238	0.235481356	151.3273512	804.0690867	T1
582.660511	234.8713796	197.5928897	407.9844183	1737.546189	330.3026223	1182.531264	D2
549.5878615	36.17420555	21.56741275	5.720132796	0.355421108	91.73858743	636.7398961	PD
919.9162956	73.5213588	56.9206186	117.2869069	564.3742622	128.350841	725.2287371	D1
225.7170054	453.9984234	140.814163	1174.193197	0.603527522	1002.889058	3468.512372	T3
252.4841618	463.9941245	142.4507561	1217.662184	0.641422958	1046.148698	3212.103407	T3
957.4434179	51.69143302	42.74947836	174.2297927	1017.170251	108.2039941	756.7302335	D1
238.6799321	444.3096206	140.3590152	1204.07647	0.592199777	974.1675	3552.37872	T3
534.3035963	54.05310232	34.78632547	98.61041063	459.6854373	127.282155	694.2269434	D1
599.0310415	239.7206081	192.9999562	395.0170721	1662.204218	338.9004779	1259.516198	D2
65.78980298	64.73582812	54.18200824	29.80103066	0.430013111	124.3635149	659.5495672	T1
72.46361259	80.31490104	69.65554009	43.21943355	0.314532908	162.2041339	904.0449704	T1
619.0491263	290.9145129	245.0202544	435.4747888	1653.427778	401.5085537	1320.595143	D2
1047.814923	43.12643541	15.14620526	9.624276649	0.489795898	109.9395264	640.2807076	PD
235.237184	477.1387316	140.4837475	1215.669135	0.6450532	1009.056501	3303.73352	T3
1762.11086	58.94086413	22.79679606	9.510426893	0.289810662	121.8051169	636.8962511	PD
89.04274667	92.14763873	72.32167419	56.19645371	0.449164552	148.7007999	924.8857239	T1
687.8095047	271.9823064	227.7859797	473.695127	1986.624538	397.7820685	1412.508159	D2
36.56365951	19.50029117	18.9098931	6.501856471	0.373758958	83.2109131	625.8638993	Normal
242.4517198	447.5802539	140.914898	1166.758264	0.613181449	1012.865424	3413.418383	T3
74.97960387	76.71060261	62.07222921	40.72146255	0.313919445	152.4634553	875.5541085	T1
1241.180197	78.81613786	51.75789271	29.28759715	0.414403848	125.182109	736.8257863	PD
51.36566414	54.26248964	39.99974788	30.70751071	0.372785615	110.1521868	717.5658982	Normal
59.75151879	54.95004052	48.35892381	29.60394957	0.398989127	135.8963422	749.3765402	T1
468.8105694	302.3981871	240.5502519	369.1948015	1104.98965	379.2706279	1441.427789	D2
231.8147752	443.0557238	136.5712043	1195.385868	0.822260519	993.3909857	3512.479102	T3
641.3480544	236.3504654	203.1283662	417.9878819	1911.640104	317.0505658	1314.929763	D2
244.0039699	313.7781488	264.7700076	205.4551034	0.350821526	414.5094406	1352.208697	T2
738.37588	28.34637545	15.02286122	163.6390388	998.0845473	93.03014479	615.5245294	D1
446.0111016	155.4023057	134.754487	273.5592882	1226.273743	244.9704558	1027.227741	D2
253.8595074	465.8737872	142.4805952	1192.117578	0.852506885	1022.965606	3407.911143	T3
891.1332807	62.51138022	40.41653948	103.4107363	579.3659094	125.2972798	753.0833678	D1
484.8790183	271.8524864	218.3343586	338.1244928	1113.794905	355.5449513	1222.128321	D2
75.42141762	81.76469508	61.91289729	42.59834585	0.339011269	166.5624446	858.6984857	T1
242.0323669	308.8477306	261.4902742	204.683415	0.46200205	397.8718193	1457.342476	T2
662.8557857	47.98857768	33.47118194	181.328051	1095.696859	126.8200567	733.8848986	D1
477.9899537	266.710157	209.5733138	337.7252386	1173.385566	360.9898052	1277.118893	D2
517.8423708	247.2627955	206.7201253	344.7590797	1278.692611	321.8925791	1188.858108	D2
238.6758343	316.1792755	267.9805761	208.1976669	0.365973163	384.3080161	1397.758041	T2
558.4448374	235.3137051	185.5590984	391.1874928	1555.349699	289.3906756	1270.714872	D2
67.11090596	61.86806907	51.11521901	33.84689436	0.3553161	130.1724031	799.4278691	T1
30.18033679	20.66196449	17.22824959	8.308854435	0.407068739	111.0123186	662.4600451	Normal
245.4092961	448.2796047	143.5056537	1117.129703	0.647388816	978.6152289	3533.808514	T3
688.2607923	48.95569611	38.68042874	109.4966659	592.2572429	137.9656725	661.3864331	D1
2312.751204	72.62478925	31.27545315	16.11769765	0.346702004	100.6374299	721.6938821	PD
242.1410005	438.1845854	138.2113308	1203.179194	0.618901952	943.9103016	3333.802344	T3
84.54006991	71.2257645	63.51193844	42.06128073	0.329304602	160.5259728	819.1996949	T1
248.2990742	453.4032364	140.6687295	1195.834041	0.656585023	971.6469352	3403.685893	T3
30.21001183	26.10933212	21.14211027	8.747058821	0.36349254	115.6142987	702.4770886	Normal
225.9580997	304.1395643	262.4636048	208.712425	0.420736555	396.7797979	1445.914458	T2
1008.61206	52.49316777	29.57070254	13.07699924	0.308545957	120.3736793	734.406906	PD
398.4840585	228.1591294	202.0007063	283.5726532	903.4263121	329.5824914	1271.843255	D2
59.95185451	65.10866073	49.83681578	32.99562796	0.351301346	120.7104456	785.8561593	Normal
237.2434716	445.9373997	145.4298498	1286.2069	0.725322234	1003.456599	3256.396249	T3
246.0223463	297.9040945	242.6195872	203.1165439	0.217977324	379.5501392	1419.842339	T2
232.0014292	318.6786837	265.9971226	216.1648457	0.497236363	412.3391305	1395.495182	T2
59.84876915	59.46674638	49.18558257	28.77031967	0.400005121	114.804236	792.2636043	T1
228.1063843	458.3918922	141.2498697	1210.033188	0.698630089	975.7120351	3436.549817	T3
56.03792306	60.32067134	54.33321712	31.35332757	0.224095281	150.0769095	788.0367409	T1
484.960551	250.8290607	214.3322654	368.0491784	1329.559722	348.587205	1231.077061	D2
54.04718715	61.79582792	53.22472607	33.78254511	0.450225152	144.9739713	798.7043464	T1
57.28882717	54.79114773	40.36926864	28.25388424	0.351241518	156.9521798	684.2691509	Normal
2275.870683	65.58632648	23.66332047	10.70868834	0.405053055	114.547444	734.6817249	PD
41.69533592	27.39281443	24.07897052	8.652129966	0.288340264	100.9958484	665.1509419	Normal
222.0099663	448.8823362	143.3511625	1210.68775	0.639634476	961.943553	3462.561408	T3
237.366631	465.9492828	133.3119361	1240.537919	0.82816896	991.8950526	3570.3332	T3
222.4242764	315.5757572	252.424087	207.2319563	0.481006543	372.6351984	1424.072314	T2
50.39652988	51.96001392	45.09400256	29.76014734	0.259654759	132.346815	695.2983382	T1
39.82582737	25.01222403	15.76207491	5.499652096	0.196308403	101.8459952	696.7995724	Normal
249.7606007	311.7819963	256.9922213	199.4136521	0.434737106	393.3583334	1404.04444	T2
657.9861104	90.41868643	75.30875144	132.2191598	550.4827466	170.0072409	809.2188549	D1
240.891213	321.8579547	269.6472818	205.0371798	0.208600529	388.9791601	1519.40296	T2
887.7867345	62.3736373	35.57263509	22.94240421	0.354875229	136.2770911	643.3962331	PD
49.42835022	40.73224708	29.53740717	20.67903977	0.258272767	101.8866516	705.234125	Normal
531.3508526	204.9166093	174.5675922	363.1689203	1465.758323	270.4640377	1159.208499	D2
68.88747758	61.89016115	49.41036102	34.24268706	0.407738711	142.6173257	779.1356656	Normal
82.59440693	81.09369033	71.63077242	44.88415022	0.338623865	167.9645902	737.3447767	T1
228.1722176	471.0567154	143.0677827	1215.203317	0.681437295	1023.234168	3419.381885	T3
1182.448221	77.18950654	52.22262658	32.77319735	0.32845533	149.4283301	752.5891077	PD
244.6432188	450.6342048	145.374432	1213.763012	0.833547653	1008.746141	3410.824608	T3
527.8486963	44.48869906	33.75149534	191.5861771	1158.172006	106.9392537	709.558822	D1
243.4428069	308.3187324	268.0771141	207.9423494	0.328060096	409.2766702	1443.980138	T2
38.45781309	36.27029629	30.29133079	14.71283745	0.288636862	131.6800386	630.3671762	Normal
1025.247097	77.47804802	62.53615009	143.1833162	721.5891191	131.3614259	830.2400688	D1
238.8624675	305.595143	256.7649005	207.4849594	0.443508014	412.924154	1451.617589	T2
464.3955245	72.2742395	58.57078596	106.9610145	466.9944645	143.1971902	729.7102366	D1
354.7955358	178.3101858	157.3724663	255.7117871	934.6346372	247.5127166	971.3248475	D2
1052.534499	79.51679361	53.37314994	31.01275047	0.378990715	155.2765607	818.0802599	PD
72.34561979	74.78090325	56.07734881	40.97123386	0.21942489	172.9755301	711.0238836	T1
313.4563401	23.88509654	23.24600056	9.419586038	0.492098708	116.1891978	698.224358	PD
388.6722571	235.5754926	196.0647214	271.9537077	841.6944239	322.6956357	1193.078238	D2
68.92692467	67.90832116	56.69686801	41.11203029	0.19907524	133.9827852	854.8567814	T1
242.894587	459.7017844	134.0300825	1192.049164	0.852974501	970.683369	3254.387193	T3
241.5913446	307.4843697	266.1011507	212.3251677	0.26289452	407.499623	1341.803077	T2
554.724236	240.9073611	197.1046863	372.898783	1414.505509	302.1193699	1287.671684	D2
229.5417807	447.8157571	142.0931976	1238.92805	0.850949715	972.114762	3328.140916	T3
65.88306961	65.08456277	50.86229783	36.40417385	0.323806239	151.321148	812.5064723	Normal
221.2785392	314.9620911	265.1342492	211.7090999	0.262697683	412.4710139	1458.444935	T2
346.2502207	183.6454575	147.4510927	247.5718595	899.8479448	236.4022341	1119.595218	D2
33.56358212	32.65040528	26.81874849	11.19813072	0.240614144	111.2492307	605.7746081	Normal
616.2453848	45.48185562	39.74259382	192.8074008	1164.782877	118.8499471	757.0697328	D1
75.28148916	85.0647337	68.58317117	50.34760675	0.338202305	167.347797	750.237338	T1
599.4852862	83.41420514	67.85739002	142.9073511	661.4259805	169.8371278	886.2720222	D1
43.57804245	24.26933554	23.10709119	9.69386655	0.48878342	80.04982121	654.0663279	Normal
248.1195824	311.1248114	275.573586	207.8310934	0.433425698	390.8891107	1425.678801	T2
518.0161174	94.44908687	84.19416968	233.5400367	1133.89469	174.5300563	910.4868182	D1
241.4829906	317.9010194	249.9313818	198.8049455	0.302537695	416.969848	1381.123566	T2
63.3152824	53.37017969	48.40639252	30.87218295	0.387280302	134.397759	789.6081877	Normal
900.8794035	48.72378981	29.59932635	143.7724773	877.2443239	115.9817588	668.3114098	D1
508.0286251	38.81699372	29.31828278	151.5000038	859.5383463	112.5942481	767.0816969	D1
265.164989	63.20617388	49.4989777	31.33708441	0.247454332	133.2109452	710.3779008	PD
231.5927145	476.4515397	153.4205829	1217.505564	0.771146426	1003.721346	3489.492871	T3
589.4709461	281.7850426	227.9562982	410.0005159	1510.052856	333.4503249	1297.1458	D2
1725.556923	90.39081736	52.86557392	29.66104252	0.289195273	134.0885848	721.6715856	PD
544.4258455	200.1847862	168.178457	347.1796323	1443.76944	298.8162562	1190.739071	D2
229.5538418	460.6242593	141.1980404	1195.656641	0.889120474	967.4429114	3441.439488	T3
559.6138816	73.08385854	57.61175665	113.8856295	474.7171119	168.3639314	809.3628155	D1
452.1504691	255.3410711	216.4377951	320.51369	1033.959086	354.5725573	1173.264248	D2
572.8776304	238.3371513	196.1786973	407.8596306	1547.693113	341.8984313	1171.052048	D2
680.0412991	235.1530923	203.2648691	455.4639177	1869.7715	363.5923395	1232.901736	D2
70.18798637	58.75446945	50.03881083	37.09479742	0.409426132	159.3123351	755.3694915	Normal
1010.446975	100.8084412	75.83842438	148.9558141	608.8238311	156.9774248	848.6403158	D1
231.8195279	444.1533306	139.130389	1198.196592	0.630055026	968.256956	3429.534286	T3
213.0317421	312.0106656	263.2877779	207.2418018	0.467239352	388.2616617	1397.082848	T2
413.2840613	89.66594758	68.39677534	113.2445194	460.8770199	153.0797351	729.2465672	D1
50.53121021	42.70285146	40.64519932	24.71684329	0.379243943	128.430879	757.9505615	Normal
67.73714632	48.85210169	42.68480255	28.10784073	0.30972792	124.7723152	789.133124	T1
238.4158887	332.809272	255.177537	204.2831999	0.469965993	401.5100985	1417.4175	T2
236.3876343	314.9059094	259.3607519	206.2079689	0.367662277	403.5464596	1435.286345	T2
60.76042436	53.09942366	40.10880028	29.50737686	0.414894309	120.1239876	680.8251038	Normal
858.2368886	37.14523969	22.07325357	5.644381758	0.412250604	109.206297	664.8706006	PD
1008.133759	58.16980037	39.09305735	186.1930431	1209.435553	103.8233253	681.2186473	D1
68.4807896	67.44219121	51.83295542	34.30217055	0.197314514	156.6458751	794.7964199	T1
232.7546473	462.1691893	143.2531663	1204.274549	0.805808441	968.1314301	3452.333497	T3
256.9787037	307.2148224	261.3803377	205.4709629	0.266234252	429.9942682	1364.864931	T2
397.2911533	25.46293874	19.52786569	160.3251024	1036.462612	93.52142374	615.617231	D1
242.9030335	465.2803444	130.296765	1248.895932	0.864548699	1013.949933	3332.14635	T3
861.3843432	58.43163357	30.53257242	22.47856179	0.268006164	116.6438641	680.9362414	PD
1048.296719	64.67682678	45.19077351	159.7070995	912.6407852	121.4292832	721.4088687	D1
1671.5572	49.54007875	18.15904089	10.19915845	0.375905766	113.0345309	649.4371125	PD
59.96206362	45.44630956	40.39721705	20.78892045	0.209366356	136.1118034	745.0976793	Normal
617.0884452	268.3371122	223.880507	412.7190729	1706.424346	361.4572219	1291.982579	D2
453.9198448	283.5071575	233.4606887	333.9610104	1012.173713	345.8270818	1322.623103	D2
247.9805447	455.5313079	142.9578943	1236.711391	0.69221851	1019.348082	3344.175276	T3
65.93290419	55.32507611	51.57513668	31.10372302	0.432150593	119.5328751	771.5318246	T1
263.6213618	450.3882959	130.4080749	1216.57297	0.901982692	1026.490085	3238.361979	T3
2342.458361	108.9678075	56.3732227	38.03447881	0.457602544	153.2361297	784.8448459	PD
226.8855705	469.6529185	141.5932944	1228.620702	0.825412441	1007.063795	3217.725106	T3
497.5522205	159.2663809	136.938094	329.5443062	1481.079386	231.4609476	1017.462253	D2
33.392034	21.25868163	14.85829615	8.668439029	0.373235162	96.34355732	604.4968555	Normal
2454.704514	65.13891796	22.26379067	11.66254206	0.350011699	115.2127468	683.0458841	PD
231.0350959	467.1868943	143.1597896	1205.771294	0.785950535	1010.212548	3404.7694	T3
58.91368895	48.7924935	47.92057728	30.33682312	0.417113365	127.9421704	828.6261645	Normal
434.3931423	53.08907303	41.53980716	25.88463929	0.264239509	136.4051631	796.4576978	PD
673.3055286	299.4130238	263.0386755	463.3130256	1761.20832	401.1026888	1334.558295	D2
443.496238	34.82558913	22.73904802	6.938394155	0.223729189	83.97367282	681.4227103	PD
933.7313597	87.87233631	62.09175199	141.4324412	603.2480119	178.4436331	732.6306879	D1
69.15368959	75.00630793	66.5977814	44.66132453	0.412106003	175.8260756	815.3122571	T1
74.2322205	67.8910773	54.51312814	34.98827167	0.3410397	124.2058451	680.9855287	T1
496.2575285	169.4980665	142.3801631	337.5512967	1462.195774	241.622858	1064.264289	D2
239.7357472	305.0842312	255.2245644	209.3579421	0.408155464	401.8927329	1379.784596	T2
674.3513189	291.0233447	241.5397068	456.8358484	1811.246693	370.2400519	1377.009819	D2
229.6834829	453.8267157	134.6121911	1201.079078	0.672656514	958.5580112	3277.050319	T3
699.4343167	46.49102864	31.82114752	123.3952976	741.3615419	93.91284943	736.3591755	D1
1231.67717	46.94759238	23.0724029	5.114140023	0.461208446	111.5444282	659.5134112	PD
69.28330986	82.92354425	66.16003284	44.91447164	0.463904504	153.0073143	778.8879012	T1
81.35712427	83.4865667	73.21204307	51.11126947	0.195755688	167.7801338	783.2241359	T1
619.4069531	40.1397747	29.45788549	164.4728251	1077.136443	123.5547679	636.1961138	D1
345.288262	25.1937078	16.11964267	72.25857308	419.8603481	114.282778	669.6405802	D1
919.3032299	39.4111165	24.12050538	5.439299654	0.309544635	115.3585764	699.4916034	PD
235.1598225	322.0223445	267.7023887	210.3511874	0.293322947	421.3426828	1413.425928	T2
418.4130754	277.4096579	212.7536002	291.170201	816.2411454	356.1508876	1340.942444	D2
32.89754227	23.96237521	18.10861034	8.72686674	0.261370545	113.6698078	583.396173	Normal
548.5539909	320.1972929	261.8875093	435.4743766	1301.201032	403.1665703	1597.717647	D2
78.52029305	73.19080307	53.79139026	36.65844506	0.234473553	145.559683	732.3150097	Normal
41.48453914	39.880923	30.92817735	13.77142543	0.516717086	113.0810996	639.8647703	Normal
248.3195229	311.0091944	259.2860357	210.6433461	0.203766273	425.0961559	1383.798456	T2
236.4215453	323.5325511	274.6596076	211.5468497	0.422626589	368.2816495	1484.274518	T2
765.3634727	30.90019036	26.9986037	133.138046	881.9586697	109.7364708	610.9432021	D1
849.9553674	29.98105138	19.08867721	97.1585362	594.7915518	94.82380957	650.6566778	D1
78.66164604	77.52874996	60.6280662	46.03737775	0.430597847	144.7165727	815.7846315	T1
479.5100773	153.7617883	123.6087929	306.5283354	1508.913847	217.7371092	1029.810767	D2
941.7691117	71.87798	54.39277881	134.0953537	625.0778039	137.6152239	741.7121636	D1
329.9089097	47.84441327	38.332679	87.8779312	438.9906467	108.8428222	694.9396643	D1
923.4799742	72.44254535	44.29574722	30.67194166	0.492553928	152.8452115	709.1519415	PD
73.28353752	79.48895014	64.12889659	48.28997881	0.469072774	158.6468144	779.3220351	T1
667.6517249	229.1759204	190.9309252	444.9196693	1938.315456	301.0374826	1297.525779	D2
656.0893001	319.0442116	255.7640797	481.5702916	1542.617244	433.4483945	1642.129769	D2
548.6182321	185.3531888	154.3711551	372.8949897	1719.821148	276.3321663	1155.71422	D2
827.9533442	72.79917831	52.02254685	188.6922288	1062.052805	126.2211927	744.4191795	D1
76.0502902	72.80986879	59.58338965	38.73851789	0.339562885	155.090293	697.9117603	Normal
2223.774667	76.74040352	33.74874249	21.97140777	0.366693891	132.9899033	678.6785005	PD
508.689135	312.270664	265.5138746	385.9602765	1169.187522	405.1882542	1452.313791	D2
245.0570183	319.6281471	257.6491578	208.0103509	0.44682117	416.9207682	1508.171865	T2
475.8684514	88.32106603	61.64551021	139.8839466	643.0455515	145.6672521	793.4951485	D1
231.4687567	309.4268302	257.8907333	206.1212274	0.305469304	372.6039343	1360.632121	T2
226.5755313	313.5504959	259.6118681	204.1800867	0.292904461	371.3953756	1383.61321	T2
38.91766508	26.34141087	16.67809092	7.987985315	0.274412949	111.1082263	577.644922	Normal
422.9892858	48.82468905	42.18541901	187.9368715	1021.01369	133.9234229	759.7876609	D1
250.2244991	461.8872234	135.9654581	1218.33904	0.899257479	1016.57479	3451.483957	T3
1157.94008	35.93949569	20.68681728	9.574870153	0.221659664	110.1043793	719.7483988	PD
89.16059705	83.58107843	75.04663817	50.35052822	0.331889237	144.8045115	775.8927455	T1
1290.284618	45.71563034	27.57259848	9.868010686	0.406278959	104.491674	635.8395971	PD
59.61122758	54.70671566	38.43663099	24.96236549	0.37263279	123.9609586	725.6013511	Normal
59.40890626	56.23809212	40.63990219	29.30677073	0.321295057	131.4247746	732.8762867	Normal
1709.883218	73.30274481	30.57347786	20.68431013	0.431520343	115.1627307	701.2749971	PD
767.7304133	42.4186014	24.84386545	16.11712959	0.357340864	96.40270461	669.0393345	PD
45.35185725	31.65589172	23.33100093	12.25772171	0.270716907	104.0529456	681.9504927	Normal
54.62377201	45.13130235	36.4730626	22.26705739	0.321845603	141.6949649	721.9260353	Normal
231.4955443	477.3984283	143.4161534	1189.130654	0.818284561	984.961138	3473.31033	T3
1211.507758	78.18385867	50.60678446	29.70713196	0.390744928	149.1951096	768.3705345	PD
618.6693911	294.6969467	243.4931549	435.451694	1701.324417	411.2804698	1359.757977	D2
707.5075336	75.41995477	50.35503098	33.33226417	0.4661213	146.0545669	735.4462884	PD
77.46825784	78.68685326	65.25365485	45.71063438	0.42223932	155.2625247	866.1107295	T1
234.2303303	314.2497782	261.7955854	216.3624542	0.393213572	409.8089348	1355.797263	T2
86.45945452	75.40158236	69.17088938	46.86630766	0.360085217	154.1512657	842.9130049	T1
609.1500857	181.9757006	150.8335523	389.4263943	1806.301329	262.0366929	1089.529636	D2
74.34281682	61.53402609	43.88706423	31.32082219	0.322225741	123.0401132	746.354637	T1
554.4050757	179.6019909	144.6940342	348.3546501	1605.833847	270.9989654	1107.411012	D2
1529.479827	71.31190592	42.21119268	29.71939147	0.306330785	142.2756953	695.6011837	PD
701.7886568	40.2440734	24.20887635	131.9551635	774.1150935	102.780478	683.2792884	D1
54.79660005	50.95532102	43.33246297	25.5283645	0.211525964	120.2961562	648.4817971	T1
302.3663616	34.13604548	25.61494289	111.1829702	687.3971331	107.5263867	709.6288939	D1
51.93316451	25.883995	26.04360863	12.18595019	0.467381478	102.5191661	615.9434092	Normal
227.1521953	447.6202867	140.6042869	1232.278278	0.643511161	1011.5651	3415.037834	T3
239.805456	453.2890462	133.4317489	1183.365357	0.658985744	1021.285779	3494.449414	T3
63.51051742	69.87439863	54.93886336	39.03251017	0.347531449	138.1196036	873.6567811	T1
430.0070453	301.8506889	259.1734086	333.7099831	861.376845	386.3347075	1457.655936	D2
35.02213543	32.71417238	19.3913759	7.836375777	0.22442317	111.9881352	690.7757748	Normal
216.9719215	300.5615549	266.6476354	197.7184093	0.208555915	374.9940808	1441.981155	T2
232.9820701	450.2276158	140.8178608	1181.022067	0.782361896	1057.963316	3264.680965	T3
391.9865037	246.598097	208.9360383	295.4497482	864.534799	345.6836174	1214.939814	D2
75.82698975	93.06050196	77.31314051	49.98675065	0.274131932	158.0750155	852.7336122	T1
1020.946766	67.01047733	36.97867655	209.1643802	1170.948207	136.1627397	744.8207969	D1
545.8602242	45.352723	28.20898507	15.00501077	0.285707803	120.8186701	655.881417	PD
1020.21451	43.9907125	29.58893592	183.3911162	1132.981624	103.7160196	701.0596978	D1
662.8901992	54.56219604	30.5871985	20.79460895	0.244924843	135.9006932	695.0569079	PD
638.9585715	193.2499367	151.6462435	403.7298622	1921.928169	299.0941429	1132.112039	D2
1518.091913	69.182654	32.83277716	16.22104289	0.493613281	134.5409265	813.4932007	PD
2340.326132	71.59869489	29.47564462	11.93666074	0.490047138	114.902605	694.3656167	PD
84.88436065	87.77675405	67.6556766	52.37568304	0.398168036	180.7839165	826.5976542	T1
90.51118821	82.19279212	76.47158366	52.08155014	0.358654274	158.0802058	811.4655201	T1
640.7147251	215.8982998	166.8600701	413.4369724	1907.284148	289.027993	1255.052584	D2
276.6366625	35.75139665	25.29457752	84.64598257	523.8185277	117.9490984	624.7301654	D1
1650.278273	49.79856636	16.47124504	5.211233041	0.469414013	94.10972844	648.808688	PD
572.2985445	48.51636392	38.45314694	181.5369147	1111.311845	99.98342105	645.2186292	D1
232.7476129	319.4281095	261.3942238	203.0175073	0.353405357	417.7046732	1358.353575	T2
236.6410854	427.3329952	142.1447101	1187.490664	0.879193928	1010.441785	3491.995021	T3
429.2092837	305.2288641	256.3355205	322.8291293	811.5132613	388.3794662	1343.439321	D2
229.1643692	453.3793781	145.0020019	1189.653569	0.699567933	1042.962718	3290.562082	T3
1305.263995	80.67310626	50.87188809	27.17424983	0.201307599	137.3657656	763.771422	PD
1261.432013	50.10641041	31.39610643	15.32861344	0.463666357	134.5279266	617.1990153	PD
245.3834391	307.3177528	268.198414	212.4013421	0.330091402	407.5936836	1510.385202	T2
684.0679382	250.5258199	209.8199519	485.4438199	1970.919689	324.0464229	1316.269946	D2
77.36387287	70.21285051	51.13808641	36.97805855	0.480256417	138.2552268	772.518991	T1
539.3172784	276.130184	239.3744762	401.898433	1389.731351	352.0733341	1320.933641	D2
56.08370276	53.94843514	54.13369988	31.97886394	0.301537159	129.7587905	712.1478095	T1
699.1629622	47.43625405	28.01571871	98.77808995	522.6377496	98.38381619	662.2006862	D1
672.3474042	63.17307016	44.81204412	129.6198597	645.6428328	129.8417612	675.5383661	D1
612.3346853	256.5970773	205.0394545	404.6494657	1649.091904	330.652014	1284.607931	D2
60.16670548	50.21859153	45.5725444	29.29072486	0.489305268	151.3235975	796.6866294	T1
69.81676477	84.37641177	63.00458588	45.36895978	0.389237722	163.0555521	850.5409123	T1
61.53930455	42.53843612	30.96165948	21.56601602	0.297382619	116.4426824	656.6572267	Normal
86.99188941	93.70988687	68.05985454	53.96886431	0.418528111	175.7286501	826.5792173	T1
2358.78503	64.6173121	20.97068836	13.61664652	0.462386585	97.95729229	622.7171373	PD
371.5322454	225.6244781	180.196178	276.8661146	802.3200677	302.2506483	1204.823119	D2
239.6265455	460.7130966	139.0636879	1254.351108	0.856987717	1044.893296	3504.529217	T3
233.1643847	304.8802124	269.3936611	209.2687347	0.353511404	377.3780128	1401.684697	T2
43.13348417	21.23052181	16.49770851	6.36131641	0.285925328	111.7318741	620.3627107	Normal
218.2511854	475.1128978	139.7327584	1234.254039	0.68313758	1009.234212	3247.273856	T3
238.5740673	452.9737628	137.1523386	1206.560043	0.777276008	1037.744945	3555.568752	T3
242.2627472	455.5902157	148.7961396	1233.842072	0.726800698	1020.570662	3371.410099	T3
464.3591382	24.81085314	23.63472138	67.54799048	444.5377257	98.85672677	672.5709195	D1
524.5881261	305.0729415	261.9167489	403.0472884	1053.870208	424.9352062	1385.878057	D2
68.53982379	60.75571739	51.28475648	36.29354548	0.396111203	139.5059413	699.6961763	T1
2249.28044	70.4699597	27.12751618	16.83861523	0.399600908	118.1325498	771.2038531	PD
46.86168641	26.41854329	21.13356848	6.690785596	0.400171496	109.2869946	677.5985155	Normal
693.0056882	251.5511393	216.4804699	463.9691815	2121.940773	323.2949475	1176.194025	D2
241.0488356	463.4586011	135.4877108	1257.97492	0.887046817	1001.810381	3296.168968	T3
822.4347048	78.72590661	48.79333487	33.91834867	0.306735191	143.3127833	721.9878668	PD
237.0735794	314.2002901	246.4031474	207.9839637	0.204684066	404.6478685	1519.723181	T2
2137.29234	69.37807414	31.2413104	15.63027822	0.309345235	98.11189267	658.1696842	PD
552.4738813	206.9059872	186.2686464	368.0508564	1663.662904	302.465239	1069.963649	D2
975.4583143	44.83231209	31.44920576	120.0167941	688.5739021	132.1652911	790.7077441	D1
59.52307014	53.3769338	46.84672791	27.46040773	0.357375761	123.8374489	702.5385695	Normal
76.37581934	63.73399039	52.95501058	39.68721401	0.309751471	131.9667075	837.2450879	T1
653.434833	215.574878	184.8990339	417.2979148	1845.333868	295.0503819	1259.908346	D2
236.5051653	312.4143546	270.7111974	199.8173669	0.364327886	412.830298	1481.231394	T2
254.2190737	298.0693792	272.9937647	202.3476568	0.352449741	390.0546304	1414.285843	T2
71.10370405	72.2302506	66.54295275	43.09714947	0.218676551	134.1493769	867.7262369	Normal
245.9233694	437.5849161	138.6877526	1198.185003	0.885283248	959.8651101	3461.792054	T3
2070.587213	53.90626207	22.78065709	7.456894983	0.314251073	108.22919	681.7840024	PD
40.75117817	24.93821302	16.19531548	7.966813235	0.214774899	95.76936972	611.216463	Normal
252.2079832	292.1694921	258.375929	213.3282902	0.347511957	409.5997699	1393.557711	T2
232.771409	309.9139276	263.0821897	217.2939011	0.392420984	415.113339	1446.167237	T2
230.1590791	475.3314928	145.8869924	1225.773725	0.934502371	983.9421513	3387.527337	T3
47.35949582	54.60986055	38.09433592	26.22957226	0.247006865	128.4613143	629.884054	Normal
52.41090441	42.59804285	27.55837912	17.5644486	0.260183458	98.35474279	690.2264874	Normal
33.49925717	21.55381099	19.96171132	8.008907248	0.207264291	98.29351863	694.773944	Normal
1004.585223	95.45155548	69.57186048	174.7485686	889.6312413	163.0830014	801.1318405	D1
227.22876	446.8061858	147.3252909	1201.942331	0.65655342	995.2662912	3441.342612	T3
232.4737735	308.6221256	260.3207859	210.199282	0.240794113	399.1434388	1404.275146	T2
65.27021822	56.35142054	50.59130507	32.72951188	0.44482341	124.487528	809.6012325	T1
48.1366307	38.71634537	23.85808335	12.47178647	0.250557339	107.9827893	664.1396119	Normal
235.1870039	313.0881292	259.8087018	210.2596594	0.325336529	384.7818979	1488.014861	T2
58.28583461	56.04249016	56.53365479	28.8076449	0.344637343	143.5005021	809.3476631	T1
2250.539872	74.22929521	23.4592725	13.3390594	0.212473324	107.6620491	760.8339925	PD
56.15161199	49.33199811	40.97254221	28.01231585	0.498204845	128.3041562	745.8943063	T1
1458.764116	48.81201241	18.8557602	8.264725985	0.449838644	103.8430869	629.6029305	PD
243.9464678	319.074649	257.7173154	202.363549	0.291255054	391.3870284	1365.416039	T2
631.9686768	245.6198135	197.7694992	438.2741701	1810.727126	320.8712202	1232.107993	D2
240.2284731	311.483409	263.229971	199.0528625	0.304217516	428.235248	1423.360892	T2
43.3798908	23.99460801	22.69005009	7.881548059	0.24822168	119.6493746	634.9622981	Normal
55.49399908	56.18727546	48.95103284	34.10401535	0.233840236	149.3349116	814.1635177	T1
61.78575856	48.87779725	44.94327631	27.66336447	0.239035442	150.2121529	759.3426537	Normal
243.4830997	445.0758038	133.5550993	1209.661345	0.770134937	985.2305743	3363.327713	T3
240.4330437	307.4868016	259.0079559	211.4646066	0.467212933	392.0521887	1361.686986	T2
733.2789854	33.27936537	17.36607731	156.6249213	1013.721505	89.88183429	597.6799982	D1
1076.679907	73.96695737	47.66674869	180.9167478	1047.639571	129.3594515	786.948381	D1
83.54343195	95.38660401	84.38743301	59.5709296	0.481564897	196.2146831	839.9024065	T1
244.2049943	452.9255625	136.1518068	1204.037371	0.85861088	962.2430442	3495.156272	T3
1960.006376	72.43315915	30.09848283	15.96842678	0.505152749	134.8089648	631.1621932	PD
2233.481327	76.9605882	27.84128401	17.98293959	0.244444268	103.582425	651.7328588	PD
61.20421877	55.5357643	44.03962844	33.42487679	0.396940303	118.8339545	667.8730455	Normal
216.6915946	42.04147027	29.26658181	19.18733203	0.248963815	133.6290586	689.5504833	PD
240.8275879	461.0425058	140.6567736	1192.034004	0.759491471	1021.237596	3304.915534	T3
1976.581579	73.74585545	33.81299019	19.81960691	0.399256614	105.5127664	722.2458654	PD
76.81730721	82.37436943	66.50041954	47.89534142	0.43545285	159.0228806	801.5848233	T1
238.2401563	460.9392385	148.6370815	1212.059982	0.719044051	1068.421137	3371.284018	T3
439.5967602	234.0892958	198.1566446	313.4723244	1025.458002	335.9612974	1229.21083	D2
1438.934009	68.40521383	30.71257467	21.36431103	0.223741618	122.9529521	782.4146172	PD
62.59568555	51.67781313	45.15777858	26.32985691	0.352337993	141.4713105	783.1598812	T1
1794.372171	74.96737432	36.86551033	23.85787583	0.447016258	132.9516166	656.2496842	PD
77.1948453	74.68783556	59.18772685	39.46498795	0.406048257	149.1165798	779.8337181	T1
241.586667	485.2973734	138.6901283	1183.472767	0.867624141	977.6432869	3312.043452	T3
239.269366	433.9662504	140.3498036	1262.449571	0.844739555	1001.114237	3359.522222	T3
37.07361917	24.46525483	21.38172014	9.530465967	0.370061291	98.65204276	678.7630453	Normal
649.9582979	297.2189941	232.5216926	460.2041334	1755.4576	385.4377038	1426.920095	D2
384.1757236	73.49380864	66.73490855	144.4299031	673.4392494	164.9839517	764.3648363	D1
989.2203504	69.93077364	40.25117097	28.98289687	0.397061673	123.7300431	778.1497321	PD
224.7981768	308.5909048	266.0818956	206.006617	0.21239302	415.5460455	1331.715713	T2
607.1322732	212.2479631	188.4064846	420.2994935	1878.607618	291.4235304	1089.919732	D2
43.5439682	28.28922165	14.56156797	5.778504634	0.389844175	104.9162831	598.4065936	Normal
978.4504893	71.76319655	48.94897096	34.14614697	0.317287558	147.531294	738.9517732	PD
63.03785948	63.37641692	57.58859828	40.40718907	0.338453575	131.8922331	681.2907279	T1
679.4456854	246.3351017	198.3368413	446.203526	1955.989445	309.7179948	1195.883421	D2
41.80653673	26.04570085	18.17821789	7.222186106	0.499494507	86.74737681	726.6361363	Normal
942.874457	67.73495213	45.44047438	27.75188519	0.349845848	122.5603002	699.6947382	PD
41.76222423	24.30371314	24.78520147	7.649554476	0.39720042	105.2191	639.2072873	Normal
237.5897375	458.9290516	145.0480047	1168.204352	0.872021664	1023.019016	3464.570411	T3
685.0748042	62.87640959	40.00414715	22.34878072	0.469719225	110.0064538	652.3730689	PD
707.5971592	296.6944799	238.9604253	479.8887032	2010.775032	368.5995149	1369.218219	D2
66.11736433	54.14550053	39.40026965	24.27867525	0.504725197	144.0218637	724.0381204	T1
247.8387095	467.0285563	137.5089681	1209.916199	0.717613493	1033.878973	3488.10455	T3
912.6267587	84.22592548	61.32922513	152.1821359	682.7623101	134.2790051	823.5357269	D1
44.37811282	38.1103075	34.15072768	19.98867858	0.250653345	103.9798291	680.5926507	Normal
231.2501024	467.2133526	135.6071557	1245.338047	0.887765377	1020.971874	3410.876256	T3
232.4375563	460.0947241	137.1000903	1218.565876	0.911181484	1000.79949	3343.024901	T3
418.3193275	163.2325413	136.7602064	276.8777416	1195.852495	241.5614316	1016.135297	D2
250.5646783	314.7694062	249.2536948	216.0568823	0.223373609	402.8036806	1418.061096	T2
58.12490996	53.85726062	44.7606161	33.55995133	0.291190964	128.57929	651.9382787	T1
78.91289443	88.03277054	73.99630622	50.52193702	0.341179448	138.6490499	849.834553	T1
781.6856155	51.42269704	29.06868529	139.4298705	832.1097163	130.7529889	665.553478	D1
431.449516	165.0531016	135.8683131	295.982381	1156.214144	244.1727202	1045.080299	D2
237.189313	311.7726283	269.5077441	204.6868253	0.316230386	432.4444609	1312.670547	T2
51.25405671	54.00981262	43.26402609	29.06315208	0.47897831	143.4168879	685.9622764	T1
522.5652415	61.65252579	47.42859278	212.3607257	1208.965265	129.6873798	797.5691918	D1
940.2542255	81.06956075	56.49200812	120.9113502	552.470677	160.7501128	855.2880129	D1
245.1939118	322.8076263	261.3126834	202.1155539	0.440304267	387.4063024	1465.662623	T2
47.91831337	40.2631844	28.1595019	14.85850684	0.415942936	109.7457968	671.8089026	Normal
942.7317963	74.49670956	44.49929132	106.365283	483.5521054	150.9766362	700.4904619	D1
45.32633652	25.73552496	23.1197762	9.250332896	0.328193484	89.60501973	645.7930103	Normal
50.52502149	48.23059487	36.45340552	23.97788953	0.302499419	138.9515504	664.7064126	Normal
52.10015131	47.31133073	31.63540006	20.27730794	0.358449318	117.8543316	667.8725446	Normal
434.8782053	288.5066104	231.3255637	343.3929822	943.0185661	382.8453977	1391.657313	D2
224.7468629	310.4173046	254.6963586	211.0027553	0.272700162	385.2517085	1560.929258	T2
633.0581456	194.8818253	173.4401483	443.5134842	2011.805229	286.2730388	1168.348315	D2
950.9179121	63.68691746	32.29734513	111.4718799	575.5950756	119.5341792	752.8536301	D1
1932.999307	74.91099301	39.26596047	22.58920509	0.492749041	127.4645869	644.3063398	PD
71.15574099	80.91590673	66.69482971	45.51027516	0.294978612	159.7363017	748.5478031	T1
247.2197954	458.7367234	146.7532228	1190.001464	0.824340929	1004.497606	3482.984593	T3
598.4569015	33.44687865	18.81586716	9.192675742	0.271679798	113.8193651	696.8414314	PD
626.0728163	48.38219173	40.3877031	181.8305729	1014.575813	127.5434307	713.1145644	D1
65.22381396	63.46763656	50.29610326	34.89763511	0.280076873	142.0356502	799.4448665	T1
86.96577117	85.33021198	73.81357911	52.62447872	0.231068773	174.0179248	848.8233508	T1
233.2841593	470.5442413	149.6950412	1206.134578	0.801006902	985.0301941	3323.2403	T3
1467.085297	50.61614921	22.89255522	6.328257414	0.410819041	108.1016571	725.8012213	PD
235.5752604	470.2167889	142.0696794	1210.603474	0.691961131	943.3138306	3280.705168	T3
73.47272436	63.5194192	49.10430356	31.66362132	0.47294993	154.2441137	792.1749289	T1
1744.889498	75.75497945	39.08795489	28.09531737	0.483723813	122.0574133	815.0513256	PD
245.7348875	308.5860114	252.1310643	197.7670598	0.24045734	397.832139	1420.279769	T2
352.4619626	184.4626319	147.7695476	254.4852067	856.0564921	260.9544117	1114.768754	D2
228.2526833	439.5392979	146.9707141	1225.691371	0.72588542	1000.600031	3460.367211	T3
604.06551	239.7368853	198.7048703	434.4047804	1862.532884	328.4141092	1185.54233	D2
628.3247024	45.38431073	32.60738286	16.87274741	0.321361206	128.8414072	654.9673301	PD
664.9346365	266.8443297	212.4981439	415.2385048	1849.256634	328.6297858	1333.752843	D2
529.8535563	75.55606303	52.09133866	181.9343759	949.3233168	130.9400237	693.4118671	D1
233.2989333	324.5966302	246.6708073	203.335865	0.490481139	394.9094005	1437.879229	T2
480.096897	59.49298482	34.44947857	28.0504825	0.251464472	110.1488984	743.2391872	PD
1611.44639	79.50226538	40.4925734	25.08034192	0.454145508	136.2932219	688.2974372	PD
245.2406969	477.8405744	141.5384356	1237.317488	0.771263048	1002.179836	3421.213901	T3
452.1199041	216.0766052	191.341318	312.6636086	1018.622033	332.3842471	1218.396281	D2
240.6730525	467.6029184	137.8655388	1213.549369	0.69360315	1020.623454	3435.28929	T3
91.2300428	89.44472468	75.80509071	48.74209549	0.295235338	159.0097349	826.0310674	T1
73.10452434	78.95498055	71.07567972	46.51173982	0.318246285	162.6470894	872.8782707	T1
72.31642743	81.89171463	65.66461011	50.81953442	0.231679049	178.9594859	821.9072022	T1
229.518202	454.6461938	140.3931278	1243.230576	0.776555729	983.6591384	3397.374079	T3
78.84077061	81.12973914	71.99819216	51.62158732	0.296164661	160.9321328	896.7103183	T1
587.0225109	210.9552643	161.7218462	394.1574047	1772.407358	271.6930754	1090.303245	D2
2300.271117	77.62604782	31.12890376	15.20220697	0.379103389	122.4865876	712.8168586	PD
226.9064738	301.2215047	271.4915889	209.207142	0.366829237	408.4021479	1374.571884	T2
586.1067058	48.00179642	34.94424574	147.0036295	888.6621672	125.2650818	642.0536958	D1
628.078583	273.2257645	236.5635524	463.1170553	1791.928666	362.0393562	1416.61905	D2
431.8367178	214.6835798	174.8733048	304.8884211	966.6411264	310.6070817	1222.935168	D2
621.9476399	276.7674275	229.135984	449.0642361	1667.77093	374.7406246	1357.863154	D2
42.1990628	20.87552523	15.7111861	6.816948223	0.368241485	106.2818495	668.574083	Normal
484.3885683	68.03219704	49.57137445	152.0626294	801.8285223	145.7181381	770.9530044	D1
795.2968762	67.19626248	45.66070643	102.2599886	533.4419065	145.1097568	689.7450005	D1
319.7087292	28.90659239	23.14623102	8.55341826	0.282010851	100.1612399	699.3240951	PD
229.5020152	311.4205991	253.5271939	211.546926	0.251998163	374.857327	1419.029295	T2
67.03985268	62.33945782	53.63213545	36.02795893	0.514481602	151.5857939	797.7445598	T1
250.4992061	461.9898894	148.4700225	1212.432802	0.807218532	993.839327	3156.832328	T3
609.6155501	272.2751136	214.0558322	415.2482551	1588.687565	344.1227736	1240.361663	D2
238.9626164	452.1904932	130.8961927	1238.611228	0.605239376	1014.269531	3362.212067	T3
2271.402718	54.02828131	23.75829359	9.688482153	0.247667615	119.4759807	666.8655428	PD
1790.508815	106.7959369	59.45982151	39.81822375	0.331849045	148.3170995	850.5837823	PD
331.5317089	149.8006788	123.565337	213.6527967	814.0244537	222.4667273	960.6337235	D2
223.4537631	312.0745657	269.7346693	208.4156492	0.37787779	403.0246851	1455.77595	T2
42.52543096	27.58262684	23.02691252	6.624240003	0.292437103	104.4045775	587.9548809	Normal
516.370675	36.93858887	19.87784693	8.166234056	0.254754869	88.77183669	597.9172334	PD
379.7655524	34.96312152	26.20392616	13.35391036	0.45786916	115.4699263	607.0493588	PD
238.5193601	325.1504144	267.300158	210.6118021	0.289487818	372.9811736	1427.591068	T2
222.0042523	325.4236021	259.5663992	208.9920138	0.504225323	406.8192573	1452.649065	T2
507.2032957	77.52420944	57.91863763	160.0548456	829.0288465	160.4771956	784.1756327	D1
290.9670123	50.73354555	36.62351107	22.40765898	0.434246134	106.2498725	640.554484	PD
36.86445821	19.62799153	17.8997738	6.697464183	0.38618782	102.552946	673.8711487	Normal
93.39035713	92.93483516	82.28585583	56.7013933	0.270755309	165.3041071	895.0570557	T1
530.1268943	59.05081251	41.59680667	24.96912565	0.427213071	118.0523939	717.6845271	PD
245.7016524	314.1589764	252.2038459	204.0079145	0.235454404	398.6763984	1444.034361	T2
232.8045529	322.9778671	259.5430785	198.7506428	0.318316293	408.237146	1338.477642	T2
613.5308637	44.88854607	28.7383484	185.7210207	1118.903777	125.716494	642.5072631	D1
935.0822794	34.09060882	25.03024185	167.0262359	1131.587619	91.15791193	600.3780282	D1
2179.195335	61.2014036	20.88701648	8.396798626	0.497248664	117.158689	655.6203751	PD
72.21624696	70.16857204	60.79202096	38.82990566	0.223964271	136.7435736	840.4376126	T1
251.4324379	443.9925973	134.9633707	1194.101509	0.875787303	1004.31543	3338.376784	T3
230.6839849	321.3595827	263.0107319	206.209062	0.442854617	412.804767	1509.92347	T2
238.2096407	315.0160591	257.9485142	206.3656762	0.204459842	397.8954389	1485.978708	T2
1764.878407	92.164509	52.14725041	34.1215879	0.303007553	134.3202705	711.2153291	PD
44.82508523	39.91893955	25.9236336	15.72224496	0.394895486	92.40441531	646.2536498	Normal
1854.297772	90.08748676	47.68310568	30.4505563	0.478231634	141.1728397	720.195044	PD
64.9569521	62.29613836	46.9471721	35.49584768	0.449093267	138.5077047	675.1224456	T1
1739.319356	94.04923396	51.69266291	33.80106814	0.384307509	136.9480511	710.836269	PD
2191.149576	63.50229029	19.39718781	8.18831233	0.314172354	83.88603504	614.6747932	PD
250.1449954	333.2981348	264.9235011	208.8138295	0.379295571	384.9834049	1444.189613	T2
42.22336406	22.40307996	16.55800492	9.851943764	0.215760853	108.2234635	703.8831167	Normal
228.6241143	312.7544337	249.9546144	217.1234447	0.443179562	391.1705778	1447.438659	T2
761.6207281	74.82168807	57.72061059	216.4796503	1122.473509	163.2642138	802.36627	D1
28.68002705	20.69580732	19.00350405	5.399807716	0.21068365	86.35684459	648.8357664	Normal
238.709237	471.4810388	137.2587907	1222.213011	0.671749158	988.6111054	3322.861674	T3
34.99843845	28.88232296	14.29701455	7.707328921	0.242899335	85.2225985	600.9371123	Normal
228.8229594	309.1741748	262.4646057	205.4144514	0.321607201	420.2392829	1464.623924	T2
1477.156397	81.53610301	51.17378257	35.42987547	0.195408507	120.7672062	726.4927561	PD
91.67424365	108.2810792	90.89570981	57.77603777	0.318463954	183.0293643	839.3075106	T1
75.54763434	83.0774029	62.49678845	44.80937666	0.261370244	164.5029737	741.6025688	T1
236.0654585	309.0327632	267.0037951	216.4390058	0.314086081	372.9769742	1455.26745	T2
1670.356026	54.14690351	20.00425676	5.456829543	0.216111386	115.0001829	713.3000837	PD
58.35754722	60.88527097	46.31896601	31.04192668	0.426874626	123.3217832	734.4037832	T1
45.75081734	23.15150037	19.84466421	5.687402198	0.237903195	89.10188509	629.1063144	Normal
228.6496814	459.2288582	141.968337	1190.606077	0.808516169	978.7338214	3608.811352	T3
62.20065418	72.60268843	50.603578	37.60886857	0.487840208	158.9496027	676.5281367	T1
237.1364957	471.5504119	145.4004699	1207.863471	0.681226309	989.4167417	3269.079856	T3
648.999316	77.60331899	61.32165467	157.0347036	711.8716057	162.114263	735.2961143	D1
51.23384321	36.3670908	26.62484907	11.97369244	0.344364227	106.8479405	686.3815803	Normal
211.0527379	448.0940474	141.0019871	1169.099479	0.682379548	1044.298649	3431.318656	T3
236.5818454	456.4851992	139.8229421	1223.055077	0.789412906	1033.62368	3343.250767	T3
252.8635712	462.8705929	131.2700187	1238.373706	0.728737097	982.847299	3444.740897	T3
239.0380386	451.7357387	143.3165097	1196.527773	0.806246546	993.0239415	3368.968577	T3
226.5800149	313.0984594	262.5542196	209.8739425	0.206203863	414.508955	1466.794411	T2
671.2907047	43.43286057	27.08329269	101.3715764	558.6471258	92.19868288	644.6803873	D1
242.3394128	464.0053626	139.2450718	1223.889356	0.850182545	1012.044199	3548.558238	T3
84.27194886	87.10520193	69.88325788	51.60136246	0.303683009	160.1503735	780.8831912	T1
661.2396451	68.89624595	54.3319318	163.9281862	817.1308211	126.9881839	692.8780311	D1
1180.278363	54.40357458	30.68083001	12.17301817	0.282838307	93.98960729	599.2738658	PD
54.47081294	55.72833669	49.39722482	32.24301635	0.311026265	145.7320154	715.6343192	T1
238.5019558	317.4249286	249.2028065	203.4440894	0.413798406	424.3911111	1387.146013	T2
968.2282726	60.96160012	36.65172772	122.1546665	619.1214277	129.223054	794.4157937	D1
88.53322617	79.16803704	71.36325165	50.70346963	0.34275103	178.8677386	888.4501012	T1
441.3554071	34.42765862	17.38846912	10.39431391	0.449454018	99.24557442	657.0387081	PD
395.7670282	30.12747626	20.42379297	8.035656869	0.299071974	81.84651467	676.5125331	PD
235.8868355	23.1548923	16.07479957	6.187654328	0.274832707	104.1698409	651.7039805	PD
229.4378352	315.4414884	264.0232906	213.393629	0.405913249	424.0968342	1389.630371	T2
600.8332249	43.06407739	32.97513621	151.7628395	925.9922933	126.6348606	760.1250359	D1
242.3704875	453.204569	142.791451	1231.821511	0.830526863	960.0510735	3124.273351	T3
577.3183072	232.6006915	192.7230976	398.0926841	1567.340046	314.5770703	1235.697811	D2
63.76392268	68.76184992	51.6484948	38.86943331	0.43012619	142.3953046	661.0339591	T1
389.8590918	153.8375311	123.3307188	254.2548041	1070.863477	242.346573	1100.733498	D2
40.11527322	30.7356144	27.09260524	15.45840882	0.382084488	96.35045247	770.8789757	Normal
59.84327826	52.73699213	45.35148172	23.7932461	0.2820514	126.0914371	746.3391388	T1
608.8102858	41.03655287	22.1817392	12.82677009	0.279448537	113.6570051	612.4618372	PD
779.1014134	75.31477208	59.32668533	36.31315408	0.267817292	157.3163396	809.7436281	PD
237.0061407	300.2407891	263.1555901	199.2407045	0.298924622	409.3140335	1464.631896	T2
1785.409421	50.42035746	19.7713588	6.118336929	0.48065586	113.4381068	716.0324787	PD
1453.829409	43.27332397	16.65902159	8.011567158	0.325770846	99.9671194	643.3424054	PD
248.5431154	303.591531	256.1531049	213.7352631	0.32491277	390.4363237	1436.743324	T2
30.55469119	25.00911812	23.27218385	9.001738707	0.384844652	106.6168368	720.6142391	Normal
35.84202197	19.56411382	18.48742274	5.242622702	0.461043988	107.6046338	622.5953467	Normal
649.3477655	276.5913509	220.1325676	436.7478076	1811.997852	339.6699865	1281.212742	D2
232.1298759	305.6619231	259.508339	206.8028113	0.318128456	415.5460891	1293.851286	T2
82.29000551	87.34625469	67.8394973	49.06835894	0.402812904	191.7867959	771.2231225	T1
30.35333345	28.0297021	25.18677405	9.181087445	0.266233466	112.4449473	667.7532609	Normal
50.14351388	26.34550294	23.80364621	7.236923856	0.455619002	92.19227559	699.4223703	Normal
759.4128421	52.65367768	31.20932555	19.73624069	0.260744634	117.5751946	738.0467638	PD
60.41612816	66.10554668	52.23412181	36.63529032	0.267441044	134.210572	701.8300014	T1
82.24229313	83.46834954	61.2814223	45.9553589	0.325661251	173.4826345	836.4417508	T1
44.24867738	26.74243046	19.38110715	5.2503079	0.284301767	111.923686	638.2958462	Normal
978.5815983	66.29274954	52.5478146	131.0810041	630.4385157	115.9862	803.2984329	D1
231.1620229	317.3660972	257.6941852	209.6007535	0.21936085	400.0413956	1403.097194	T2
1043.465946	59.01953368	36.90363144	183.8370143	1002.347274	125.9833324	692.2273101	D1
601.2634161	153.2333019	120.9047756	384.0479409	1976.287228	216.5413265	934.3282886	D2
73.50026876	69.69061179	60.07115109	38.16940985	0.211451531	159.8112566	816.7098193	T1
594.7517916	168.2446412	137.2192851	394.5055559	1873.873653	239.8573814	1116.500887	D2
35.19583715	30.44276441	26.94531021	10.78025574	0.334131465	116.6477923	622.003092	Normal
908.9932325	69.77745772	51.59947924	201.3137833	1124.776646	152.8194803	745.0258694	D1
242.7304867	315.1065792	266.0589881	203.6440839	0.478016895	414.3417456	1360.79398	T2
77.17074787	72.04314212	55.15614573	41.46366195	0.357832117	164.432083	791.1559083	Normal
67.00061203	72.72785856	63.11259102	42.6898523	0.203766966	149.3594786	827.6810735	T1
39.14948716	29.15095802	18.45119997	8.874529785	0.317634251	93.18598798	627.1341216	Normal
637.9895916	254.9328037	224.7842962	439.6228723	1678.299388	363.1034684	1261.392333	D2
37.31484547	28.73594896	23.14707059	9.953007428	0.393707631	88.2981737	654.3978182	Normal
410.7708143	31.84534946	19.30242909	121.0247686	766.3726621	102.795547	682.055254	D1
250.7119094	306.8276896	247.6949744	198.0098793	0.415377342	402.1059815	1449.780324	T2
465.5558577	205.3419006	162.1515474	318.6632417	1229.767804	260.3212633	1143.905007	D2
1381.568862	85.04706906	50.46609469	37.9258441	0.381157434	121.6780072	828.0036778	PD
1066.979693	58.40938203	32.27543569	20.04311332	0.339022836	121.2089388	712.593238	PD
250.4607233	444.1785777	149.5167322	1220.130926	0.794450093	977.3678905	3274.899721	T3
535.1577315	151.9097224	132.5054547	350.1584558	1757.579241	248.2094164	994.9141225	D2
876.4885587	84.77201634	59.12746748	180.9706707	949.6366149	157.2212903	754.7397906	D1
52.35888803	48.0204679	32.3514651	21.60331885	0.212149989	128.066029	711.5411604	Normal
242.5843999	54.55241358	48.84747793	28.10853296	0.494072781	135.7886993	677.7411556	PD
86.12830355	79.34466538	62.72376623	43.65094993	0.407899415	172.1251046	754.9229572	T1
68.15723672	66.11058769	57.53578065	37.52671189	0.321433421	129.7282824	838.4386007	T1
530.9588272	231.7673939	186.6377802	364.572422	1404.192588	323.3541371	1227.568612	D2
873.3104821	68.53358876	44.07168229	25.74215583	0.358475031	136.9245528	736.1378635	PD
48.27558107	23.94009219	20.08691601	10.81042845	0.224250258	120.830582	682.5345251	Normal
84.81207008	80.33748962	69.94013018	49.67459175	0.477853749	146.0378522	753.2320246	T1
543.7856314	199.4591436	153.2900843	362.988658	1543.168956	277.1224791	1173.164685	D2
45.4310439	20.76816415	19.44668898	9.396882656	0.431550033	103.8209903	623.9438942	Normal
58.9780674	51.58707466	38.88494484	25.12203374	0.352127293	104.4519128	659.7908556	Normal
53.12733207	49.54078914	43.88158508	25.29999419	0.49993008	127.4744255	751.9679559	T1
473.4366516	184.8473618	154.1014659	326.3869562	1495.105295	279.6730761	1073.46644	D2
46.99897805	20.25352263	18.9519045	7.517510585	0.50264501	116.1418808	584.2761669	Normal
31.66221149	28.14639788	20.39916668	9.567333959	0.3587086	92.37022987	669.5109326	Normal
1055.471621	57.86824562	32.53477828	165.101816	948.2159541	107.8268493	680.6384694	D1
229.6996088	444.8630302	129.3499413	1270.781621	0.635335315	1039.077474	3343.918483	T3
2097.076436	85.63588888	42.1830484	27.02447425	0.28240186	141.365568	666.1800485	PD
650.6939488	287.7899657	239.3075382	463.9339513	1670.999878	350.3427056	1421.312204	D2
899.3239783	64.81634467	39.9961714	26.27722486	0.427977489	117.7511218	709.6354825	PD
251.78199	445.9240026	138.3212377	1190.377408	0.692614775	982.4653223	3363.611127	T3
46.57018502	20.19226795	15.1544329	9.74171236	0.328201111	110.2499918	659.5028537	Normal
55.60333755	53.24678533	43.24982453	31.22009585	0.359207039	127.8062915	721.2437718	T1
604.3115953	246.38458	201.7331052	437.2591815	1853.987576	341.1037385	1239.593342	D2
650.0791832	84.53003662	69.81216555	185.8566592	879.691484	142.2423225	784.3504702	D1
232.147522	304.4803282	259.0940257	209.7150332	0.453741681	401.6187958	1505.495147	T2
243.9516891	320.1035959	266.9412212	199.5490062	0.3925414	395.1482687	1506.705122	T2
227.6438856	317.2733225	264.5224622	210.4136225	0.247866061	373.5291798	1452.453418	T2
239.6543748	462.3195746	144.7467199	1214.869475	0.649328494	1064.549053	3187.751283	T3
1119.281388	99.88579218	78.2532943	206.7306012	1019.288235	180.2357191	910.1818167	D1
642.7358819	58.78298748	37.72532764	25.95659775	0.464272792	116.6834646	722.2316189	PD
229.7929156	311.189966	249.212279	210.1407717	0.325147426	398.8350215	1317.026034	T2
34.96690957	31.13939784	26.68062822	8.598925391	0.342505738	87.44158715	714.9893617	Normal
63.8811818	45.47055247	36.1734585	25.01525424	0.408141254	130.5148456	686.0634763	T1
565.0165572	265.549989	231.6986115	409.8589279	1419.479223	358.6187949	1385.129804	D2
57.80241375	63.44660528	45.2864235	32.29479142	0.265109905	118.7661588	678.6099906	T1
32.31964413	23.08926247	18.04340784	10.05828246	0.274377439	106.2886857	659.9528219	Normal
62.62786726	59.39328862	52.44803384	33.04557405	0.504740179	136.5962784	754.0138468	T1
477.8213376	149.1689513	122.1396367	309.5046652	1379.019887	253.040863	1082.947525	D2
559.7618166	194.5344128	173.7739501	383.8295252	1730.743867	278.2463901	1087.542511	D2
226.8952236	324.7477278	255.958138	204.2313237	0.233410839	398.9955231	1476.855549	T2
943.6778891	80.22576034	53.96443256	33.50337491	0.221970204	162.9516574	753.8514031	PD
513.9585882	82.97782658	62.748298	164.3870212	829.6588856	157.2722971	805.9403698	D1
864.4800434	64.40420921	35.4608961	26.6408893	0.483310026	134.7755079	743.4069192	PD
73.79192285	67.91779812	50.26796101	38.14865868	0.393269015	154.9544713	823.6379777	T1
55.41456099	58.00599831	48.2101234	34.51181066	0.301108853	121.342484	690.5158743	T1
1012.159491	97.81834969	71.44778229	113.5764514	464.0263929	157.5401287	762.8219761	D1
42.32045657	40.48710547	33.83194226	16.92634827	0.496496026	126.5107499	703.2329158	Normal
635.1399324	56.21139723	40.73175833	172.1980446	992.8896791	123.9039312	732.5915139	D1
581.3419303	250.3287745	223.8953768	398.5556611	1637.899875	365.6388244	1248.954018	D2
351.9640679	25.68809288	22.83430541	6.994833536	0.287716106	100.0591888	652.2167226	PD
251.9977629	307.6507888	271.1058908	203.6613045	0.436515683	391.6513133	1467.070439	T2
246.2106729	319.9549561	251.6510698	203.3336036	0.350143285	374.9573344	1522.415821	T2
239.8803119	307.3416678	260.5089627	213.0451559	0.439908752	385.5894195	1367.848	T2
85.75913787	87.61093125	60.02589094	50.08453148	0.404120806	181.5737574	833.6603412	T1
73.6181501	78.09254533	60.27261558	37.15255522	0.419447908	131.330216	876.1854181	T1
220.344962	330.7062891	263.1853699	210.9233313	0.345697025	394.1023424	1444.449448	T2
44.36497893	25.58784941	21.29020673	5.458853238	0.216493267	78.65103228	653.4944183	Normal
909.3952475	39.60353125	21.74999329	8.322622887	0.210810024	106.7016222	557.4779115	PD
508.2631758	54.56889855	36.30672807	139.1522994	803.2538352	113.8954721	627.7380796	D1
234.3369037	322.249459	260.000518	200.1697236	0.295355687	402.2747758	1464.24648	T2
639.052005	52.22512188	38.59093194	22.14487308	0.355358902	100.3948002	750.4889129	PD
50.63762763	21.43210275	21.45842067	5.836990391	0.422289111	115.0916383	712.6094058	Normal
77.09073306	72.3955622	58.48103672	41.28540715	0.30202755	158.5091784	805.3042756	T1
333.0222739	59.90025487	48.76028197	91.43878127	427.2035365	128.5348852	823.9185031	D1
672.4855642	60.71908283	36.16434412	90.52034427	454.7375755	128.9118726	685.466399	D1
239.0912394	479.6743791	134.3475337	1194.320752	0.862609987	1047.988988	3405.735607	T3
535.5841045	46.85645621	32.25756498	14.53209954	0.25709353	120.0621314	681.3814807	PD
243.9844788	475.4848741	143.0366376	1205.119483	0.854643063	1026.349893	3510.135442	T3
421.4465145	230.7864594	198.3952001	304.2234803	975.8345987	346.23671	1207.808587	D2
233.4800421	457.9522333	141.6999872	1159.985425	0.709544509	982.8393015	3288.914456	T3
232.5959763	309.9763124	257.3116405	206.8696885	0.336450939	386.0539363	1436.208489	T2
242.5262567	468.8593296	140.6546816	1220.147523	0.683621376	1037.332483	3487.598173	T3
70.21003983	70.34005349	56.75399445	35.44295543	0.459221647	145.7099769	781.1956033	T1
835.0153166	46.42813535	20.53819654	94.63828151	578.8115144	113.3708216	679.2936069	D1
1029.488872	57.01409383	31.56439087	15.62120636	0.467414989	119.5160469	624.8790619	PD
705.2773046	52.6228441	38.14940128	133.5111129	737.0003551	117.2318961	667.8730005	D1
491.5193745	29.5192097	15.32115548	9.837777082	0.344539934	97.28376619	603.8744381	PD
79.66642058	97.59382486	74.46139381	54.79421261	0.454794724	195.2720922	767.6557159	T1
2135.208198	67.71102845	21.03806455	12.34267017	0.445805455	95.10701217	660.3015399	PD
225.959839	470.6417168	139.2517226	1266.030385	0.817843467	1017.799031	3403.111742	T3
333.0940964	38.10795816	26.42219476	104.4058078	596.1267893	99.54804802	677.0305197	D1
63.54772667	61.99501948	48.98487171	33.80756031	0.520157781	134.9111064	825.3424769	T1
702.0993471	292.429225	235.0093056	471.2850013	1786.499243	378.8395088	1264.45811	D2
69.77590332	63.13752462	48.61645899	34.99531082	0.374162683	142.6487152	759.2473393	T1
690.0998492	262.8204586	220.9479519	495.4274593	2012.083235	363.4607931	1319.590061	D2
672.3728799	67.50887784	52.72466727	183.6357707	1040.898768	135.5651889	719.4650167	D1
964.796776	69.99185566	43.02580581	156.4221791	804.4400091	137.0519282	757.1561313	D1
238.67125	451.8852889	142.8262934	1228.000831	0.826006948	1008.104024	3436.4924	T3
365.8750878	46.62601786	40.34446827	135.9226677	741.4780109	149.4753201	667.9365355	D1
51.21362578	26.56548455	24.94308625	9.982079499	0.263277451	105.073338	620.2192054	Normal
245.5399144	21.65388338	14.75439872	84.22748297	524.863243	102.9288602	638.5452613	D1
235.8241587	310.1276144	264.7728301	210.4254375	0.456273448	374.5253119	1508.623499	T2
78.57530014	77.49190752	69.67426929	44.73808449	0.21941148	153.3179194	810.0874263	T1
537.9313815	47.81591251	33.32337508	22.50615601	0.233008264	127.744164	668.8166276	PD
237.4544204	446.1652482	144.0043094	1259.22136	0.799157995	1000.234167	3414.758927	T3
478.8032382	66.15533776	47.95860879	33.0379773	0.404189589	145.7904239	708.3195328	PD
223.2806418	467.8399034	137.9595761	1208.199823	0.66949244	1031.182685	3286.894609	T3
219.6081678	315.4317691	264.5074204	200.2706306	0.440273332	404.2774546	1484.824897	T2
49.49647772	37.01133115	28.63735381	16.47943433	0.422092805	101.3324422	680.3913309	Normal
790.3024143	45.93870802	19.27483048	13.28201049	0.291335657	110.4921394	647.3241196	PD
45.2126561	30.20179343	24.3972156	8.11623973	0.219391799	120.6515514	622.2008434	Normal
915.5863338	48.6192861	29.15984701	72.66016367	429.0870014	123.8993208	701.3734786	D1
505.7504049	41.64128834	30.14873571	156.0462613	842.9104513	113.7064455	652.7821092	D1
85.67132234	93.27489097	79.51621114	56.65632757	0.378912262	167.6942111	840.2099696	T1
39.3354372	34.55705895	21.63556855	15.01894546	0.487793653	96.78370654	663.8632635	Normal
1215.360428	38.54635406	17.58698705	8.246316283	0.357146567	111.4322017	718.2385931	PD
400.9831617	39.06558013	21.75471694	79.50737752	488.3523875	108.8887597	760.0129585	D1
74.17724426	77.91319906	64.53743203	42.69506426	0.400332673	151.4570684	849.6449961	T1
1330.948266	71.59260901	39.56054513	29.39129301	0.264203822	148.7505282	778.5912862	PD
60.60600045	64.18023486	52.45200271	30.45848645	0.37490569	131.4709243	812.7979277	T1
51.82119649	36.78724892	25.45031561	13.05962023	0.462220629	128.0412013	661.0443337	Normal
220.6965881	311.8079457	256.7617389	207.7105545	0.327021466	393.3922952	1374.216137	T2
73.71075662	82.25280548	67.85346122	48.1655639	0.270273155	148.0126193	859.6780284	T1
70.41565891	62.65654436	49.58128639	35.77906771	0.418340734	148.3804956	727.5979073	T1
59.12354998	60.57173791	47.53791418	34.12110442	0.224104583	144.2837697	701.1147786	T1
1810.248089	100.2474742	54.63552272	33.92567063	0.209527081	141.5141661	711.0928898	PD
635.518993	283.0011103	223.2353053	422.1955021	1685.824053	355.8735211	1355.8642	D2
44.94114557	34.11298808	24.01012758	15.08959197	0.490153492	95.2526767	613.1405119	Normal
224.0672085	457.0827503	131.6174621	1167.430773	0.714183573	979.7782531	3329.687719	T3
2196.538404	73.81960954	29.85482602	17.70198838	0.431983107	119.6391247	741.4767012	PD
420.9068994	187.415655	156.7462504	296.822379	1184.708223	297.4121434	1116.121538	D2
36.94026934	25.11023971	20.67973881	6.908555381	0.500806939	89.86808449	723.4260537	Normal
442.6106469	54.78948548	46.26820495	193.2768386	1115.210816	121.5523586	717.2317552	D1
72.89428481	70.25214657	63.62036311	42.7481457	0.329645955	141.4567031	857.0459169	T1
437.489645	148.4731921	124.573225	296.4917803	1415.012823	231.5466733	953.6188306	D2
80.74370572	74.62771499	63.56162956	44.40383953	0.35675752	141.8368735	829.7642749	T1
237.056882	478.745486	131.7350698	1211.716081	0.790760853	1018.881763	3254.893325	T3
472.8620373	93.46258418	71.49725286	150.4005013	658.3625688	165.740192	815.5913728	D1
248.7962901	462.0880003	133.0421663	1207.413255	0.619386679	969.0927189	3274.964716	T3
57.01874135	36.49458769	34.51593723	18.95215075	0.326627674	105.7893985	746.3401338	Normal
46.46720455	22.49812119	14.31692532	9.494874955	0.354247879	96.78372166	676.2083173	Normal
234.6189775	448.1091247	140.1043718	1235.184614	0.858583487	987.2681413	3550.0105	T3
698.9801805	234.4702761	206.817118	434.2555676	1969.219628	306.384591	1176.538015	D2
220.7478584	448.7186234	136.8405198	1162.219438	0.846819388	990.2261626	3333.60014	T3
49.6367464	40.9523207	34.31368596	23.03996935	0.437793462	137.4387989	712.607611	Normal
889.6442265	33.34441802	16.2428666	78.45569471	496.0648666	97.22731754	583.8610797	D1
582.969644	199.8955982	179.5173947	394.1324998	1689.46953	275.0674969	1129.534691	D2
43.54096185	21.8211488	14.75587305	5.633908458	0.270240924	106.9536874	638.6044758	Normal
228.372958	307.6960841	272.5141179	205.4192357	0.433413754	384.6910184	1335.570211	T2
612.4338342	315.5526762	259.0830472	460.8610684	1484.557735	379.07552	1581.983091	D2
232.302478	319.5758699	269.789072	210.134076	0.365869292	382.8804432	1440.882444	T2
242.7004191	313.8108406	260.7182373	211.0057275	0.44341327	398.7471332	1388.192879	T2
229.5930921	457.1606364	131.591075	1239.137638	0.789701402	980.7936605	3260.836311	T3
60.62263603	58.2751859	53.15419562	33.6512822	0.338188362	153.1172486	739.972698	Normal
233.7942864	298.5534095	254.418995	205.7217716	0.231260738	420.1803878	1416.476854	T2
487.7125877	182.8178243	163.6043016	320.0141884	1219.477153	283.8076528	1126.68984	D2
234.346207	453.8022049	134.6241744	1187.374688	0.769386089	1000.564098	3550.48245	T3
241.8801578	455.745186	137.0163847	1271.525378	0.784873174	973.0114415	3382.47866	T3
802.3333383	76.85715228	55.84846491	128.3235719	609.3101849	157.4880076	764.9573904	D1
70.9227646	72.21504921	61.42847734	42.130463	0.428753829	165.6924966	798.3417951	T1
242.0004031	482.7747014	146.2434208	1207.022886	0.808879575	985.1789881	3533.245427	T3
61.23765072	67.66780678	48.35640116	33.05502248	0.366799371	129.2965026	752.8848455	T1
2380.047296	59.31771151	24.88903704	10.6978748	0.340355775	117.495095	607.7340742	PD
230.2677789	308.3024977	257.3286297	206.2919647	0.280519081	407.069952	1431.210279	T2
233.4870776	475.5670061	125.278252	1207.209485	0.843326487	1010.099388	3354.465404	T3
82.86816451	78.17796637	72.69729051	46.81601421	0.48435955	152.4540021	840.5270894	T1
362.5872436	177.6234343	147.2384713	256.4714847	939.9591856	258.6248894	1052.527413	D2
1900.85642	52.83773366	19.31110841	7.408640623	0.275609707	97.10700578	716.0432624	PD
644.2425788	189.8235882	155.1355385	411.6548231	2020.495953	261.0921904	1033.530164	D2
246.6952169	444.1769093	144.2900857	1214.417788	0.753050898	979.7380946	3397.89609	T3
597.8104915	221.7439024	178.0833511	396.2834689	1774.218744	297.5988379	1141.497755	D2
523.5559635	176.1687226	135.4315495	358.1635337	1685.464239	242.2810355	978.2169432	D2
58.56869233	56.21678371	47.34784197	32.98161633	0.466043982	148.2901884	822.2268244	T1
224.08986	328.236355	259.8334382	211.4746383	0.407455773	385.7622888	1551.585215	T2
240.6449783	321.5633599	255.6586797	210.1397555	0.433577781	379.9137236	1533.303147	T2
879.3254023	48.40904659	31.41573709	88.47990331	459.3872948	123.5124339	702.4296835	D1
249.4135887	305.0406066	246.8322249	214.0755908	0.334813778	392.3634965	1535.443549	T2
228.5828852	307.440601	259.5785321	195.4949967	0.382319402	404.0327647	1358.988536	T2
37.01660288	26.83679541	23.08468624	9.198675731	0.309606498	106.3612975	669.8416848	Normal
516.4242662	202.5957216	170.6220697	357.9923546	1539.205048	296.5111068	1119.995621	D2
56.77622762	41.76319114	31.17831124	19.25222394	0.236972996	112.4235365	758.1385877	Normal
240.7157167	465.0098478	143.3426638	1183.692938	0.779443342	1070.913473	3320.611543	T3
742.6086849	41.63994303	28.04071017	14.65199036	0.370710315	111.5882498	601.320621	PD
80.38680394	71.9839642	58.40926819	42.7903957	0.339050948	146.8508125	842.867817	T1
233.9062723	461.8713562	139.2127704	1180.879095	0.776553548	969.2776076	3411.900927	T3
481.1756842	54.01762852	49.00388105	173.1324422	967.7883731	136.3315478	815.5518018	D1
43.80793133	20.95839025	15.94703857	7.346464542	0.41660374	86.85090056	627.7648463	Normal
232.8020491	474.9937581	144.9340018	1236.925477	0.625155587	941.3511341	3252.521689	T3
1945.474539	81.19330218	47.7668642	32.175086	0.335939067	145.9164369	775.7539204	PD
1057.891107	49.57164794	29.37237291	176.076595	1110.391538	93.23572567	730.2540412	D1
238.2767196	456.1858483	137.0171725	1262.271598	0.754244351	978.4229987	3520.328093	T3
406.1563815	258.7426278	225.4344577	299.6523816	833.3337416	360.5964087	1280.96322	D2
584.4533105	249.3936393	216.9832314	395.2661341	1510.243419	362.8048485	1159.818611	D2
30.75337332	29.04826956	25.52436015	5.990707675	0.233102165	88.00905195	635.2364479	Normal
45.43158942	28.47027935	24.18117657	7.961527259	0.28472701	99.68119023	700.2674971	Normal
68.04920284	80.63914714	63.53405056	45.91959194	0.25538874	145.6796439	844.6979883	T1
780.9349868	49.40470237	35.24027847	190.0937151	1180.678358	125.160541	721.2673053	D1
49.03110958	43.3371944	32.46540664	20.72217252	0.485762515	128.3089478	746.2387269	Normal
860.8824597	37.039321	19.59971229	131.7185103	870.0357361	115.9202895	712.7251951	D1
224.9739601	448.5686143	140.4983677	1247.280503	0.646249699	983.545935	3446.827564	T3
42.1677535	19.2757885	24.84330903	7.800697848	0.354250035	91.37458982	656.9465204	Normal
387.5638885	241.3472273	191.3946038	280.7899769	876.8938098	319.783599	1285.16843	D2
247.62152	473.0562078	140.9979474	1181.113892	0.675582884	947.3713589	3229.224485	T3
47.3192204	41.16177182	29.4935635	18.5700672	0.411292601	133.138408	671.5576279	Normal
1275.660412	47.37311565	25.73521544	9.495053655	0.495182306	97.62590009	614.6107843	PD
74.94496831	73.12586375	54.67380105	44.20460014	0.313842554	157.5831327	860.5306568	T1
248.7152529	306.9532416	275.1131196	214.4147704	0.216161538	428.6162784	1393.245366	T2
69.25736129	49.87333033	48.27056135	29.74484659	0.220654953	144.0838815	809.2912842	T1
232.7488596	301.6493964	258.2059942	204.2197413	0.34245817	393.2385625	1363.06899	T2
40.21372379	30.37064932	17.54034802	7.431324389	0.49259532	83.72085298	669.7915878	Normal
547.6254227	312.9815203	253.1513167	389.0952822	1134.365861	390.4729131	1380.413972	D2
534.5446022	64.573877	44.58735867	202.979103	1142.290832	134.6421814	670.623799	D1
70.07031864	61.4618958	54.26233116	34.10090243	0.425838882	122.4723023	829.3169171	T1
228.596142	321.24316	259.4526566	211.3427449	0.400972765	404.1489284	1400.577206	T2
929.1864453	67.73140799	39.69336014	109.9828089	532.3664998	150.5807951	790.2559991	D1
44.72257418	26.99241012	24.05243183	5.215568939	0.230578824	112.4650545	606.9857465	Normal
242.1641666	456.6096998	140.6864755	1231.497307	0.643021524	987.3186774	3333.516124	T3
766.4966884	71.71222398	51.37415507	103.3394922	475.0081743	165.9040841	731.0372789	D1
43.36099085	23.81643263	24.30744491	6.85821009	0.429588867	84.02995441	569.1202137	Normal
248.8915418	462.3682355	140.3804913	1242.931071	0.902166403	1000.975295	3514.045271	T3
48.39149717	48.54324544	47.24468185	28.54843268	0.264574349	142.3833623	681.288975	Normal
531.6497861	48.23774806	35.87438557	159.317144	926.6132137	136.7585339	783.3909792	D1
520.2541086	36.97169092	25.93057777	171.2456811	1117.16459	100.3382066	641.5021351	D1
57.25768114	47.9664134	39.3122493	24.14627652	0.292629488	136.9720381	676.2785501	Normal
1521.626536	45.72982128	23.32087965	7.361214645	0.326498089	81.78312775	682.9752883	PD
732.5212122	32.31993139	18.69157189	6.701760503	0.306296828	91.27283728	652.762201	PD
70.5610106	79.50287573	59.58491285	46.40317887	0.289174269	151.6344374	812.6424633	T1
2290.256056	67.11316067	30.85639076	16.84863078	0.27214909	96.58709414	725.865487	PD
233.3745534	308.3004191	262.1232449	206.126622	0.329456858	393.0687219	1423.079487	T2
69.92128621	66.81307017	64.06739083	41.6979975	0.380537533	131.2559331	779.7168331	T1
59.76291815	42.70947166	36.84861377	23.14218732	0.304491962	138.9038052	712.4251496	Normal
220.4337691	465.155182	143.0754784	1189.238924	0.802180359	1041.127018	3408.885503	T3
42.542905	27.12058424	15.64910749	6.656867249	0.341374884	82.1656568	631.8438505	Normal
79.47270691	89.92358535	75.72926589	58.60704062	0.439787845	161.1626631	776.1379074	T1
372.5365149	28.06546645	24.36416429	97.93583308	559.1607319	116.5672973	619.394328	D1
248.7881724	457.2429228	140.8274462	1290.184755	0.692149331	1026.245748	3548.693756	T3
667.2069493	72.36256278	56.8936495	159.7746317	775.9951749	129.4438701	790.8890179	D1
444.8575041	150.2237564	124.9901933	277.0556071	1282.838499	242.0460852	1033.401364	D2
2058.289326	66.94471391	30.88236976	17.92566802	0.382719772	116.9935356	655.8033547	PD
33.68768308	23.38165716	22.65714656	8.576283667	0.306387398	96.88115537	702.0282551	Normal
235.9116256	456.4216407	142.96112	1237.162439	0.647020544	985.3513861	3415.420434	T3
1244.460153	73.21744235	43.99635704	23.52088456	0.231273394	131.7442073	801.5761859	PD
93.44791387	77.61701833	68.52270187	51.17339678	0.386229636	161.1843788	870.6241335	T1
220.9547939	311.3189228	257.0495539	204.0262857	0.405985389	381.2088932	1388.035827	T2
528.6406095	263.530705	227.5962969	384.5472926	1373.18868	370.5602308	1358.046351	D2
656.0087353	271.1680503	242.1073075	462.8778079	1883.13434	354.3004748	1234.043927	D2
68.18774052	67.61818526	58.00718955	38.64738926	0.219449071	162.8679697	821.7246921	T1
238.5243768	452.9390552	147.6183223	1196.196313	0.622024133	1009.910695	3403.334263	T3
970.5792714	83.53523811	56.61407978	139.123561	666.0783354	138.3811994	764.0516441	D1
400.6810397	290.6880973	224.5831433	303.428016	848.5658284	337.4097552	1294.415063	D2
243.1814416	438.9915773	136.3441939	1192.841391	0.622005493	980.4964754	3362.410378	T3
226.3002084	453.9163948	136.9240933	1233.180956	0.852664103	1030.172142	3572.20272	T3
533.0409466	308.8137241	254.3064981	378.0585058	1317.772798	383.5486241	1401.640395	D2
651.773635	282.0678308	231.4698943	463.7218294	1707.045507	372.9689819	1292.681585	D2
245.0167656	312.4786816	266.5474541	214.367579	0.346292693	416.8167727	1412.953846	T2
242.455541	305.8233789	261.7301651	224.7810528	0.31962342	410.7185022	1367.464901	T2
372.2192749	57.42139413	46.45943675	118.063121	549.4695331	138.6123447	739.8974524	D1
233.7593635	306.3698372	253.1636425	206.44804	0.449748714	418.5846097	1399.969211	T2
83.23754617	87.0118626	75.36783293	47.65648519	0.374628792	158.1499252	760.9077343	T1
590.1140363	51.36223711	38.06588304	167.798891	933.8042984	107.1398362	725.7831789	D1
236.4865642	480.325562	144.9628796	1164.413056	0.635002626	1015.947231	3293.662177	T3
1830.363493	77.09139491	36.31834762	20.96667326	0.209062375	113.6849794	673.5302823	PD
423.2371716	243.9000396	194.5307019	308.7105642	1013.001817	324.3563877	1312.909727	D2
55.21298761	44.01119277	30.92775892	20.90414085	0.395035291	119.8140549	680.4925073	Normal
638.8780194	292.4263226	241.8849243	451.2399017	1593.880642	365.0639906	1312.550701	D2
415.8795395	24.16796578	23.17216093	177.7657194	1164.768728	102.418866	698.0159137	D1
69.53598601	83.62743882	68.87902175	45.11836225	0.257227429	162.0296133	848.5345922	T1
245.2412157	310.8760291	250.1064791	210.4838113	0.203396405	406.8706794	1361.694522	T2
1903.79266	68.96813961	35.24009114	18.03624915	0.33579278	133.8504267	738.6738317	PD
229.6643484	320.7046529	259.0167636	210.0842157	0.210179698	395.8630939	1451.373628	T2
1029.450539	87.93835265	57.8353405	188.6843068	1036.471574	166.2316989	767.5021323	D1
449.5377564	276.5256625	232.9908635	342.4793637	1021.131436	355.5858058	1355.464782	D2
35.54688501	23.11397587	19.25447467	6.593518817	0.482773184	119.1479137	613.8395576	Normal
918.3472206	49.67268354	22.39126943	14.74351244	0.385516614	124.7113504	748.353606	PD
1752.107679	70.41810678	40.2599688	20.81922066	0.519387144	100.4475283	738.8377915	PD
842.663329	46.39778459	36.00183223	107.2910879	621.3217575	104.5739476	660.2199728	D1
758.0039519	60.65084616	37.62671941	22.16997907	0.370343976	146.2745285	661.894373	PD
611.7333848	68.51283368	48.37632451	31.77461197	0.455276619	126.8835369	663.5830774	PD
2352.180064	95.77223998	41.97513493	31.05494962	0.34769352	141.7188499	747.1861441	PD
54.1796335	31.78776589	28.67746887	16.05922029	0.377569232	103.8301551	672.3149131	Normal
46.0082208	22.0082869	22.15723474	6.016202848	0.354918217	110.0527228	678.358032	Normal
558.0495468	51.88688884	36.46830776	19.17918028	0.30950178	125.6756202	641.3578199	PD
256.8617167	321.8606518	266.9762841	210.1656736	0.389751748	427.6762638	1417.505486	T2
87.96781297	96.19860555	73.00666214	53.28301296	0.205924421	169.7460332	985.4195666	T1
232.5800785	298.0120147	254.9819786	209.7001136	0.354235716	403.1368323	1369.519613	T2
233.1808147	459.8179956	133.5063368	1222.392547	0.84318587	1044.973621	3415.789723	T3
742.0570501	95.36563834	69.90242105	138.8944785	575.6866201	157.9678547	825.4690101	D1
54.85760297	50.2469228	45.85638276	30.449413	0.353743622	134.6255163	793.2215472	T1
242.5999806	462.2104365	145.4541957	1232.061507	0.69876825	1038.76814	3334.153026	T3
600.89597	42.33635652	27.56730484	155.8965597	943.4633293	112.2629597	660.4871812	D1
692.992489	89.77948941	68.65894868	227.4638162	1153.296229	147.7668534	782.4403726	D1
841.7761301	39.93355551	27.58087038	195.2280987	1207.867288	95.71389594	708.5400837	D1
80.01284686	70.70719611	52.61461326	38.82736987	0.415395024	153.7648399	765.8979761	T1
1213.419596	50.18782968	29.13761568	12.52051863	0.424069916	88.58157681	616.371003	PD
239.244394	318.4446781	266.5336461	215.6882151	0.502854869	380.9854036	1337.567499	T2
63.41975479	50.20283225	41.60589817	27.18976153	0.232027879	112.9754359	770.5949145	T1
529.5254122	194.0042742	164.2579868	362.7624072	1499.694651	284.6954198	1075.829013	D2
243.9204607	456.7862955	143.2942376	1227.50774	0.849464628	986.2805474	3316.526475	T3
442.0770408	60.15134106	38.23395549	123.90178	603.1137738	144.5243873	754.7908376	D1
727.6907336	88.78811846	65.18480761	140.0039702	523.7866768	149.5425178	871.5732466	D1
68.11939537	73.50826979	51.94144941	40.21257333	0.270507923	152.5111843	773.1841681	T1
38.55867526	20.18655944	16.57876851	8.397059696	0.364095568	99.07676834	666.067379	Normal
237.7914416	451.9967895	137.8436746	1202.794761	0.63645251	1026.019303	3511.863789	T3
1093.784728	89.23045979	65.01458718	216.790514	1209.64539	157.7610961	736.4077723	D1
1155.187784	44.04798508	24.69908035	10.73114174	0.315390684	91.31016728	719.2154537	PD
224.1263979	311.13092	259.3068019	198.6160093	0.322597293	401.5885968	1356.212259	T2
236.1269926	325.2480452	273.2120932	206.5270508	0.227861123	389.9846434	1410.49452	T2
737.3832375	47.12510482	26.11030279	111.8581066	634.1837011	126.9122218	783.6255221	D1
98.06467589	98.86340694	81.51353106	57.57103469	0.463383185	194.1675882	862.8989346	T1
85.89810539	80.85787635	61.75786573	45.32611392	0.243749778	170.7980753	806.3758184	T1
410.5426721	67.69602442	53.48943903	112.9782311	478.9839002	131.9504643	773.0882524	D1
33.11473393	26.6603857	15.17733488	9.923576939	0.201649308	110.4913918	599.7693483	Normal
53.94124938	63.78176371	50.55172176	31.96709455	0.482437371	122.1461605	759.1620489	T1
581.43572	320.121147	254.51492	441.5191464	1435.528515	420.0242359	1480.210109	D2
646.2374804	44.00243818	26.08418144	17.15421858	0.33823571	113.9978416	749.9367809	PD
303.4716358	58.29886285	42.1763349	122.2584932	604.9941469	141.804985	669.5726904	D1
929.3921134	63.90428806	37.36161538	22.1119897	0.364254839	125.4617392	735.5198822	PD
247.7844487	316.0990561	259.3485837	207.4913271	0.345120026	388.5480787	1415.688749	T2
382.2019518	169.4080237	131.7034019	275.6852889	1060.754481	242.8886576	1010.461741	D2
491.6658679	219.6835787	202.50677	335.0104949	1236.757872	310.7850508	1158.28158	D2
36.71879539	26.47110052	17.86754938	6.404988771	0.337261626	81.18952376	711.5324961	Normal
468.1224133	248.7721754	205.4710506	331.0813987	1083.560579	312.6850723	1240.983511	D2
436.6770563	48.67561387	43.29303151	128.9316508	734.9211094	129.7166021	706.5473518	D1
2180.245381	62.68377456	19.91040515	6.684051763	0.39602722	105.6813661	666.797567	PD
225.5481709	439.2162689	138.1113339	1199.283202	0.843159441	1022.643987	3547.547791	T3
708.8701652	61.80125915	49.09703288	154.288785	827.3473081	154.5777466	678.1478115	D1
70.06999418	81.16191702	62.25061429	41.42448745	0.349687158	155.5148354	723.7927469	T1
232.813221	466.5266965	140.1223645	1240.424049	0.82719351	1011.022623	3358.497595	T3
382.4259081	82.00950912	65.29694931	119.224229	500.1163656	161.2359833	775.8717395	D1
665.3027579	71.80425653	62.04338441	179.3508408	1008.60634	142.1579781	788.6278916	D1
1229.080324	55.20403654	30.34801134	14.84198664	0.353855326	118.8403788	640.3351485	PD
514.0831722	243.4631639	204.2885355	373.6642507	1284.360486	345.5971191	1421.385504	D2
258.1246896	29.48404147	17.45491072	10.33888423	0.388512778	107.6196528	589.074667	PD
802.629005	50.42305852	39.77787168	173.9235264	1049.87181	135.6799175	815.9385928	D1
66.59927387	70.89109648	58.56773029	39.11332197	0.34598783	145.6198993	864.2256811	T1
93.88943481	99.89198112	79.2146953	60.97756315	0.26324071	174.5142978	929.561255	T1
57.56991957	67.3772727	48.11261491	32.87778321	0.268508229	126.6942266	748.5868761	T1
226.830707	426.119249	143.6539065	1248.375645	0.905918821	964.9085611	3425.351316	T3
449.9412662	203.8897104	165.5682964	309.6789027	1197.757811	277.0286017	1132.276925	D2
231.5185801	306.0369838	246.3611342	212.4188305	0.364036355	412.8692635	1544.122809	T2
1904.367656	77.74334016	31.04607515	23.32873402	0.491258294	102.0002555	719.5298387	PD
239.3788874	454.2654192	141.031984	1216.98066	0.630725217	970.6860225	3310.23221	T3
241.1318516	459.8149703	137.6868877	1199.84776	0.859242064	1004.736411	3393.71006	T3
455.5947021	183.2379093	157.8540341	311.4947634	1390.239385	275.9991624	1107.001111	D2
1247.554318	51.64608732	22.19743965	13.19248017	0.238830003	118.1239292	765.4809167	PD
227.055287	320.8892923	278.5474153	198.9865331	0.353491297	382.5831189	1461.091159	T2
735.7222476	30.6630293	19.15742358	162.0243816	1054.802754	111.5219252	602.1388958	D1
404.2982783	202.175066	174.4071218	282.4286611	970.568941	310.0961132	1204.729067	D2
245.4667727	447.0504971	142.2660894	1183.693836	0.679263462	1014.386474	3253.199251	T3
560.7355127	275.4772976	222.1439917	384.3342174	1319.471495	325.7784093	1275.257439	D2
40.63368326	24.06888185	20.7238526	8.952234062	0.419093574	99.53485949	743.7050175	Normal
72.09769188	66.88025163	46.19410616	32.56320979	0.485192144	129.6233185	708.6990581	Normal
41.71912144	39.8795211	33.57596266	16.20607	0.233031801	101.2847426	670.4210731	Normal
233.3985416	474.3361204	143.1084402	1255.552211	0.905162724	1016.750682	3424.317746	T3
1647.556923	95.16977618	54.94634624	41.74875884	0.401969291	137.7815119	840.1350352	PD
339.0058077	71.57561957	50.6915672	35.17684467	0.276166349	152.4495431	850.1325304	PD
357.4803539	192.771419	163.5849934	250.4316045	794.1406828	301.8479985	1084.031753	D2
373.7292337	196.6003432	156.9910845	262.7154293	925.3731127	278.7678773	1119.211354	D2
229.498229	327.0349511	264.9475823	207.5625615	0.323104985	389.0124875	1494.458053	T2
49.65045301	19.90603489	15.3685765	5.230923617	0.451540365	116.6777599	608.7311535	Normal
80.7620101	77.4732732	60.52112494	45.11895103	0.382469917	147.0261388	740.9268022	T1
239.9546749	303.765247	264.7099925	214.7440774	0.205580194	405.2012583	1590.587049	T2
249.7962955	454.703001	137.5344434	1225.955307	0.617823793	1007.505104	3351.667486	T3
71.79825407	71.21180868	60.56407002	42.54139163	0.468271967	136.1312667	788.1216308	T1
31.11730061	27.78016012	21.69461967	7.767972605	0.364006553	119.7921685	575.9783593	Normal
231.1058164	469.181606	140.0725192	1163.702376	0.726166106	1049.625185	3462.201384	T3
42.31594438	23.41588766	20.51475647	12.07220882	0.437028494	113.0220418	614.3575414	Normal
544.9601323	196.0218867	181.5022027	385.8286085	1566.693687	278.7953422	1185.709007	D2
231.0278271	430.5905328	146.1596954	1216.963696	0.639157014	971.3317063	3482.033814	T3
527.5550841	68.37955728	45.6767001	101.460694	494.3597821	148.8598117	826.033317	D1
53.7514444	45.22660073	35.81885109	23.92515847	0.331324571	108.1416191	703.5094498	T1
1780.375737	52.01251619	23.95233439	5.36459566	0.288532399	85.66525944	629.9088955	PD
992.0244067	100.2543102	76.39040129	205.6231039	981.3565761	180.3332499	811.7402656	D1
250.5285375	314.6675397	261.8671127	207.8961729	0.443012805	384.5629836	1343.097334	T2
2213.3328	90.75371226	39.50581114	25.02425592	0.199767638	118.8730839	701.3587193	PD
232.2987378	470.6684099	142.5846805	1243.960748	0.61826337	1020.03253	3344.801719	T3
64.02876243	51.91762399	47.75963585	27.71599037	0.487859257	138.551044	803.2578761	T1
54.37077739	45.50627845	36.04769744	17.55285216	0.395598937	140.9868717	727.1158405	Normal
247.8427925	313.433798	264.2587861	213.5768356	0.47475429	398.6396669	1411.034558	T2
748.2169442	65.0319733	52.05301059	212.125986	1198.380957	136.791492	827.0847575	D1
83.63768706	98.42804129	83.43372939	57.87736226	0.351887653	192.6114491	863.5721801	T1
54.05397156	59.31898878	43.53455734	28.43020771	0.390334447	137.5928654	819.1933896	Normal
663.4277189	254.0694102	225.5021727	455.4541824	1717.43067	337.8696956	1219.238113	D2
243.6487321	451.0059015	148.590783	1268.639805	0.735733961	1011.309679	3304.346075	T3
376.6646908	57.53319825	44.17038788	157.3644139	895.3587835	150.3924112	750.3938645	D1
234.4150172	328.3282813	257.6584108	206.4538777	0.366730242	388.3456724	1483.19695	T2
731.1174909	92.64826206	69.49980433	136.9268328	664.287667	166.9589162	785.6528626	D1
231.8744415	311.8924397	252.0617682	204.1610815	0.312053414	391.643643	1418.361799	T2
247.8691705	302.4574306	265.8461102	208.1799878	0.221055721	398.1357416	1368.336501	T2
239.9242923	444.0734856	137.9955088	1217.575722	0.87283016	966.7421703	3481.311887	T3
988.1065388	84.29758785	58.75290437	194.5284832	979.7972365	172.1213546	747.4988334	D1
972.6992989	70.09336472	42.09286096	23.77801773	0.500803004	135.4366913	784.4960374	PD
1805.798446	61.50121695	33.44446807	18.50197449	0.481447162	120.8907255	659.313093	PD
584.4024189	240.0866301	195.2712259	396.9639183	1707.438322	332.4044297	1226.256284	D2
472.548357	241.1150324	197.9635873	320.8279808	1150.163519	308.7447225	1261.467769	D2
367.1069974	220.7924579	182.6758449	261.3965718	819.4205381	290.5688179	1246.73138	D2
813.014177	98.26772334	64.94310708	172.7716671	802.7237	171.6392856	807.2575062	D1
30.98268919	27.19618732	15.91161666	8.554907362	0.489198587	110.1115763	576.2808239	Normal
1059.824179	93.54852906	67.71019593	190.9870513	1022.862861	136.2301476	806.9235067	D1
60.62410191	52.83515846	50.30545366	30.47352009	0.211215534	139.9191667	819.1056657	T1
399.4717597	239.5904824	197.8602687	294.4479314	917.6019091	312.3598023	1234.130271	D2
226.2357157	458.1605794	143.6031197	1226.651719	0.801532281	1035.252852	3308.15064	T3
59.02278144	59.6506415	55.75944645	31.18699545	0.297959095	130.0103352	794.680653	T1
47.47227905	20.6688035	18.31473265	7.904919698	0.34391873	87.53617635	672.6839512	Normal
1009.674479	79.20008535	51.445129	34.70575743	0.435418363	136.1052238	775.5844446	PD
235.6503761	468.8344744	145.4841954	1222.625316	0.620584731	987.422369	3333.774483	T3
237.6776973	451.6395257	144.2556574	1172.026723	0.668071386	1035.298734	3516.254521	T3
74.06790516	81.54514476	66.59899675	44.25629719	0.259640676	165.3398148	833.7213633	T1
448.8501343	78.65613321	61.51358158	154.7930709	665.9021078	135.6575457	825.2631368	D1
58.69806168	61.9846715	46.098009	37.06947767	0.39908258	140.2785588	661.7734943	Normal
74.44167265	71.42942628	63.33333453	43.97625375	0.229236168	168.4392633	824.5113168	T1
913.3120947	76.7565749	55.21436053	176.4630587	873.0971192	152.0290911	799.0668527	D1
56.5608282	51.67772558	48.15146356	26.81988431	0.416644791	127.7402609	702.0041208	T1
91.05387795	91.71589975	79.06131434	55.41753866	0.274413503	183.095952	878.0675923	T1
450.8398606	263.8460261	215.4460836	312.4708335	990.8553901	350.0877482	1361.200764	D2
66.47777776	57.98260528	56.79853231	33.7060698	0.256488284	138.3402439	733.9063945	T1
482.729563	156.1623541	133.8751218	315.8519152	1421.834857	219.0326905	967.1659577	D2
235.325821	317.8733829	260.0407797	209.3544275	0.215323804	406.4916118	1425.895587	T2
80.40789597	78.7459894	65.06523302	42.44912369	0.20152329	168.0876711	761.1843698	T1
242.3964633	325.4257972	275.7643283	213.5842008	0.23177672	414.6270647	1466.08946	T2
34.07694946	28.03967401	17.01970433	5.740654469	0.419198619	101.2614824	654.0341165	Normal
1155.00835	61.64269817	42.08558654	22.35646059	0.258333955	127.4466096	763.207263	PD
787.207242	27.28979148	19.86075808	183.1980744	1179.683744	115.2192381	671.3403812	D1
228.4657482	459.4034128	136.5730655	1218.839667	0.853201054	1004.298618	3364.033324	T3
707.7575389	46.15043626	29.86946508	123.2405675	679.3271572	120.5897662	713.7412147	D1
553.850058	177.7069356	153.5022993	357.4736017	1729.015524	260.3877011	1054.650268	D2
231.6013325	298.0894341	249.3174005	213.5714246	0.396756058	421.3722621	1422.755215	T2
404.7825704	64.92395003	51.70744275	122.5594403	573.6937713	149.5950386	699.550382	D1
530.8770649	36.85878962	23.16364878	8.100356181	0.308921387	113.8108983	632.7632	PD
645.3984162	73.63874374	52.34933061	141.1605216	786.071243	153.8939469	802.7499743	D1
1001.739082	81.09035387	59.49066392	193.9362455	1052.908155	155.2247854	840.4220851	D1
46.84873194	44.23926031	33.00940162	22.4901672	0.382669499	128.6539396	646.4678167	Normal
606.3411475	57.01627989	42.5683622	174.6074207	960.5476613	137.0330757	715.7344934	D1
235.2899543	309.4509627	259.9653459	206.4621086	0.332766034	394.6352207	1531.531229	T2
466.2206552	242.9718189	192.1996796	334.4203205	1199.113782	337.4518237	1197.353167	D2
610.0164455	245.0316609	197.9197223	398.1502516	1691.112295	319.2968944	1114.259631	D2
60.735162	59.11959728	44.21721552	29.86980467	0.30903203	123.6551977	699.551399	Normal
593.7802585	33.14263248	24.45488324	112.0762787	705.7815797	122.1151202	666.4720651	D1
504.9322178	219.6199162	184.0611984	363.0614609	1438.720971	295.9588692	1186.827194	D2
486.8392598	285.6433154	243.3857088	348.05223	1026.833739	376.7040868	1317.234829	D2
825.872013	68.23765983	52.92173746	108.6178342	505.3266515	158.2669116	753.006939	D1
235.1184097	304.0411185	259.5671849	208.9913754	0.216666707	383.3614436	1466.53632	T2
2060.933762	60.45801723	20.78393493	9.655686061	0.353357177	117.7603663	699.3395553	PD
231.8838788	297.9242425	265.3911732	222.3005811	0.496106555	397.3178295	1504.306136	T2
536.450656	62.87125902	50.48894823	95.84704094	435.4091244	123.9512118	812.2909796	D1
1612.362484	87.91028176	56.17224193	32.78032558	0.212063736	144.806943	780.5525482	PD
1813.894065	54.4872714	19.32900221	8.491653209	0.277052581	111.5075944	657.7444385	PD
237.0313464	309.8325076	256.1251272	205.2690965	0.231825783	405.3635916	1395.871066	T2
938.0930224	67.32950897	46.98196339	109.8826043	537.0574261	121.2008006	700.7805266	D1
370.7826504	178.8186197	145.7187979	253.1227512	883.08797	250.5920246	1002.86812	D2
228.6185651	303.8241303	251.1218721	204.7967241	0.405709824	369.5837156	1433.307211	T2
462.9486735	26.82564219	18.66947553	6.253790521	0.461102818	83.18672564	644.5320356	PD
238.0049953	323.3363744	256.4169408	205.6698646	0.431749224	416.1526313	1451.90316	T2
1175.273545	53.48009372	29.39522517	19.88691792	0.396026479	119.5997142	610.794833	PD
891.6392933	65.82403194	50.63383118	144.8865042	759.6381668	133.0850073	760.5803753	D1
63.49761829	67.84108007	56.09038005	40.84007518	0.265947047	151.8846853	706.0369855	T1
252.0731192	451.9827884	134.2772138	1182.62057	0.782436211	967.2064243	3488.434627	T3
241.2456538	313.7780882	252.4740103	211.3509265	0.284249621	374.8936178	1458.057954	T2
765.1570846	36.40138256	20.07784131	6.374611595	0.347978962	86.93406786	701.5007076	PD
77.8347938	86.65548446	74.85523118	52.11300164	0.343803334	143.251634	788.9462162	T1
351.0240616	159.8951544	127.0814047	237.1338135	901.2166806	230.9975723	1030.981284	D2
242.124215	306.6102126	270.6271161	207.090138	0.497955078	408.0581478	1484.780628	T2
50.12379453	25.07103946	24.29039799	10.48186327	0.441053774	126.9490745	727.9279293	Normal
2073.390989	65.06951033	25.15759482	11.92982453	0.413150432	102.4563533	680.2551727	PD
1173.120742	65.99904203	47.24544361	29.36973975	0.398868551	118.1174626	665.1541754	PD
1134.614338	94.70292108	53.58759706	39.72669036	0.471361722	167.3993402	750.1998267	PD
35.76009065	22.75247032	17.7244118	10.60430251	0.283198188	115.5557073	716.3792269	Normal
616.5684365	251.4637588	216.1893158	398.7744038	1631.54106	299.6127888	1291.875877	D2
83.35783921	102.5858311	78.59952661	59.54761071	0.325331502	180.5664459	873.0780912	T1
229.286389	310.9987423	265.1037838	211.4895087	0.219055732	401.1178917	1467.79169	T2
74.08218487	60.71669118	45.79854067	32.25408421	0.223280568	122.3611509	741.6729542	T1
94.36573979	96.80880021	78.8485025	57.24011549	0.221129324	156.6380956	874.8945299	T1
72.03948409	80.33354156	62.49304687	48.95851401	0.253764488	165.6263932	755.7027519	T1
1103.189169	63.96737586	33.19213935	22.66042389	0.441364317	116.5737496	757.6314427	PD
80.13234835	65.26190289	62.94287746	39.01595033	0.494938344	133.2292493	782.6949047	T1
75.64758063	76.4956617	59.44547973	46.61989774	0.380245015	142.4241612	811.6674161	T1
493.8345439	69.09138606	51.46492904	140.1874126	769.1582915	148.0757962	797.9789367	D1
231.1118775	454.0256575	143.7739004	1195.931735	0.868187875	997.6595686	3299.362034	T3
1758.506523	92.3688931	53.14843383	30.52666868	0.30755759	135.1441037	719.2949267	PD
82.81563442	85.50451205	74.98458045	51.36084666	0.421131749	174.8598074	893.0015201	T1
568.7961942	312.4507375	262.3178204	413.0572094	1386.675745	389.0795985	1406.901484	D2
712.241053	321.7959236	246.9569512	516.8678395	1751.937296	449.9456166	1554.715469	D2
441.2945107	217.1386581	183.4920987	323.8529694	1116.43924	330.0662907	1136.54315	D2
550.8624217	242.4573013	203.0576087	355.5078607	1434.409418	335.6160991	1177.559091	D2
39.04215059	23.86120013	16.79476948	8.526660789	0.299595437	108.9736171	701.0299907	Normal
227.9454159	460.3802862	142.7232673	1186.014448	0.835489034	1004.30562	3256.630993	T3
952.4081117	83.02913516	54.57276892	204.6944276	1110.061057	132.4833759	740.480281	D1
1507.276451	52.36361832	15.57773386	5.940014078	0.206395377	97.97639496	682.1818452	PD
50.41838189	27.11810151	19.18086084	9.646511387	0.439216957	98.7577816	665.5669015	Normal
991.8318498	82.22589919	66.7520546	175.7054065	844.7907767	160.6055195	828.0101622	D1
240.7604958	450.9139317	141.4485801	1241.090665	0.655195896	959.830237	3355.286576	T3
37.71644541	22.7962965	15.82013165	5.619071191	0.478247856	112.8888785	749.8964427	Normal
464.9052647	210.9613121	186.2970668	323.7356611	1107.298765	283.5813248	1274.458075	D2
660.3653456	86.79350852	70.31772666	186.3071194	882.1346455	171.1317862	745.6596979	D1
56.95098875	37.1345515	33.09116897	19.98728658	0.460353517	130.3961936	713.1727604	Normal
235.3002068	458.1259425	141.5198333	1229.722603	0.733892246	1023.503006	3462.212315	T3
621.0028469	290.1662189	258.0851536	454.2548851	1493.569418	406.8159752	1522.924459	D2
865.4453291	42.10335309	24.29372196	166.213093	1054.828864	132.2515614	703.9710106	D1
235.661178	462.6938657	139.0183993	1219.887094	0.765325811	980.1971516	3383.51478	T3
59.2090337	56.6846509	45.96260804	27.81304217	0.425340811	129.6968764	788.3654973	T1
59.58708047	62.70687091	51.31958142	33.04234613	0.408717716	146.8436447	834.249326	T1
1172.231518	59.13224385	39.21537878	20.98391294	0.287201869	103.736092	722.6982213	PD
242.8127227	444.029881	138.6234111	1197.592126	0.689875909	958.1086002	3341.882546	T3
1884.306653	66.2935942	31.97728233	13.11689422	0.27037662	113.7533634	686.3832736	PD
243.7652234	443.5432129	147.3987792	1251.114862	0.800038009	1025.107038	3527.360015	T3
559.0888871	294.9915374	244.6331219	375.7599375	1406.773199	371.2567856	1365.118795	D2
244.1733466	314.1623856	247.8653357	207.9447178	0.20826074	404.7171495	1380.874903	T2
232.9683446	452.5914194	132.0103888	1149.333718	0.719621956	958.3742945	3493.037716	T3
51.48852978	28.25702871	26.70233667	12.88339975	0.473216367	114.8402231	595.9567029	Normal
222.828014	25.33957291	17.09835419	7.418399841	0.260458587	113.3899305	703.8473186	PD
242.0487115	436.4713813	141.6004294	1182.779275	0.813111208	983.6563115	3362.336479	T3
230.9721238	457.5888727	139.9922196	1193.186853	0.799163027	1011.860666	3333.026809	T3
237.6950901	462.6468849	144.7121214	1247.270681	0.685950462	971.9520329	3161.257447	T3
81.12778298	81.73266259	69.31535993	44.45493166	0.396892757	142.5081153	766.7920585	T1
997.9312961	100.1902215	65.17761066	174.4051786	910.2034625	182.940475	806.0808626	D1
1179.638405	67.04176026	44.82509018	21.27735745	0.475380635	112.7716135	801.7380739	PD
2324.434233	83.31210858	40.48660357	23.29204648	0.264983813	109.2227	714.2401333	PD
229.3288719	309.0243896	254.9101657	208.2152918	0.361694279	423.6910018	1363.619745	T2
249.0243044	476.1015034	133.6570179	1245.669708	0.761456648	998.6570186	3413.320054	T3
488.5344235	56.96295402	41.40705158	152.9836846	836.3632881	133.9065405	823.3406157	D1
579.6052804	277.9661658	244.6659785	398.4855992	1481.206522	374.0158477	1355.809417	D2
241.6810381	468.5488207	142.3638468	1221.117214	0.775245168	1037.116522	3408.705809	T3
2227.770163	83.31880253	39.17554315	26.87722248	0.235543776	141.3492737	791.5949786	PD
1097.886858	100.2233512	72.69131287	224.6382533	1094.097636	158.9915247	774.3354162	D1
72.08882074	63.02985965	50.42800333	33.7628551	0.34932808	159.1170063	786.0901367	T1
243.330615	461.4792352	142.0782951	1227.776764	0.810290875	997.3626273	3462.975387	T3
524.5060101	60.707477	45.99074213	181.2960045	1036.836737	152.0113426	695.1750735	D1
460.1462341	287.0910271	243.3166647	351.0257782	956.1157154	366.166732	1326.837561	D2
253.5466435	309.8312785	270.6138161	212.0612492	0.365633575	395.22603	1435.922443	T2
223.767741	469.6488907	140.992238	1208.444355	0.602760191	972.5612679	3534.994605	T3
707.1633932	273.8897449	230.7235961	489.9123726	2048.751902	383.6470199	1383.61785	D2
40.13326518	32.37134504	29.44333888	14.74709936	0.233202174	122.126184	655.8998078	Normal
48.13064166	26.1088101	16.4327724	8.25504521	0.286247627	91.37601341	636.7605605	Normal
923.9070999	47.51013095	30.16579269	145.1196765	901.7740008	102.2002296	739.3104683	D1
245.1464612	330.9989285	263.5871618	206.0288817	0.26737657	397.8407273	1464.934502	T2
53.54301372	49.72217717	38.13151537	25.36716996	0.29624717	120.6516111	715.6374645	Normal
883.2727263	88.72970126	67.14320466	177.6189688	855.8770566	167.5178705	864.8346273	D1
1413.657784	91.76561714	56.75093703	39.64251009	0.483622956	128.1365495	711.0302295	PD
53.49954913	68.51544612	55.0352577	33.11308752	0.245213369	145.7613742	795.6439481	T1
234.7423393	307.844088	265.7197733	210.0463141	0.458007433	396.6193798	1374.938456	T2
796.585992	41.87048885	29.28122756	10.2069825	0.337410141	98.27435822	631.7157655	PD
648.029016	70.38724335	44.47328668	184.6813232	1070.500943	135.3087372	711.1448757	D1
60.56582411	75.69349404	58.6080607	41.12554295	0.437849605	156.6484863	812.4598333	T1
68.7437071	66.42447689	54.9741474	44.90035213	0.217066815	147.4697336	827.4389912	Normal
205.218003	35.81359573	34.98623858	13.84704017	0.426104575	98.60507123	668.1867944	PD
370.2069264	135.6352362	113.984703	229.0553873	967.7689063	207.7224475	959.1226501	D2
41.19322078	26.57911504	17.29206485	7.237632648	0.394550078	91.23126287	601.0995304	Normal
1066.27166	104.1810041	78.20227477	188.071022	886.6784857	177.2008353	810.5503636	D1
46.62650233	24.17465295	21.23103614	5.431371098	0.356639254	80.02400725	625.1610279	Normal
1665.218427	70.46874042	36.09370282	20.70587752	0.244929057	105.6079541	733.7252827	PD
247.7350307	444.5852339	137.8268612	1208.857429	0.851941298	987.688933	3535.436294	T3
54.51493415	55.97648871	47.5436124	30.3525466	0.394926707	111.9374643	752.2086501	T1
77.93570722	68.74698848	59.20448708	40.02959252	0.48629072	146.3062514	752.5903077	T1
61.10501527	50.0216713	43.29916404	24.69619991	0.40740571	123.9473069	787.7372838	T1
248.0187155	434.3970888	136.2878543	1209.423136	0.762452274	993.3858039	3422.990713	T3
437.1150862	183.8527487	149.4084292	289.9900801	1214.441182	236.1440307	1079.294974	D2
46.33613056	22.80849998	22.54295832	9.758094325	0.45568463	104.6941938	586.8037587	Normal
1214.062714	46.15515573	19.53330004	7.298662814	0.432061834	78.41738465	722.6728115	PD
244.7031863	305.7715121	266.1049025	202.989466	0.457111494	411.2318352	1493.728972	T2
244.8823081	321.0455664	256.8894358	212.6616287	0.479143233	394.7409402	1478.83055	T2
60.0073976	57.68443505	42.9627939	27.259228	0.341201719	129.2737079	771.7623794	T1
580.7928531	43.76886473	36.18871984	182.2994703	1053.999962	102.9638935	709.4790953	D1
226.1172924	444.8320689	138.1420189	1191.323134	0.655383777	1031.931145	3441.311393	T3
35.96968389	20.06905778	22.2272578	8.693585577	0.431516186	81.9330386	686.4609617	Normal
224.4781832	453.7677548	142.0911917	1174.165059	0.831971064	965.2649767	3436.606779	T3
71.45546578	76.75723687	68.26476057	48.89956565	0.298938173	157.8937858	780.1492397	T1
510.8823021	222.2182498	181.8828199	343.6088568	1295.66998	297.0942047	1218.722042	D2
239.1221449	303.9424845	257.6810001	198.0966516	0.468193044	384.7404635	1380.761188	T2
244.5336927	307.6409039	248.8179115	214.3594265	0.339178001	396.6194118	1429.510584	T2
245.6567621	462.7589526	136.6755404	1221.517248	0.877859257	1025.279445	3320.356873	T3
793.59401	68.7924991	45.92162307	32.8721003	0.374330054	135.9079817	679.6706835	PD
543.0180266	243.6456204	196.7539637	380.8657291	1501.563397	329.6168851	1278.678259	D2
241.7347227	450.2690658	142.4987267	1211.356465	0.717990616	1001.047411	3346.824994	T3
1790.320951	78.77558168	32.59033651	20.20991161	0.466874061	129.9232867	712.617422	PD
235.9640117	466.7777848	135.0195443	1146.501864	0.654067702	989.4158962	3324.726705	T3
47.78016363	49.10351696	34.71988203	24.62262012	0.252695535	101.4243889	723.699914	Normal
73.31227981	76.92866897	64.71355157	39.89439051	0.254224765	137.3394604	721.1250083	T1
71.05189297	86.69005854	72.90821693	47.69929451	0.432510203	178.0437235	870.7580426	T1
578.1221843	262.6994166	207.8141358	399.9757402	1589.574	342.8674246	1207.107576	D2
249.4577422	328.0538452	263.6678199	212.4815333	0.404653683	390.2291892	1473.706433	T2
236.4352805	446.1220029	136.0337337	1212.532628	0.669363124	972.9215473	3273.280701	T3
653.5228781	59.82910363	34.13396145	140.0225845	777.4438522	122.8368882	662.3244449	D1
629.9146615	34.94478663	23.77190293	74.23215404	429.6475236	122.2193429	656.1282747	D1
241.191909	303.031241	259.4633294	207.5128038	0.239204515	414.4258125	1409.824921	T2
228.03149	440.6011107	136.3699165	1157.537249	0.728257252	986.7221588	3324.898905	T3
45.13630086	24.95728253	20.47010119	6.584298589	0.257628565	85.79934683	682.3368392	Normal
1949.073058	71.57084764	34.93869809	21.03770631	0.235033507	95.93639472	704.3983679	PD
32.80077059	21.73310161	15.75582308	7.075433924	0.242008116	102.2593535	670.7777667	Normal
213.826106	69.724848	47.17609045	35.78039337	0.253421531	149.1944966	772.6160559	PD
77.11005865	66.91727545	62.58872558	37.92169922	0.501054518	158.4689331	764.0027173	T1
72.74345593	75.12414235	57.52866625	39.3381676	0.50658934	136.0156303	715.5818119	T1
233.6083357	463.6336719	137.9405265	1180.748243	0.881198591	978.9194961	3409.703978	T3
42.91187274	44.87145502	35.66740068	19.33608735	0.421256124	130.0840837	748.1982021	Normal
723.0442261	90.29720517	75.60698705	175.0920433	854.6311545	156.2124974	793.3606498	D1
73.53173842	81.19613445	63.25640163	45.87934732	0.36445163	154.7692041	866.4734375	T1
239.3664331	310.0869396	265.4387111	212.6663059	0.249580407	383.1916535	1451.654543	T2
59.26568318	60.36968334	45.86654108	33.41805108	0.25971927	129.3155149	764.9735573	T1
79.46101503	78.77345006	65.98749505	47.57265716	0.277492748	150.359926	791.1351604	T1
1761.206524	48.21468216	14.73448787	9.429260038	0.266343654	94.3164495	623.3792948	PD
604.2143478	213.1412977	170.7113404	403.6680467	1795.906484	278.2241059	1081.61831	D2
452.9964043	289.5594881	238.2248818	325.3842075	956.9399409	377.551157	1399.229768	D2
1986.508035	66.3007549	27.47282128	15.29239599	0.25649852	110.272403	696.9776936	PD
237.8347444	446.5025449	135.8356013	1198.901709	0.688094033	1044.655275	3403.673521	T3
252.3644817	329.5571919	260.4800511	216.061966	0.317358232	369.8784241	1491.215298	T2
509.848345	185.1475619	152.746693	356.4154304	1556.403814	264.3330042	1046.107222	D2
237.4191603	450.2105386	138.330347	1208.952953	0.793638059	1013.80733	3341.919086	T3
400.7286116	139.7361839	134.7747806	251.5985335	1091.887883	230.5700139	980.636621	D2
930.1751589	53.50146649	36.47908346	138.4883075	780.1576433	112.7459307	777.085635	D1
1189.34477	56.94683186	35.59819048	15.94855364	0.208958432	117.5717484	723.6865931	PD
346.8067015	186.7298946	150.2697834	243.5653112	810.6595362	249.9194117	1174.406332	D2
711.6299731	70.27525404	47.72216578	34.723498	0.480296994	120.6316367	709.281995	PD
220.7636364	310.9194172	263.9422814	203.8287555	0.374918698	425.0845955	1349.299026	T2
29.89993484	23.78102808	17.73100199	5.696313881	0.465330462	89.07471229	677.8433505	Normal
495.5220358	185.3687097	152.7163236	330.7239056	1334.372093	245.5734016	1084.425395	D2
529.6103784	286.3446003	227.1632736	382.5786042	1319.310805	372.3585233	1318.170705	D2
233.0532783	316.0295586	256.6772668	198.3263504	0.468465644	417.0186142	1454.524381	T2
516.3501868	314.9362579	261.5950508	392.684229	1174.121012	410.3362578	1472.2568	D2
65.98716887	57.23937173	53.80383733	32.9693673	0.489500571	155.5133032	687.9750737	T1
935.0776127	61.63430476	40.73459419	169.8479037	931.9638253	131.8151632	700.6208162	D1
655.8309755	34.95553255	22.59822161	111.9263873	686.2461432	80.58039482	633.006036	D1
91.35621719	95.77771483	70.19830277	57.14353987	0.319233613	176.8648709	795.2031302	T1
248.3620744	467.0862067	141.331809	1250.51739	0.870633273	1010.232179	3467.699503	T3
438.4205006	176.760676	145.1853541	306.0595802	1174.328986	252.4799819	1056.2431	D2
236.318624	452.1673535	138.8049485	1195.230979	0.670392791	974.5122554	3351.814453	T3
234.0020325	315.3443364	257.9460915	199.2258827	0.20843391	406.0890658	1493.712244	T2
223.8228666	464.098369	136.3035975	1258.756728	0.707873929	1021.413949	3658.434448	T3
78.10616495	65.7417724	58.68582749	37.74519689	0.268520558	135.0707767	720.8199906	T1
421.7712666	190.624014	166.3952838	284.2739764	1013.375673	253.2299749	1089.917193	D2
240.2516871	456.632292	131.510614	1213.566988	0.854558656	986.4423323	3526.365368	T3
230.7702427	314.3100101	264.4225599	208.1831376	0.316221654	420.2404047	1430.998866	T2
739.8259797	37.66183974	23.70540219	164.1201069	1019.362959	111.4401868	605.8094258	D1
247.8882877	315.9479902	251.6936999	209.9354179	0.288689848	389.4790291	1361.798824	T2
51.5891299	31.13830499	23.58604469	12.21775532	0.345736061	104.5462922	673.3089511	Normal
1395.95256	56.40485281	23.39150948	12.35294348	0.286804332	120.8132596	659.0864779	PD
243.3627726	445.6593678	135.605054	1151.394998	0.604143675	1019.840398	3338.420329	T3
59.27368554	54.06261922	45.03791927	27.62664131	0.467405374	129.3219219	755.591267	Normal
226.9403178	471.0712272	141.3429955	1303.73678	0.755365169	982.3338812	3372.992533	T3
236.0027292	308.4209373	271.3096486	207.1572326	0.482231479	387.3614397	1505.379761	T2
238.9276168	453.9883586	140.2379072	1235.419996	0.813047842	980.2570879	3454.983804	T3
229.09469	313.8377637	254.7577856	203.8142495	0.390951965	417.7309801	1403.851999	T2
231.6475681	458.7550135	143.7855875	1141.072661	0.746707312	1034.618675	3580.957515	T3
241.4483751	52.91907775	37.4417918	21.75327716	0.287272447	113.5802842	681.1461917	PD
635.3524811	249.6935697	208.796743	419.1493772	1775.685505	315.0262947	1178.865408	D2
448.148702	185.6692594	161.3197524	305.5992285	1251.614974	266.0494278	1019.421295	D2
232.0769982	325.9792635	253.5235475	211.1621085	0.328172493	399.9153805	1355.446279	T2
448.2613829	187.0551	159.4701547	300.8080479	1255.710347	281.1374715	1144.075235	D2
659.3739434	66.85751961	51.55636327	183.59939	1013.45657	135.7571589	667.700773	D1
46.67573373	28.60216889	29.89655295	14.47194424	0.307194585	109.729077	716.3714243	Normal
73.55030172	73.56855549	61.03829557	43.31597807	0.233442592	160.1128729	791.7153833	T1
1488.297992	64.10010621	33.48660402	24.33159591	0.377104646	119.198516	778.8824809	PD
47.56445694	24.49545582	19.66712838	8.332699468	0.471864583	111.7007501	609.6550006	Normal
32.12665697	30.230693	16.43207471	9.559653406	0.454448643	98.71244373	766.0014455	Normal
230.1696365	441.9980802	147.4924046	1218.327654	0.762684566	986.6779688	3451.843813	T3
1006.20365	85.40615273	60.62322787	141.2454732	620.175862	171.4356172	827.7010197	D1
237.8932973	461.8254521	140.9755765	1230.015255	0.701750907	992.2114642	3427.815332	T3
40.35977458	23.24690571	22.0679841	8.053950251	0.336846883	86.17524116	653.8900819	Normal
241.9510156	317.8145305	256.641074	200.3862308	0.466020339	420.8202164	1447.214286	T2
556.9216087	68.45348914	61.51840873	209.3464781	1050.800329	147.8225218	828.100186	D1
244.9257956	322.9244882	262.7903474	212.0751658	0.373872964	403.3400885	1515.642311	T2
233.7517526	312.2778085	266.4095713	205.9080957	0.29433928	411.7993389	1531.133893	T2
2137.234754	56.48396803	16.09357414	5.387550488	0.27186372	103.2988221	646.8273955	PD
388.7792721	192.3355451	162.5121105	272.887961	985.3458416	286.361013	1043.870698	D2
347.68647	21.17194093	23.66608698	116.9038082	759.7708914	99.05636307	688.798038	D1
229.7389861	454.8498052	134.148351	1264.784654	0.840441908	992.8163259	3343.946507	T3
40.05823753	41.14328398	31.58526031	14.81552566	0.258976153	120.8760985	607.2212248	Normal
895.2762086	79.46280091	54.3815434	33.27903226	0.381582158	136.3861907	767.7422359	PD
369.3306292	214.3725671	183.9058358	264.3627492	799.0567039	295.3328814	1216.542352	D2
233.0283305	328.9634757	259.4751697	217.678823	0.490234068	374.4287401	1602.231122	T2
2363.248753	59.72185715	18.51301664	6.76260128	0.27274368	82.75659004	571.5121456	PD
241.55974	452.6688006	137.8297528	1187.954011	0.849920229	1015.040363	3198.322249	T3
67.1902948	66.9090612	54.36735624	33.98405769	0.313039965	121.6955278	696.9881399	T1
226.1945968	458.3031344	138.856581	1179.086237	0.845106959	957.0757758	3167.514134	T3
247.6932203	470.5390218	145.167536	1229.920907	0.667342256	1011.32681	3406.648887	T3
239.6888243	311.1444856	265.7094986	206.4769661	0.281152111	428.4552606	1472.83614	T2
56.98065677	44.46297868	28.98592998	18.95131251	0.210531109	97.66990268	726.1831429	Normal
423.6645299	231.0073557	200.038496	314.1824244	1061.369618	347.3817179	1308.71926	D2
59.13584835	62.80542608	49.67959561	31.75807384	0.333553591	136.5003578	706.760876	T1
599.5553248	72.07832029	57.87190413	146.0947127	776.8228618	144.0378187	778.5870473	D1
425.9741808	53.11601085	38.50508517	21.33325585	0.304841804	106.9970655	727.1977941	PD
655.2429766	61.61583276	42.94702476	151.0087148	819.4722503	112.9601442	757.1211127	D1
42.17575019	19.87812946	22.63798615	5.419809741	0.377150693	104.4343548	616.4276518	Normal
76.64477119	95.82295696	73.54699626	52.9752708	0.368917429	185.2166296	810.7771474	T1
579.7220724	152.4075716	118.2626467	374.0835665	1884.684319	249.4495589	1005.936716	D2
882.5782598	60.1891333	33.49201378	177.9293572	981.1045201	137.8880893	699.1237412	D1
38.0948019	19.03383148	14.85341089	7.001565022	0.401975825	109.8706624	638.506453	Normal
561.963257	25.66939684	16.47829698	147.7662559	956.0034456	112.6504346	620.0171728	D1
2200.071257	54.39331563	21.45502727	7.418119865	0.420778537	100.4747191	608.116234	PD
65.15913551	69.46070677	51.7734736	39.58101596	0.241311738	155.9994502	780.8668243	T1
241.674567	474.3331533	139.5341945	1189.876641	0.621076448	963.5721679	3485.675461	T3
661.1205741	247.6485669	208.3668338	417.5840643	1830.815642	350.4843417	1275.661526	D2
59.89134196	55.92644513	47.23456551	25.64614121	0.425924353	128.8655592	684.8748507	Normal
645.0723111	61.3072979	46.15125611	141.9602825	743.7386995	138.3605726	682.4156474	D1
835.0389253	32.60225468	21.79105728	191.4905038	1165.588851	114.5934756	613.0448972	D1
32.72564591	28.61567977	20.27371795	8.69922201	0.463697159	119.9531735	604.1881366	Normal
535.4579577	204.050941	176.16405	375.5670355	1539.6476	295.8584051	1112.530895	D2
97.184124	91.83593121	71.2583412	59.58638629	0.481375449	168.7368498	762.6161631	T1
630.6675032	46.35907185	25.76299558	103.4975255	650.1586169	118.9771575	748.6547271	D1
67.54425632	52.80916006	51.56855546	27.69736406	0.278843453	159.3430158	801.0462537	T1
69.06841329	75.13362909	62.98964631	41.34744439	0.335986218	151.193288	776.2514073	T1
235.7970991	316.2842252	261.297727	209.0634818	0.272833623	416.7860858	1441.487854	T2
80.64859579	81.22850585	63.31847632	40.81879466	0.339855474	133.0665462	849.7553141	T1
67.84029056	55.11836358	38.75601343	28.54970657	0.311837356	146.3478609	700.214111	Normal
397.8379539	261.4894039	208.7600658	307.0220139	834.638904	340.475268	1251.107021	D2
36.50702986	32.62336389	23.02990177	15.05298003	0.259975228	115.762774	693.941166	Normal
88.87517907	83.5945869	81.74652655	52.40406125	0.289885248	175.0357139	884.6170733	T1
71.36060087	64.28333434	49.58341997	30.83620407	0.278830015	135.0977714	679.9417685	Normal
248.5799306	312.2990386	264.1157791	212.3357008	0.479174637	403.826643	1422.333309	T2
452.6257742	258.9140425	214.161671	331.2434447	1047.895151	354.7259878	1222.465672	D2
83.67187811	97.84483704	81.09204347	55.66036295	0.406773078	158.7742761	963.2758216	T1
1121.169566	61.77880514	34.47735663	21.25817637	0.280824027	128.0287219	724.8252261	PD
390.1329431	220.1135597	194.0478685	262.1427806	814.6403367	295.0544347	1153.857667	D2
502.8284189	203.8271685	171.478049	314.9675473	1301.508015	297.3211117	1137.554305	D2
2316.823342	59.03948324	14.38577519	7.984380056	0.42602368	98.12163896	631.431826	PD
72.54808886	81.26600592	69.07202033	43.5417208	0.336901736	155.6093876	821.0221662	T1
818.0823353	45.64223841	27.85827313	14.986844	0.260018063	96.15039758	618.0686992	PD
38.68677033	23.53247109	17.4122385	8.837451893	0.344543082	98.05518037	638.2295697	Normal
40.10218098	35.87683944	34.28104368	15.29392727	0.209704476	110.1847743	646.1030294	Normal
380.4166493	76.94408502	63.22199515	161.5666837	778.6297853	146.3034684	767.9037874	D1
53.05103441	23.94649958	21.31952588	7.052924493	0.366780845	99.26710529	635.8178691	Normal
46.8046919	27.84053659	23.24465406	9.17850331	0.384418104	93.70431677	618.3741654	Normal
33.96224644	24.02837227	16.28217074	8.188638923	0.41150385	116.1934352	628.7150061	Normal
225.9185225	307.4094769	264.4403595	212.9788525	0.231053494	395.8434777	1436.478315	T2
1465.000222	51.07881938	15.28582798	8.565780988	0.406751264	90.3863848	582.3705993	PD
253.5031434	310.7492187	252.9611953	204.055697	0.355106114	384.2900404	1417.852174	T2
567.596931	238.3421719	192.6865927	374.741207	1508.194024	340.9457135	1292.814057	D2
60.97159006	58.28491844	45.52003534	31.40443784	0.309767356	139.9712497	713.5623313	T1
423.2023396	275.317746	217.7224606	335.3693988	982.1804219	384.4429854	1382.511007	D2
649.4544994	209.169193	167.2150086	408.5643011	1920.859806	281.4863558	1124.689019	D2
29.32928047	22.20845791	17.54791276	8.882201871	0.29116678	100.9805102	653.5348362	Normal
229.724672	469.9614604	138.8020337	1214.099037	0.883942015	987.7100431	3330.255413	T3
258.6619581	54.1341856	40.03396193	26.66302882	0.212354271	142.0650536	708.6198025	PD
69.45923384	72.84662818	63.24528914	46.67867749	0.22657468	133.8182294	750.8897984	T1
34.1665529	24.5189401	24.33725442	9.665724905	0.458499722	101.9431828	722.3964314	Normal
241.8203907	304.3682715	258.166873	209.5240392	0.280821387	408.9717526	1356.09055	T2
227.5173159	454.2898788	144.6360976	1221.421029	0.807872426	990.1440903	3393.307557	T3
514.7988749	99.51095151	79.80242066	226.0975144	1138.638855	188.9036555	894.596432	D1
1025.255343	43.015218	18.41397994	5.693546758	0.35056489	105.703453	698.2090262	PD
625.200129	87.72597153	65.5150478	208.2387301	1091.441244	182.7965622	753.8144643	D1
362.7197759	87.64894383	66.03745546	165.9381996	782.3760447	147.056495	726.7738243	D1
31.89679217	22.27747833	14.45799965	8.476192114	0.253783833	110.983217	711.0291978	Normal
1599.467899	84.10281091	48.56915177	29.82339448	0.317711777	121.222163	803.4969786	PD
238.6167482	300.0504187	258.3485813	198.0001846	0.404289523	418.4953453	1480.468868	T2
243.079205	304.1375581	262.2378714	209.673323	0.492849415	375.4228302	1434.461476	T2
58.72102066	47.20217054	45.07275238	27.53483575	0.423944257	120.7933962	717.6916338	Normal
2086.662512	85.66259077	47.70887151	31.636124	0.345958633	137.7069043	818.5266165	PD
228.1223333	458.7578456	132.9486687	1200.677217	0.747185461	981.7472443	3419.264969	T3
235.6398938	323.0400517	257.8725665	212.5153019	0.424468016	417.5706343	1432.08635	T2
231.6526227	314.0150471	244.0813466	209.7578338	0.295661162	414.2191247	1399.96498	T2
998.6054894	46.21808308	28.99619656	141.5850422	886.9971685	103.4211478	671.456308	D1
37.29092777	25.44710424	19.02032725	8.831803832	0.444547454	89.29649561	588.0152916	Normal
67.29620463	66.27275823	63.1484979	38.75970477	0.268850488	132.1668149	741.7237823	Normal
234.9616022	477.1713301	141.1435094	1226.025986	0.837885165	1027.861183	3470.418651	T3
232.3477152	322.1157007	260.6288754	205.1203623	0.250860935	417.257001	1523.366933	T2
44.53960599	25.80424769	21.50606601	6.094665046	0.228378167	98.57031111	620.7264925	Normal
42.73200514	39.952398	36.66614612	19.79855186	0.328292571	124.0312875	750.8781363	Normal
959.7449649	79.70975444	57.76164911	111.2068768	475.1668549	133.5208457	713.1426746	D1
234.0947412	442.4080044	147.2367922	1160.070489	0.760840597	1007.924696	3486.139904	T3
71.76053702	50.8885338	41.20107141	31.71247157	0.368448156	136.5935561	749.7658853	Normal
237.7349168	450.7772047	142.1423435	1197.26562	0.839578355	1016.282687	3429.092332	T3
85.85805307	93.12493393	70.31796199	50.4108763	0.351983855	188.8075296	911.3545854	T1
240.6488918	456.076368	145.5310892	1193.106978	0.835990835	992.9373007	3398.246744	T3
820.4822421	74.41639467	51.74405576	29.73900348	0.329631291	132.5625286	752.2416108	PD
1989.984822	54.37832991	15.71782232	6.090610645	0.451387336	99.49023115	641.6654873	PD
653.2024768	72.78103725	54.30640815	117.1240876	511.7751664	153.5864483	860.5512833	D1
34.27983781	25.55414402	23.70585152	11.96474309	0.326338279	118.6922346	711.3098401	Normal
492.6729608	285.6951762	240.6671634	354.9400268	1190.918763	367.6820778	1249.84996	D2
232.9442319	314.6011785	261.8323143	206.5143691	0.237306536	378.1374074	1376.259865	T2
1365.459895	74.01329547	38.98047545	22.41054544	0.327442097	114.6826892	657.7714484	PD
60.94490206	55.40194996	43.9582208	29.6168462	0.413882494	126.6358539	741.2775978	T1
228.9258627	325.1526592	270.9291228	209.7183715	0.248645235	405.8359568	1440.619786	T2
36.94714996	28.20885401	20.74929643	6.925226906	0.259807736	88.07518329	566.9500233	Normal
83.45284099	102.8610876	77.60247131	62.64705915	0.470290071	203.1385796	921.0133332	T1
232.3485647	323.9287526	245.3690003	215.1576525	0.46003729	400.9087329	1401.778974	T2
241.4029749	452.5374348	132.1841084	1203.154784	0.67406602	1020.836069	3303.895661	T3
53.46858978	54.61065163	42.38276062	24.77726819	0.432295365	121.5061899	726.2130676	Normal
409.2924428	69.37969979	53.56253495	127.6122118	583.1285575	161.5428359	764.5270275	D1
225.3740589	451.4106044	145.3378255	1212.750207	0.768122129	998.9461195	3344.324618	T3
46.85139594	31.21244662	19.24780784	9.274462779	0.501779858	101.1572691	753.682478	Normal
72.29030849	59.72658901	50.38400145	32.92187857	0.216596481	127.9186886	721.1040026	T1
1489.228064	48.25205255	15.44434421	5.311014709	0.246512686	79.51200081	714.8111272	PD
57.07456936	40.12430859	36.94278655	18.42512776	0.469454596	100.6256712	696.0943132	Normal
776.3408724	36.48325201	16.23228972	80.37618422	461.272435	109.6682513	601.4519618	D1
1604.295233	46.29078394	17.69259673	8.101220732	0.358510023	102.8750443	638.625742	PD
636.1344954	263.9529999	220.7643682	442.4616893	1792.888664	336.2363181	1240.501856	D2
83.05675367	70.45042464	63.24596054	36.65079478	0.207623564	149.485515	819.7666907	T1
234.8253045	472.5210398	135.8665662	1182.606157	0.884026973	987.4002787	3212.126884	T3
56.2820535	52.40256222	40.36857557	24.99747393	0.425366491	109.0942978	675.6712666	Normal
81.61213084	74.90186818	63.94146937	41.16368533	0.48233622	148.9298176	783.2496912	T1
88.5063284	84.80938087	73.6569903	53.7505994	0.205695633	185.0964038	873.6384522	T1
66.11665143	62.40801125	41.57157907	30.66333644	0.462418844	146.5924269	713.0860289	T1
238.8362796	323.0311903	258.5596812	209.2677387	0.399248926	398.2780503	1379.838624	T2
683.6683113	254.2729033	233.1737965	476.9738662	1974.642187	370.6493396	1244.339794	D2
226.3509564	296.6756196	259.7728033	213.14147	0.279596556	408.656703	1446.521804	T2
430.509281	231.2524348	201.2716959	302.4298077	948.872699	298.4966271	1174.97791	D2
236.4854563	442.7921794	134.3460538	1185.106021	0.66986555	979.1874378	3442.761967	T3
796.4634192	70.63608856	52.57840839	177.4082365	1013.894094	123.484521	772.2494697	D1
664.519475	264.5877636	215.854719	462.7153955	1915.668351	351.942605	1372.074618	D2
63.04119349	54.12837094	43.15509674	24.79116687	0.256550817	153.7329077	775.3152635	T1
224.2280961	410.4011565	141.2431562	1223.792734	0.635566057	996.6102738	3510.004157	T3
243.3874671	461.4197852	138.5227991	1189.963919	0.8169975	995.6587545	3508.94361	T3
333.3679279	46.78776149	41.59481248	122.9097125	689.6810797	147.1564947	736.3636454	D1
245.1095287	487.8840356	134.0927543	1200.542544	0.888330073	948.5624132	3321.386936	T3
232.4926937	308.4772786	253.594972	215.6389845	0.42384161	392.0950259	1451.41901	T2
243.8047858	428.254982	142.0598045	1186.497507	0.69543498	964.3497323	3434.878747	T3
1364.715249	82.54211508	48.40906332	29.41839189	0.332454834	157.7801312	830.9364215	PD
45.07451976	43.71302021	39.82513195	23.93776564	0.407196316	128.5429778	702.3118137	Normal
54.97110419	32.37959542	30.76778123	13.68254311	0.404985865	93.99789109	609.4129465	Normal
1104.013522	43.14997806	19.52510093	10.53914098	0.387502903	93.42933971	669.8378702	PD
513.8015347	212.4152215	181.2957237	332.4064803	1331.503829	302.2186524	1218.108557	D2
628.6265923	178.1385811	160.3870803	407.8169131	1854.202776	267.6830222	1013.021723	D2
68.52636901	73.52715963	57.00890209	43.21613208	0.479521035	139.8176617	769.0731477	Normal
45.46995518	20.55606833	15.11982907	5.899242718	0.410804979	87.96630341	591.0700676	Normal
973.6835756	80.4629505	63.18831094	172.3596569	835.1150585	139.0711223	830.9859737	D1
43.82231752	41.01116866	27.84467382	15.00023833	0.276239111	118.3029018	644.8027376	Normal
56.14886007	36.38424079	25.4295033	13.87780125	0.267529857	117.4768489	657.1664482	Normal
741.5887139	84.76772813	71.3891993	175.5381633	927.0330643	178.0053319	834.6864486	D1
39.58486893	34.24560221	26.86372199	14.28713472	0.429285805	121.1193542	698.3655543	Normal
222.6536658	451.9818271	135.9172263	1222.668889	0.805325734	1013.154484	3373.328805	T3
556.7916286	213.435446	171.3977804	377.3356748	1630.825456	291.232537	1161.606575	D2
743.1599807	43.49842541	21.62694894	8.81407454	0.360905062	103.7565745	720.1250928	PD
1281.483489	81.84745508	50.83402827	32.66237535	0.445105993	153.0117898	795.2812309	PD
566.0129974	283.1630262	236.5351162	416.6289857	1571.895942	369.8046976	1280.102773	D2
233.507626	312.5531338	266.9556154	209.3245866	0.483242223	412.2066572	1351.702697	T2
70.40556048	82.56185738	68.47746994	46.91282769	0.396625533	147.9556617	759.6737495	T1
791.266986	32.39057422	15.30714357	8.377937495	0.326403926	114.3710693	723.1955521	PD
237.1427696	444.7431799	138.1332756	1243.58919	0.759590127	975.7717881	3384.464668	T3
53.22543182	55.22651161	46.75061921	28.39839403	0.413096531	124.2636248	709.2686558	Normal
246.24832	310.234621	260.3004286	206.9108541	0.43986845	395.6934448	1331.281853	T2
1422.946179	43.77218312	18.8912691	5.918529977	0.463268186	119.2417308	616.1931939	PD
51.37177332	46.51198448	43.86561061	27.69548419	0.216319179	117.1093679	774.0576783	Normal
429.665024	62.46280776	51.42897555	190.7625239	1086.042346	134.4871948	724.1502077	D1
230.1704805	313.0627714	270.3592449	206.9950944	0.453590729	367.5638841	1451.032291	T2
638.4590884	238.6681084	195.0881104	437.0554383	1859.397684	339.3224168	1170.25306	D2
865.2475398	91.44408126	66.1115868	132.4363396	553.9861271	141.6633267	802.8755166	D1
71.46442198	79.65238313	69.21296199	42.38954813	0.255453602	152.3169487	834.6461183	T1
57.79706816	62.88580809	44.24721975	31.92581637	0.373253919	129.9719332	720.5725292	T1
1008.069163	42.16992923	21.08513351	5.302638924	0.438906063	114.2354029	718.5616847	PD
614.0744408	219.075003	182.7254182	409.7002162	1699.946335	294.1899331	1214.837959	D2
478.7204973	267.8542349	210.3968779	339.9878521	1194.261344	354.2101602	1239.841148	D2
500.6198677	241.4043182	191.9534915	333.2461013	1222.135317	310.0772457	1289.348843	D2
559.6289159	252.0886466	237.2588617	392.866065	1479.513817	368.1489082	1287.512622	D2
2178.938981	61.85712187	17.41201858	8.866728316	0.462079456	89.72675156	582.4206029	PD
284.9606608	49.37078367	33.02882914	19.25757648	0.446887985	143.5677225	692.7273674	PD
227.6118669	448.4904753	135.5649122	1186.410736	0.614438938	1001.595602	3390.736536	T3
1264.056699	45.9294022	23.50766866	9.924925303	0.220344047	93.11125091	658.8801652	PD
249.0272319	457.6021398	142.4684662	1211.584436	0.604321555	1034.049202	3596.386956	T3
246.5369216	314.506519	264.2599473	206.3952967	0.413160253	394.3722351	1371.907022	T2
38.85535543	35.6768042	24.62915284	13.30269657	0.408065472	98.26076939	674.6269093	Normal
594.9573958	308.3512354	242.8346121	441.579231	1444.744022	403.0467578	1479.119039	D2
880.2722328	30.70128793	15.51830572	132.1332984	849.739626	90.0254146	668.7421642	D1
239.5332944	318.3815406	252.3327484	198.4720731	0.325857413	383.0161539	1477.653924	T2
73.03895303	77.37366363	59.54939766	41.78409128	0.328251647	136.4634309	748.0736944	T1
91.37900575	86.6589406	73.82814591	52.34253812	0.477793155	172.3387821	820.8535264	T1
58.17891398	47.51466416	34.91360808	22.47997735	0.337778368	136.4516611	698.120187	T1
74.15265604	68.14116688	49.69472356	34.46985104	0.434294729	154.0503329	741.6176366	T1
61.62529814	69.07050398	59.38675569	36.8484146	0.358948117	155.720389	864.4420589	T1
510.4506609	84.38802903	70.9670512	206.0650101	961.2336418	156.9666337	785.8585925	D1
78.43874654	65.86773586	60.09857395	39.76189481	0.420819906	134.388796	884.5584116	T1
246.5437634	308.2201187	264.3180587	203.6591058	0.358041308	424.389343	1304.618876	T2
233.533665	307.5106815	254.7282425	205.6419892	0.247912061	422.8001058	1489.800958	T2
464.7311015	36.21269938	16.72352663	5.913718266	0.391640854	112.1790601	747.7389658	PD
1596.06509	75.54482325	36.80989244	24.55130042	0.442031912	142.9006877	668.0494843	PD
88.59186299	85.31170167	67.20569739	50.47363158	0.403356958	171.4184189	838.0639404	T1
61.62311991	72.63673312	63.89723897	39.45749499	0.328663321	163.5059729	762.23146	T1
905.7977631	31.65361931	22.56965618	152.64627	939.2779602	119.9683269	667.2997024	D1
240.54438	312.5760239	267.0034224	203.0639855	0.365278345	414.2637785	1536.185547	T2
775.1643562	76.10241638	57.85814529	201.1870522	1159.33585	143.6875702	816.9776299	D1
502.6543254	53.67722949	33.49137097	124.5885642	711.8804671	131.7330289	756.9800112	D1
999.8364186	73.01273641	47.20351839	144.4567942	771.7693213	140.4944517	693.2180544	D1
225.1800644	451.1005625	139.5545997	1258.401773	0.903197853	1004.945834	3436.761072	T3
645.2865116	31.14864045	18.50162359	8.337007602	0.428601247	110.6700216	641.0067674	PD
597.4100795	167.1058828	130.4447566	397.9045998	1774.448342	242.2043855	1162.144611	D2
39.7659724	27.43065174	23.12628268	7.643092095	0.429132388	97.07673617	652.7746886	Normal
237.1811794	478.723799	144.2506051	1209.88756	0.770556993	1030.787576	3329.655348	T3
2195.322382	61.70344248	21.88857317	8.925359197	0.258231055	83.11901808	624.7277015	PD
243.3146555	322.6108455	273.0264268	204.5327061	0.250966952	417.5117265	1536.24275	T2
646.8192982	222.0908497	186.6888204	423.191943	1902.415944	306.3661873	1214.072496	D2
655.8772564	252.1738635	207.3391384	445.8325393	1922.142453	328.9281582	1316.465477	D2
232.7405022	450.0542589	140.6165584	1217.861341	0.883527802	1019.89978	3387.703378	T3
953.8860404	92.45021824	70.36533297	163.8338426	795.4847014	173.6083076	857.6756937	D1
227.2343056	459.1961249	144.6007943	1211.45239	0.817620995	1016.535137	3269.899908	T3
402.911729	35.69044537	36.01026262	179.811708	1104.170767	112.527153	680.8910308	D1
229.1310464	319.203684	265.774588	203.8246154	0.411643256	412.0819269	1393.060957	T2
238.3283342	467.7916262	142.1021611	1197.653094	0.744488855	1020.847031	3199.713575	T3
436.0783145	212.3418155	182.4765703	299.8692454	1110.210712	303.9448972	1195.425406	D2
45.62339078	20.72438869	22.77169242	6.895621717	0.443573877	90.50986306	571.5250548	Normal
525.7589801	39.0399615	26.32838076	114.2997843	648.2059081	120.0968262	644.5024575	D1
1100.55693	64.24439221	38.92223709	152.6537078	818.8919897	115.5297372	797.1867219	D1
622.8729003	250.941134	206.1070765	422.5107721	1725.872382	322.4245956	1276.465199	D2
793.8775535	64.4547075	51.54645275	206.6596873	1159.117117	133.5264496	770.3789887	D1
509.2897886	83.30463055	60.13930348	47.26641688	0.485972315	139.1617833	744.1728394	PD
495.7227052	250.156646	198.431553	360.8765453	1257.921781	353.468223	1205.08449	D2
247.250597	441.9088752	138.2151114	1270.503037	0.846407851	988.2367177	3335.791165	T3
68.29817033	69.57554587	54.26789806	37.59277723	0.234231463	163.38223	860.6622145	T1
648.9766396	35.21841162	25.30888664	12.22287875	0.240735679	81.97397596	757.9154783	PD
242.7041869	302.268746	260.7508644	208.7808172	0.410767619	400.1948297	1436.986804	T2
1607.972963	99.52006243	61.48642982	45.76884111	0.394738417	156.9461728	794.4556973	PD
61.33835799	51.86431797	39.11235965	28.0459579	0.502485433	134.6045122	696.8595646	Normal
52.25357987	31.94523201	31.15154849	15.02938793	0.394561051	128.0004086	671.096348	Normal
501.9111395	311.7381214	255.7997786	355.0759448	1105.14401	412.7141182	1387.479504	D2
596.1800761	180.1897537	148.9370035	378.1368494	1798.80642	246.4372795	1020.254294	D2
234.0187268	309.1022502	259.5189888	214.0045847	0.242495524	386.754728	1490.68591	T2
36.44676336	20.08122163	16.17338075	7.446909522	0.342876443	90.07304799	608.2199789	Normal
222.0077675	307.1608588	264.3746104	209.8775856	0.260945729	406.6856414	1353.569041	T2
237.8203128	323.5716341	278.3720669	204.9818258	0.20912064	405.9292095	1460.359467	T2
991.1884529	59.61212185	37.78907854	151.1728631	906.4045718	130.2139385	680.8511185	D1
533.8634749	274.9947817	210.9107828	379.5268347	1320.032376	334.9696388	1339.996442	D2
60.04761891	53.38340958	52.11852176	29.74518653	0.248321424	113.0124535	687.6267857	T1
1474.287749	56.43095416	27.01258768	13.61071401	0.393784391	124.285141	717.5073204	PD
47.06937664	44.78007094	39.67662218	25.64126528	0.399748102	149.4850946	785.7265542	T1
1569.555506	55.6375741	27.96835878	11.29127641	0.234826047	97.14627671	720.4780158	PD
47.86428586	34.33987211	31.68549893	15.3332729	0.393258015	135.4687007	657.9911103	Normal
576.3539277	189.0011801	165.9602442	377.4117356	1577.762154	278.9106813	1153.778035	D2
244.3107702	461.3227552	136.1617539	1249.290188	0.740090826	1043.562497	3509.366106	T3
477.7415121	44.30148404	30.30177504	174.7360882	1070.825609	122.2295456	691.9002584	D1
223.1391085	471.1334944	146.2446286	1246.919993	0.922136716	1009.653394	3317.321906	T3
655.9326359	63.67033446	46.41051449	91.93249265	441.8010231	147.3744739	788.6171089	D1
240.30832	321.6624453	264.3014668	199.7989918	0.448374279	408.0320903	1498.36387	T2
82.10315048	84.90154246	69.53137791	54.72236464	0.27578544	160.7197062	858.9471996	T1
69.23540551	83.40594443	68.7899357	50.79754102	0.462917357	158.9770161	753.4663022	T1
559.6167536	75.96770537	55.02457532	224.264478	1232.663967	137.1768578	869.8455224	D1
35.7080213	22.02490067	16.83851038	9.778341711	0.499222429	105.8232401	622.2223542	Normal
237.8159993	441.9004002	135.2419544	1260.180214	0.78959526	1017.528976	3341.244817	T3
795.5969484	49.69857329	33.28091537	13.19156919	0.436678176	94.14816991	758.3327583	PD
1330.650504	62.99863706	34.69063565	20.1313055	0.216059503	120.6976609	721.3963258	PD
1546.436387	93.04184822	53.34743717	39.00625344	0.383672815	133.1668933	788.0187067	PD
232.1018673	309.1329852	261.5138988	206.6023735	0.222633193	394.9755694	1469.913835	T2
1563.492269	76.50615543	37.79410281	24.05047616	0.352788523	117.1754703	781.2535644	PD
30.19973381	21.90525056	19.48709755	5.656213364	0.384517499	114.4438241	661.1423986	Normal
217.5620235	446.6184619	142.9209899	1268.352563	0.808238542	977.7445893	3567.502194	T3
271.6498716	40.58756956	28.2433981	80.99280284	434.8297069	123.7338875	636.0149483	D1
997.7187487	82.99452482	51.17525483	156.0114256	805.513224	150.520801	745.5684966	D1
51.47734788	28.95600027	16.98645811	7.446686924	0.427212341	90.52218123	688.9579949	Normal
570.4664162	247.2437556	198.0147464	397.9728871	1592.069324	324.412164	1200.897749	D2
245.4282702	463.5515674	139.9065934	1190.765309	0.764490142	1070.466204	3324.589939	T3
523.7607468	203.0254581	164.8710792	353.0664657	1585.573834	273.8006523	1146.138926	D2
696.0785762	82.81924602	64.60530297	136.9840209	687.7456234	161.1375796	806.0274017	D1
86.5949322	82.81156548	67.64471696	47.62477959	0.389333023	176.6065419	886.8119205	T1
244.557457	440.2563444	145.8838695	1203.014986	0.815295443	1025.471335	3487.801151	T3
386.5341906	151.0675845	126.4602711	245.5490697	1069.02184	250.9803676	1040.081559	D2
37.94367657	19.33687682	20.61078055	7.829240435	0.242388969	112.1475987	697.235805	Normal
223.7210509	468.940044	150.2473132	1194.572775	0.796639026	991.7547469	3433.293757	T3
234.2845254	294.3040482	246.6977907	207.3169484	0.396569492	423.47505	1475.221383	T2
1231.611824	71.99416806	43.2311182	25.92562892	0.321521154	128.7118335	783.8344271	PD
35.11717202	20.7222331	17.98438518	7.412704542	0.405301026	103.5950662	674.8032373	Normal
233.0858782	326.8242339	259.7973511	205.2177779	0.228072409	415.7732783	1455.338682	T2
589.5249962	58.48115227	49.51948336	27.18477916	0.45307325	114.4195695	761.3823594	PD
1266.256698	77.14164341	44.22665631	26.19234558	0.277381869	120.7483842	785.2663604	PD
95.62174131	109.206649	79.22321308	61.91167773	0.24908831	179.3760834	808.3915279	T1
1073.042279	40.68871251	21.20698702	9.089186268	0.358731965	101.0080182	679.0890952	PD
753.3428191	65.62119289	49.06489618	94.90318775	421.220589	144.5595826	625.8766981	D1
38.9707157	31.80212704	31.8190041	13.35395127	0.389479772	105.8747258	634.0389949	Normal
40.87640024	20.38677892	15.36071165	8.267043199	0.218708377	82.81479381	718.0507425	Normal
518.8145263	41.40742908	27.13986683	14.10817167	0.406742907	121.5242472	616.3469853	PD
538.6400208	164.6222984	130.0309199	357.6519247	1675.823827	233.9768519	1029.757453	D2
226.2076521	457.2165326	140.8739617	1235.516547	0.802736009	990.365399	3280.910887	T3
69.6703717	61.11429328	48.19998184	36.15814279	0.214953089	151.842714	796.4870784	T1
234.0827595	435.2482662	137.6545644	1250.747037	0.645598277	959.7792745	3266.384257	T3
248.6070709	303.7201218	249.7284311	206.1346889	0.403604277	365.8034414	1430.291585	T2
48.58584118	23.67068423	21.73871286	6.81460932	0.29411859	102.7367016	679.3672932	Normal
542.6566573	207.4735945	177.180456	384.6957725	1652.089557	294.3205511	1116.499694	D2
68.58402228	64.40303333	49.96425168	36.36535967	0.338007163	117.36576	811.7972977	T1
1609.735398	86.4086926	50.88751888	32.48126362	0.376925934	140.8374135	668.9257416	PD
234.4231976	310.5620101	260.4569047	208.0382748	0.22401559	409.5068149	1426.919793	T2
863.6212287	87.24439077	61.84324475	113.6635694	452.5526728	161.6663059	868.7936786	D1
31.09304123	25.02084871	18.23924212	4.955834036	0.317350613	88.04078196	657.253227	Normal
234.8348328	304.0199049	263.5652237	199.3696548	0.295972031	423.7780911	1463.503904	T2
2278.246537	95.52718961	57.80127798	37.27599187	0.424415727	143.8240609	855.2879106	PD
50.59803828	39.88954374	37.45221578	22.80572768	0.397782414	118.3713344	641.5502685	Normal
72.71040667	64.91553123	54.85847354	32.75442105	0.232445399	125.1512395	781.6320723	T1
224.9754764	305.176265	254.8805558	213.863036	0.347085959	383.0148118	1345.85255	T2
58.36720178	41.84072845	41.54826251	20.13809984	0.375905292	126.4512336	776.5386827	Normal
47.8096504	51.34178077	43.26516197	25.16148369	0.501200749	121.9788488	675.1808678	Normal
238.2734647	297.7477128	266.9929704	207.2545581	0.4969301	417.3756849	1414.497808	T2
238.8430477	453.0260409	140.785783	1250.480842	0.600515535	1015.369878	3267.475995	T3
238.3177885	315.7686551	268.4750533	201.061769	0.433769253	430.8127655	1353.239587	T2
234.4556386	308.8812453	251.303949	214.084647	0.41806253	386.6502095	1421.241147	T2
308.6431623	63.34145033	49.7472103	33.74688717	0.268481879	132.9013482	813.9519836	PD
62.69531879	47.34085624	44.12820178	23.97830704	0.259157137	138.7121124	708.8218753	Normal
932.5546186	41.77377079	23.56983408	142.6059471	878.7216639	103.2340013	722.122338	D1
240.4779322	465.2084949	137.6077475	1229.570116	0.611081589	1008.717052	3308.987629	T3
37.32174672	27.66596409	24.15624041	8.386523126	0.276751064	116.2851956	723.9641296	Normal
512.5415532	268.3516438	235.026208	351.3097736	1207.32765	365.723512	1385.408151	D2
699.8980664	85.33013874	64.38015914	114.5925853	474.263311	179.4657836	785.5950849	D1
958.9307219	100.0310568	74.45251964	206.3705743	965.8898674	163.7394555	858.7385138	D1
919.8025473	85.30132687	61.8121422	132.6697088	606.1646062	149.6007169	762.2479791	D1
224.7491449	445.1937142	135.5209434	1230.848	0.810672361	952.3320417	3335.276608	T3
392.5837362	223.973346	182.45743	285.0684376	973.0386663	326.6490114	1140.961702	D2
50.00525137	43.32467441	40.44409931	24.93586222	0.232727426	128.3121025	725.7734199	Normal
68.51823829	54.74691523	46.75440197	29.92555863	0.384895921	132.1269795	677.5932867	T1
57.66925482	60.12494767	57.41180084	37.4354972	0.371535627	131.9695157	696.7730396	T1
46.00765819	23.65519873	23.11138637	6.27225523	0.210265704	99.00015693	726.5833242	Normal
529.117633	189.9303751	157.3986591	340.8055058	1462.207655	251.06814	1123.674121	D2
233.3148383	321.4031126	258.9122943	216.4367459	0.478604751	395.8768302	1419.469323	T2
51.70637451	34.81552455	29.93956967	14.23924202	0.260277213	126.0611704	712.0683871	Normal
36.37598835	32.13706249	22.86766705	15.2178345	0.327605306	99.76721397	706.8998047	Normal
587.8091419	229.9290028	189.6949691	404.6246465	1772.684199	324.1196345	1254.754915	D2
45.88851856	39.35222448	30.91292659	18.30362276	0.46471014	124.2786708	722.8334209	Normal
45.57339235	22.00650756	23.14177595	6.259703705	0.373203461	121.8452638	682.6110706	Normal
239.5858332	310.335921	263.7048606	199.698207	0.438992297	385.5677905	1512.687048	T2
373.8105902	30.10923357	19.95773211	133.430823	811.9855033	87.31640332	610.9233905	D1
497.4545575	149.2454563	122.6530071	310.771518	1526.938767	237.1878369	1018.071952	D2
430.6173629	161.2230496	129.7122451	292.6524697	1288.679447	220.6741655	1044.386048	D2
221.8131425	303.5540409	265.2114285	211.2616694	0.23301043	380.574239	1402.565737	T2
238.086537	460.2803706	142.4872513	1201.084851	0.917552813	969.3044164	3432.561635	T3
89.17348318	97.09862233	77.34776544	50.44654005	0.481241417	173.4573092	886.1496516	T1
237.9078178	312.0650687	245.1085038	209.5807901	0.409685608	405.0365632	1472.135456	T2
963.1409344	52.94955077	35.75231319	132.7532921	759.0920288	100.3242591	678.35814	D1
360.7404261	61.84636853	50.55017162	170.2313953	893.0878179	144.4857813	749.5720842	D1
604.5233248	289.3937527	256.1501572	440.9521859	1642.352615	396.3096609	1464.449651	D2
717.004468	37.23416332	19.02072907	175.4878763	1137.202564	115.6506946	700.0170052	D1
965.6600586	59.38476324	37.32984695	21.56920965	0.264778576	100.836338	635.1873766	PD
46.58145056	24.32466865	18.52296398	9.610763004	0.227646333	115.6793509	683.3090878	Normal
292.5935888	35.25195939	23.87221099	94.38475499	556.8068358	113.2404432	660.2402085	D1
30.98948488	25.05623472	20.27882532	8.991920278	0.339816309	89.90751737	612.8830943	Normal
545.9640424	41.42765433	32.16451065	17.40362176	0.233050685	113.0423119	649.2510715	PD
63.93880231	57.60457252	43.92698928	32.39206485	0.357364228	122.0662374	673.1678991	T1
221.0879937	456.6925307	136.7463386	1186.20176	0.718511806	995.1310787	3290.164126	T3
406.3242168	262.7943961	208.4826753	296.010491	836.9872807	302.3787318	1236.552705	D2
227.5478828	463.0320017	138.5591244	1190.345448	0.690309392	1051.386852	3338.529531	T3
223.730101	437.3115241	133.9446194	1199.037056	0.846744768	1026.235542	3379.604172	T3
52.61777053	53.20755497	40.40847074	30.7164668	0.369519429	142.5330702	660.934736	Normal
67.78343424	70.34530833	57.84717683	37.81865974	0.31484079	156.7415116	820.7392567	T1
701.3878797	34.17263227	15.95195671	7.209429238	0.336295033	103.6092755	576.4573696	PD
239.9007061	311.2284311	274.1026321	206.3274915	0.330865379	416.3610306	1408.243708	T2
41.34146954	31.35922784	24.79813298	13.48195378	0.263066567	94.54440415	709.3958549	Normal
990.874444	59.63896962	34.37464029	25.51850798	0.241513981	118.6159344	671.1354667	PD
1458.394371	68.55029174	33.79684194	19.12512616	0.356127893	110.7980513	711.0684058	PD
962.8269227	91.94138338	63.45273246	152.4203191	792.8389279	158.6951755	795.862189	D1
63.74408782	43.51501763	39.68114536	23.37539194	0.324300365	139.5748011	693.349449	Normal
51.86301449	48.36135417	35.1205472	22.03769654	0.477775293	118.4916752	672.281326	Normal
80.82494923	72.60089351	59.5407633	44.1003357	0.329185087	129.5021658	720.5683794	T1
247.0133977	308.2150747	255.9819792	209.6085474	0.439529064	405.609529	1334.641532	T2
945.219442	41.53609105	31.40710888	83.37797395	477.6636165	93.66630398	663.649395	D1
75.06165585	62.13952217	47.74514285	32.44455494	0.483217174	132.8876051	792.8524754	Normal
241.6548646	304.0893208	257.3739388	217.4573003	0.26140538	393.2336402	1455.895197	T2
246.9347413	312.7230842	267.0475435	201.5665011	0.291588137	391.1842598	1306.039082	T2
241.177602	310.790886	254.981896	206.8732688	0.308640714	398.346596	1480.659805	T2
62.96792546	69.45215482	57.30607906	41.64134444	0.322894169	161.0458532	751.3546263	T1
821.0729633	50.71148689	33.91913215	13.76718714	0.434111517	100.6929103	620.3160134	PD
704.8298856	69.25329269	53.59221582	140.7160457	731.789553	143.2006723	809.2165539	D1
230.6406287	316.7076984	260.8517576	210.6454859	0.465101888	381.0307865	1414.204906	T2
777.6581573	47.33428505	35.85251544	159.1432676	917.8816828	134.2484845	627.4980362	D1
244.8359061	439.9196499	139.8221961	1201.498728	0.641486376	1022.147717	3466.726287	T3
439.2559588	200.9899303	176.4309458	316.2965968	1243.131793	286.2815106	1094.747251	D2
442.1420042	30.3893389	17.20861921	78.34788984	476.3196767	117.7359377	679.328016	D1
1915.9117	81.2152102	40.22369344	22.25313866	0.235607941	129.4126524	616.2657748	PD
63.0922489	69.95606371	61.10153056	36.91304567	0.379126961	139.5125995	741.7833124	Normal
2336.53581	104.8613851	53.48021566	30.95743461	0.336911823	149.3267632	696.3392118	PD
222.9298161	315.9050284	260.6053923	200.6736222	0.278514647	387.1011065	1486.110459	T2
248.482118	298.4175641	260.8426126	210.0512115	0.226071401	393.5175445	1500.244531	T2
76.70126728	68.72082796	57.21809115	37.02042719	0.455989358	129.7101005	745.4345312	T1
225.6849824	449.0219526	145.9430449	1186.463773	0.890638821	985.9565651	3431.176514	T3
231.5336845	326.4672633	255.0820336	207.1802721	0.460965318	402.8536238	1492.966409	T2
238.1286047	448.8707912	143.6498184	1191.8362	0.896112988	979.6508179	3400.392824	T3
237.7505052	316.7262671	255.6725684	209.4715486	0.248117332	395.7373506	1492.866731	T2
81.39731026	83.9912192	69.00641292	49.1975062	0.428270107	139.3622522	802.0701383	T1
34.23453801	28.6932666	24.10551142	7.25549098	0.429393786	102.7885226	681.1989054	Normal
472.3126619	76.63780337	62.28296075	207.5688549	1063.805526	167.6823598	786.2557441	D1
364.9278915	29.07360271	18.09551297	114.5342763	713.0267613	115.6447039	601.7859378	D1
474.0778283	237.5341789	207.9959678	330.0241393	1111.312301	327.8539004	1320.784412	D2
231.3264837	310.2980383	254.7513137	213.2687412	0.199289417	416.4775383	1398.664285	T2
45.47793845	27.97176858	20.22958956	12.93892645	0.38496832	120.9935963	647.8852991	Normal
47.15038934	26.86455015	20.58891615	8.912070332	0.368115514	97.45525972	663.4408054	Normal
227.1007944	312.0618622	260.5510717	209.460415	0.352606336	379.7987365	1360.482328	T2
60.8268965	51.09145048	47.36470327	27.20624005	0.276449062	130.8225708	704.1316067	T1
244.4679735	313.7930709	256.8334814	206.6000223	0.403913768	406.3601271	1337.100027	T2
60.67769153	70.62343888	55.69439421	38.77251897	0.41795836	127.9499677	701.8183413	T1
222.0647847	320.0979055	269.5516975	205.222244	0.260544107	412.2826812	1365.739803	T2
318.2740495	40.52345242	33.22117484	132.3921259	778.5750406	132.66836	625.8756596	D1
806.5525038	41.2439548	20.405993	5.918251122	0.379723227	84.88734486	715.4627797	PD
1737.317816	86.1470801	53.344345	32.53612306	0.496296621	129.7380848	785.6727807	PD
1128.607043	55.14617535	32.32484182	19.35418513	0.425836125	126.847133	718.9614722	PD
54.09205741	52.20998626	46.01713525	28.91201907	0.204524394	147.9712391	715.844389	Normal
1148.718784	37.62122984	22.09856398	7.202033675	0.465019444	89.90921553	714.3745128	PD
38.11547963	23.29548609	15.31712517	9.18539573	0.28480798	93.77721107	643.5643169	Normal
69.39122974	84.50730647	60.0906336	46.87333225	0.371211958	144.4875112	778.2526485	T1
68.7547639	61.44235117	49.96094955	30.61426706	0.284376276	135.6178151	803.0566054	T1
382.8643298	225.6045882	189.0986286	297.9619648	953.2414416	341.0247876	1148.476041	D2
559.1359268	282.2886885	225.223668	389.019417	1419.043381	344.138347	1364.170892	D2
1577.183825	51.8989821	14.90528301	9.381188406	0.409708298	87.47112733	682.2207912	PD
252.2293693	452.9944326	136.7997167	1232.947605	0.792840607	999.558779	3401.48026	T3
63.77126651	69.70752838	56.09927461	36.23979369	0.474055986	129.9322217	756.1868718	T1
30.60553674	28.14748584	19.17118241	6.751418997	0.404840608	107.6283273	702.6068053	Normal
2332.385141	82.69837236	42.34548709	26.86775644	0.230763276	143.6693426	777.0739573	PD
67.89221905	63.24840582	53.52512356	36.71183747	0.256023649	132.2848566	742.022592	T1
828.0822648	76.67982101	55.48604788	208.2558959	1083.281118	163.0838569	812.177103	D1
1467.031432	79.91823099	45.57801856	31.54004666	0.357034219	129.2226212	709.0087813	PD
655.7472238	222.1064148	176.0970609	422.3070053	1950.745187	286.0674146	1233.859626	D2
59.82319604	44.75292272	35.45065462	24.11428643	0.421428514	128.8448087	741.4283014	T1
228.052345	467.9448286	145.442967	1214.735427	0.660099624	965.878815	3322.308792	T3
771.4825428	53.13921816	39.40451275	97.07695008	522.6539991	129.3818963	756.3165613	D1
50.00104805	52.8104784	42.43216731	23.49344393	0.244467078	139.3737544	722.5708495	Normal
76.15484578	72.40209088	61.30526992	47.31079236	0.44956915	144.502252	705.4124776	T1
660.112739	27.78987919	16.91235755	169.2361999	1112.507929	99.79326918	647.7791813	D1
247.7439413	302.7811664	258.4545324	205.9348168	0.498461943	402.7586827	1526.989846	T2
54.2773203	48.5952986	40.68596265	22.87185209	0.444246476	132.6759871	696.0780684	Normal
702.4058057	299.1127274	252.9465317	491.7186397	1899.960574	400.429578	1498.154692	D2
253.2582305	464.9033229	136.652456	1190.055915	0.690655064	1011.032802	3426.016651	T3
237.2349193	443.2337286	135.2763198	1169.579831	0.789911583	1025.99898	3352.204267	T3
57.5699431	51.01406397	38.76010681	23.10232792	0.436652778	133.5556302	629.3949217	T1
48.3070564	24.26537694	18.50675141	8.148834825	0.422539955	107.8012723	707.6458927	Normal
456.76828	28.54076119	17.66462074	177.819568	1058.840503	94.04722732	730.6428502	D1
610.5505502	285.8364995	228.0072896	429.8720556	1598.455808	360.5185815	1456.164087	D2
1433.430583	48.20381339	17.65165083	10.11880469	0.394341394	84.52073665	674.4998338	PD
552.7844102	205.2275288	162.6273246	366.0016704	1746.167217	278.461565	1057.482106	D2
241.7338213	445.4475714	138.194827	1174.252728	0.692061298	982.4432419	3529.332319	T3
40.8820001	28.62509884	23.85284398	11.13815827	0.442924723	114.9230134	581.1253432	Normal
420.4110557	257.1834018	213.3972228	305.3150179	836.3026456	324.8039307	1264.126824	D2
81.64505989	77.23674491	63.56948349	44.59965019	0.385670205	148.2006951	788.223907	T1
1357.386067	57.58449348	33.23728606	19.1718475	0.323072551	99.87455215	689.9664997	PD
688.4260243	289.7138385	255.6807468	497.0182421	1897.305067	366.458178	1425.312319	D2
223.1294232	307.2394488	252.0614054	202.3371453	0.256243331	399.490799	1376.15072	T2
76.14334735	65.8064756	53.93215949	38.24817303	0.39598242	123.9627697	849.2771337	T1
69.18941216	83.3835775	69.66029125	45.54193595	0.491187485	151.7821233	771.7471823	T1
461.6180063	172.3760286	155.7596842	317.4204646	1315.722087	267.2027	1071.527493	D2
1464.220798	48.19908667	20.75111536	9.628712521	0.319107224	124.0452359	629.8371441	PD
236.2394606	441.8144717	137.4427805	1192.558975	0.772635246	1031.724604	3305.16438	T3
379.4013868	224.2100653	198.4927678	293.5145865	884.4098911	308.2015064	1290.980877	D2
1708.694066	60.68865035	30.37356427	17.57259457	0.438172213	106.4409157	684.9002445	PD
76.47264035	71.46146506	54.68170399	36.92733736	0.35335852	156.284826	810.2787025	T1
632.7460849	66.17088074	51.14100076	119.9638988	621.2830823	147.1321477	748.589942	D1
622.424599	45.78493609	34.91404482	19.66674067	0.266760406	130.8773645	672.9423357	PD
223.6339295	462.8122298	137.7613587	1209.666903	0.715325829	1004.200923	3317.346132	T3
241.2019488	443.9301018	141.6550378	1219.459135	0.74695584	977.5413865	3258.680746	T3
77.22698176	87.66070858	64.84819154	47.21112843	0.401985864	152.4727124	768.9381748	T1
589.6030698	235.9193397	199.71501	396.1620816	1562.799972	331.952853	1182.86674	D2
61.59626566	56.95586783	49.53940044	32.25463498	0.383793423	162.0891256	728.4514181	T1
33.87613849	26.12545247	21.21965127	5.928035574	0.501010897	89.82676893	711.5312154	Normal
227.9988057	454.5920689	140.2651826	1194.997313	0.631193742	1008.321217	3334.153677	T3
628.1999124	239.506234	194.9844293	413.0180925	1816.124488	328.0942587	1262.652513	D2
1007.816321	38.93310097	19.76412529	165.0010094	980.7413673	84.22776773	659.9388825	D1
83.73626723	84.03520431	66.32891212	50.74373602	0.288671246	175.4653064	746.0921152	T1
78.58900762	81.18111261	59.62353198	42.78923895	0.347449806	147.797113	842.3876266	T1
655.1241668	242.6684636	207.4411082	407.229085	1794.902713	318.7025289	1226.426819	D2
519.0675501	165.44263	146.6427397	352.2188984	1617.825128	258.088105	1091.168356	D2
71.02026436	68.31509731	57.26153065	38.85639644	0.204270258	171.3407254	857.0941576	T1
60.45811323	63.56036007	49.68942247	35.45085748	0.479072903	132.6277471	831.177751	T1
221.0740422	306.8353552	263.1400051	206.2336019	0.441800382	406.7430664	1481.100815	T2
60.16810221	50.51579347	39.99989101	22.34383504	0.37250154	132.6357334	811.8133171	Normal
240.2354179	456.2329204	141.1552109	1194.966216	0.791990404	1009.552031	3421.531497	T3
229.4809253	477.8626445	139.3807603	1220.617189	0.751223024	1019.556305	3437.350596	T3
518.2304963	300.9618603	252.7863704	411.6625724	1177.350751	434.6456533	1536.057566	D2
486.1444748	191.5834756	157.7585603	323.9361463	1363.141259	293.3509898	1103.902809	D2
232.7032996	324.8393052	260.2654374	204.8488448	0.25189135	403.4629738	1446.768203	T2
417.0554319	241.0593017	201.9544012	291.0962669	956.3051914	322.2771785	1206.902208	D2
53.68064444	51.71803187	50.42766223	30.58010798	0.258056756	120.8264113	738.1297858	Normal
211.7079484	23.71566961	20.26187237	6.528747548	0.265232765	94.13333991	608.9848799	PD
224.5678398	453.084549	138.9872214	1221.311065	0.747278324	1000.823974	3392.195281	T3
234.7278517	309.5505511	257.6921164	204.9740565	0.359473411	388.5465434	1412.40469	T2
886.0669125	103.555034	78.05805387	228.9696441	1144.401126	158.3470032	873.0424856	D1
238.2026648	301.4813432	266.3606309	198.851897	0.238279271	393.7651183	1501.983286	T2
46.51321257	45.50288962	34.71833166	18.29395599	0.354167626	120.8104357	662.6961971	Normal
245.2303693	308.7814122	267.4935468	216.9867427	0.441054789	402.6009613	1474.810654	T2
64.49722091	42.35766171	40.18426149	19.7379275	0.453338382	133.0965186	631.0120179	Normal
619.8562424	92.07094618	75.42721175	129.3730505	525.3471584	176.8770531	854.301335	D1
231.6327324	315.2834028	255.8070567	205.194823	0.445971882	390.4388986	1449.153747	T2
234.0033599	320.3874437	259.6438749	204.6303483	0.205464829	391.1356804	1419.948886	T2
82.71874948	75.94346678	59.71488749	36.7775793	0.48927358	145.7563559	803.5606071	T1
541.0394454	241.7209744	195.7462673	363.4364038	1449.271971	347.6955925	1235.476902	D2
74.33131131	75.77301839	62.24635155	44.52864141	0.326519628	139.3117809	711.6501302	T1
50.97781988	38.80905612	33.57644298	21.18193946	0.451642003	124.3036274	789.133511	Normal
50.41661826	29.49490361	28.68452568	11.86962225	0.44024939	100.3299133	752.579684	Normal
227.5551311	458.5058195	135.3664279	1204.643227	0.77296457	1011.124547	3359.793346	T3
394.7636731	263.1457715	207.6075156	296.4030678	888.2384841	344.0953663	1245.842444	D2
575.0843344	26.54582697	21.70144303	151.311887	970.0455962	97.55190323	710.206228	D1
2019.160938	83.40721447	38.94630159	24.68326211	0.339346674	137.0322	701.7509656	PD
607.5711961	281.6544106	224.3905635	415.2967658	1568.489434	356.0663955	1406.437478	D2
73.26815086	72.60783362	55.82855275	40.96457232	0.320719365	162.3432454	831.0293576	T1
476.5055425	232.1545733	185.4378216	334.3230379	1273.909214	298.6776868	1198.120405	D2
80.47443007	70.55542469	57.16936177	36.36440059	0.351398192	159.3473592	790.0128921	T1
56.64588795	55.12817719	38.93890779	26.19273279	0.380094574	113.7388032	751.8955619	Normal
85.11286291	73.00767318	62.62761719	39.47206272	0.325339686	146.3430551	782.543182	T1
245.1077964	298.2242309	264.1024099	201.8139273	0.326251931	409.5598013	1526.052009	T2
633.0141001	64.09097874	48.74237822	133.0205099	718.2675023	145.2026707	789.192218	D1
462.0877032	316.005583	246.6499523	407.3164064	901.4772262	431.1961269	1651.551058	D2
2348.870178	63.65303261	21.76609702	7.348056453	0.457448604	93.8196792	630.617025	PD
228.1959501	315.619078	258.7835395	210.1832292	0.418031487	414.9700668	1363.919316	T2
73.14598554	63.25499647	56.19439999	33.75176529	0.355200669	125.2316274	744.9596647	T1
222.4442234	450.2088359	137.1982887	1173.022901	0.76824727	986.1235712	3387.218096	T3
803.0674094	61.11575011	46.13556904	161.8714209	851.8095929	126.605422	780.0801129	D1
38.20813093	34.70401108	24.9441468	12.61727771	0.381711454	103.1715989	725.5631336	Normal
247.3765645	474.5136975	140.8843342	1240.127125	0.8060336	969.893672	3375.079236	T3
2012.9622	105.5096914	54.720689	37.8432579	0.244392549	165.0794755	791.8716678	PD
442.8127906	252.6496122	220.1446222	297.2706683	995.3715808	358.3588933	1360.390661	D2
821.0695374	47.3515233	26.57939813	14.04414339	0.430911863	101.5108806	636.8427014	PD
241.4164006	468.4530431	137.9462903	1234.331976	0.609395381	993.1608184	3320.667491	T3
1358.129187	58.68290626	31.43267176	20.15252443	0.414190583	133.0688537	724.2447834	PD
68.06209498	63.46875632	54.97366833	33.89883864	0.273739234	163.5277712	704.7955572	T1
929.9407944	55.54119304	33.10331871	168.5291566	995.2429315	107.9446865	704.0025697	D1
1965.785119	76.97200788	47.31701145	28.76460436	0.439524389	149.8896115	774.574481	PD
81.98803604	79.24099905	70.58428985	47.02191598	0.425129158	165.3442028	868.375125	T1
2209.149833	59.97639029	21.78151491	7.407761132	0.493803502	116.9585756	618.4572006	PD
226.5356953	314.7684762	268.6731676	205.9500675	0.488568714	395.9593789	1468.940145	T2
399.3371366	270.0192672	222.319433	295.2029133	816.0146969	382.941092	1324.863898	D2
1866.627646	81.17713976	41.90384022	26.85706458	0.277782532	141.2400659	763.5700021	PD
2092.462507	59.56788623	15.74168928	7.599881666	0.232686076	115.5785976	583.7987726	PD
75.79753591	67.81542038	52.74518576	39.25752554	0.451286373	134.8264021	765.0650115	T1
33.52851295	21.82594174	20.61388354	8.964338341	0.277159968	124.5716946	621.6327404	Normal
245.783598	317.8531483	264.732691	224.317466	0.29252052	390.8500465	1439.660385	T2
57.57577811	56.72438416	48.87781554	29.92893353	0.426586318	131.7630038	802.091699	T1
72.057877	71.96273682	64.8927099	44.86569595	0.449666617	162.2737146	785.663811	T1
236.3052315	452.6567295	139.0286114	1223.7899	0.907572414	1015.857406	3503.266033	T3
234.0367052	460.8403897	131.8660024	1237.633593	0.778699113	992.5885489	3513.717831	T3
413.9924307	322.962093	253.3612452	327.944819	837.7591561	371.788461	1427.385703	D2
518.3067664	250.0387078	194.0136444	373.837497	1412.597769	312.0189693	1236.092022	D2
402.6406722	52.87944418	42.3739578	161.7803316	909.3490996	112.740423	735.7173246	D1
79.76873553	85.11526854	72.90123503	52.80068836	0.371725021	164.2148164	827.4216727	T1
520.5781027	77.49332419	53.5696879	101.5050665	460.0505319	143.6364948	701.7214202	D1
58.45637941	58.24678408	51.89904904	33.90837247	0.282548151	135.7102271	686.1645377	T1
56.8013056	57.22824204	42.77918304	27.12225191	0.299005959	132.2768311	672.3394198	Normal
73.15226707	69.55686226	55.53134775	36.15622606	0.268082539	131.7788849	734.5953408	Normal
55.78457351	34.28177229	26.06150074	17.52209779	0.458404218	120.2598405	628.7517121	Normal
947.9039459	41.32064877	21.96446828	98.83893815	582.7423829	108.3261794	666.2947048	D1
226.3626757	324.5578861	252.6988659	205.8563503	0.227137904	388.8026592	1521.36664	T2
448.2182177	68.291344	60.68059091	146.2787689	724.1737473	163.2578437	730.8331936	D1
225.7376222	304.1581247	272.0647653	201.8749139	0.343411763	418.676743	1473.320076	T2
241.8884991	329.4497092	257.3409528	200.3443758	0.337012739	410.3889047	1379.014713	T2
43.95620099	37.3560468	29.99474143	20.71290104	0.250977807	111.8465843	742.9671247	Normal
248.8310527	326.1134434	263.0636213	209.3020348	0.413164765	399.0188346	1312.177045	T2
243.1723756	310.7284779	249.3942732	200.8597857	0.256291255	414.293139	1396.550343	T2
590.1413246	162.571531	138.6441809	392.4331339	1958.035062	249.6650391	1100.963238	D2
240.9317053	474.1461594	140.850543	1203.77752	0.889877226	961.632576	3390.842907	T3
32.10012579	19.58936622	15.97256015	7.835332615	0.214388002	86.74934124	611.9567297	Normal
230.7464334	316.0593525	257.9130942	216.8552284	0.489930974	368.9936048	1373.251399	T2
587.5149214	263.1345404	202.1759857	427.4938402	1866.840573	338.0955574	1149.162678	D2
387.0891762	231.6713391	193.1668869	282.6408814	867.416337	321.4695529	1170.911475	D2
548.0443906	37.4025634	22.11394997	11.33491032	0.283196488	100.1566017	649.0495033	PD
76.14379506	67.79250662	49.8084583	36.75349911	0.289529154	141.452635	670.516195	T1
77.54423125	77.6324237	66.28273309	46.24329157	0.491015713	151.3499684	759.6140923	T1
231.4206762	318.9040406	267.3085772	212.0382016	0.378594439	388.7639136	1402.459491	T2
63.26563738	53.90466811	51.52054305	30.26851914	0.208349656	114.9276133	799.5536823	T1
244.2575446	315.2430206	261.5719477	210.2289059	0.215813814	388.3486589	1427.537759	T2
225.6911767	448.9697947	140.5543378	1189.375093	0.880297849	982.7223897	3438.096204	T3
47.35977832	51.38234156	38.53847336	21.69013919	0.447418535	137.22345	783.2455668	Normal
522.5497894	198.3086465	171.360263	365.1493196	1479.378007	272.0736552	1113.626908	D2
230.4766557	450.1955148	143.9532538	1201.239714	0.662483426	993.901266	3242.775234	T3
68.66370808	76.12096435	67.69528386	48.62764781	0.38139287	146.3678317	858.3542995	T1
50.29632823	36.07632846	30.96856848	14.82410007	0.31900387	121.1002196	659.4504914	Normal
43.99208374	31.13218048	29.56229923	10.20009996	0.384160279	83.71510981	698.9655342	Normal
229.9262893	456.6881811	143.6461925	1271.810192	0.70183057	956.3535785	3452.961034	T3
41.76277029	23.28440067	19.65727029	5.736749852	0.333912812	105.024829	608.6572478	Normal
224.6523937	454.4850646	146.5150388	1228.570467	0.660281944	994.2423479	3482.529801	T3
237.2693433	464.4534678	134.7467843	1171.608931	0.737441546	1022.030572	3315.048043	T3
648.3775251	232.1488919	183.9929027	431.6899463	2030.650066	307.4395846	1153.373003	D2
59.56081498	65.22197645	51.23269563	38.08152893	0.240881281	131.9992352	743.0906979	T1
741.4512737	67.55658093	48.42981532	29.12135366	0.451983857	142.8438807	700.7632729	PD
1134.360724	78.3602718	52.8267935	34.43156229	0.22834219	122.5278744	796.1538874	PD
1091.751211	74.4350286	57.01538932	205.3628751	1087.665005	137.3785087	735.3107626	D1
78.27413815	71.49327313	55.79389206	39.94814139	0.453060849	140.0217741	885.5861727	T1
67.8149181	54.7438261	43.60097275	27.74680881	0.333620679	130.2594769	713.7977891	Normal
512.5665253	246.2659419	201.2465841	355.4414943	1220.172737	338.0349344	1284.424354	D2
1707.348723	52.11565873	20.17245973	5.883710091	0.423726265	90.68458443	659.0818005	PD
1076.260389	44.88853661	18.77042151	6.819002354	0.395974782	104.3047349	671.9751305	PD
356.6049309	100.9955545	76.93900011	130.7955451	489.5981829	185.9369409	894.6237629	D1
386.1509502	39.35548665	26.37602547	88.0966298	451.9696811	124.1630091	709.1269346	D1
1698.424631	70.87477351	45.32959922	24.62492422	0.212945109	114.7528656	808.1953307	PD
244.0144556	462.6332986	129.7888405	1239.575673	0.891802723	1002.549571	3343.224409	T3
504.2877254	255.9382641	207.925697	351.0531513	1215.929413	307.6814264	1268.083388	D2
58.45967803	47.98285507	35.79812787	21.84645109	0.536356307	126.2137555	666.7161264	Normal
237.5476205	325.5542012	259.4658878	200.4280575	0.496383883	384.3495562	1523.886506	T2
251.5308284	451.5909788	131.080248	1265.105296	0.835016544	994.2802057	3295.291206	T3
221.8675995	459.8023397	132.1057105	1165.411459	0.833292351	951.6586586	3252.514023	T3
1697.125675	53.27677171	19.84676792	9.820711549	0.380322629	121.6711103	717.899929	PD
558.7646843	40.77911642	33.57689069	180.1524904	1058.742515	111.1099492	686.6394941	D1
53.54806702	43.56509639	33.20478971	19.53226114	0.233729072	123.8310424	664.9408939	Normal
64.57791879	59.85561889	50.92283936	36.46418772	0.422737972	146.6114625	792.1599778	T1
78.9270443	79.42749383	70.0802678	47.39233364	0.318367474	148.9413082	810.3003319	T1
602.6864319	176.748969	145.2553836	384.6265631	1750.923018	250.5906803	1141.415151	D2
896.8698573	87.80712253	65.42015131	150.1830283	702.4295692	174.7918801	879.4647403	D1
80.80067673	87.66600327	78.30746379	52.72504571	0.233537861	184.4718108	885.4145646	T1
709.9944899	294.981911	234.6233822	490.2914932	1918.304267	371.9924798	1399.709584	D2
375.9106035	45.91393767	35.48624345	112.2624157	646.2362171	133.3044294	752.2142845	D1
242.1528689	461.0584428	144.6469377	1171.258122	0.630963095	1027.827559	3280.552936	T3
516.7274398	50.72681556	38.23435891	174.9403221	1080.749503	132.1058394	753.4411301	D1
744.783373	39.83419989	18.69842064	75.65803919	447.4193416	107.9476963	587.7967842	D1
1406.181666	60.47015735	32.19635479	17.37959839	0.412474574	120.2996607	738.0978501	PD
230.9793039	432.2638321	138.7712017	1221.653165	0.847279563	989.8995535	3314.395013	T3
37.86410325	23.4808334	19.60584887	7.4083333	0.38679449	93.1979512	634.4765298	Normal
499.6683451	179.7594143	127.5502154	339.3429398	1534.628653	265.76493	1096.144649	D2
35.20735307	26.44575382	26.01987097	7.809209367	0.376643297	106.8216018	643.8738603	Normal
53.06302084	48.97993507	41.24795879	25.03153949	0.364251651	133.7853164	751.4774917	Normal
86.11929811	84.50605598	76.07485849	48.47983977	0.32011417	160.3193894	821.0335567	T1
84.58810972	84.60694394	74.61684714	52.09298889	0.479385469	162.1267663	837.099013	T1
51.46612082	60.0830693	43.08440775	26.67256849	0.325785944	134.120813	739.2019208	T1
568.7786555	258.3706651	200.0286458	396.2020782	1628.118567	308.1496812	1273.928754	D2
237.1659348	473.4152018	140.5085405	1253.849089	0.868427007	1048.451067	3521.049771	T3
573.5838969	90.39968481	75.38646736	189.4565264	881.9165128	182.8761391	814.5394955	D1
233.058054	322.9110476	270.1798547	205.419622	0.497437501	398.9878521	1476.822728	T2
557.3190504	52.63908502	26.17825194	17.69246647	0.208782448	116.785137	636.429725	PD
455.456995	195.9132979	159.2327346	307.2600712	1209.074328	247.8964611	1068.111708	D2
31.9621355	25.35366115	20.89469435	8.713089744	0.304181454	83.62153227	720.3545201	Normal
232.331618	455.2918448	141.0190879	1174.701623	0.738204397	1001.074098	3416.06413	T3
239.696759	308.4043541	260.8533382	201.0178711	0.390778412	394.3722975	1361.315292	T2
1049.288496	59.23671381	37.45131396	20.30625849	0.488818512	137.9736957	790.7154943	PD
79.86704482	74.33444784	60.75245962	41.74737638	0.393381636	144.6557626	802.8826585	T1
239.9486853	301.0128364	260.5443197	206.3607306	0.403521563	376.2021366	1571.679082	T2
72.71703429	72.34458248	58.451676	42.9444074	0.274455603	147.5671079	827.6382661	T1
941.1410162	79.67869322	59.16149167	109.1050446	465.2731549	154.5813884	718.5844497	D1
78.27368086	85.51344759	68.77855323	53.53932567	0.479774652	176.1900352	803.157031	T1
701.4822033	280.2121944	238.9909709	487.6361452	1917.884682	362.7164584	1383.478361	D2
964.9149752	55.94119874	38.61066895	20.94130233	0.490619549	119.4178778	712.8557684	PD
221.1487576	326.3801066	259.1339705	209.2406388	0.260468101	424.6261953	1409.874115	T2
240.8423789	446.9018307	145.6782876	1233.686489	0.714253706	1048.814444	3456.260755	T3
65.75152816	61.12769299	48.51540165	30.92366732	0.242266866	131.8209943	761.841003	Normal
65.20534339	61.65909026	53.89801877	34.6723846	0.236826216	121.1531652	798.2122443	Normal
232.5889587	314.8897682	259.9854762	203.6826671	0.420771047	414.0495866	1526.27644	T2
60.36373848	71.22116729	53.81731536	37.32971035	0.403583996	166.0980868	743.2577258	T1
243.8326199	310.3585401	256.4121907	203.4363645	0.208906831	398.6986191	1268.21948	T2
87.65349097	92.71718642	79.64276477	52.3915269	0.394775316	160.6906275	861.6379488	T1
645.9499558	32.25236687	15.2367487	133.1149557	794.8788451	103.8017536	676.8395611	D1
484.2071285	210.1099447	180.2291825	331.6986658	1285.799204	309.6506036	1239.764118	D2
229.0818951	441.2322892	135.1079456	1196.40395	0.894237554	1002.736017	3474.962649	T3
53.12719978	54.93103722	44.46740162	27.11398698	0.230590028	119.3538039	697.7184588	T1
510.7420344	31.2127524	19.86614262	107.1558528	670.2033742	121.2695487	655.414874	D1
40.98537096	36.25022498	31.20651335	11.95394777	0.436171679	119.3042365	730.7311968	Normal
516.4689891	303.8478924	251.8068245	373.5086176	1044.813132	402.8294402	1496.507678	D2
243.8495677	431.7223016	142.9196471	1198.383838	0.639034821	1003.319816	3481.005565	T3
222.4831864	449.1253436	135.5080831	1206.448605	0.803745065	1031.317292	3265.163844	T3
416.6843292	272.3325878	217.3877073	298.9447658	876.4867364	344.8126581	1282.410127	D2
977.9456853	72.64361375	49.52684055	188.3168397	1100.651939	145.6420477	791.379214	D1
255.3465164	463.507585	138.5940946	1187.172088	0.725707386	991.7827333	3258.742107	T3
1725.42165	46.22026709	19.17669506	6.565406311	0.523578557	112.7494507	580.6663926	PD
65.45587544	55.01480474	45.03935217	29.50264075	0.252592129	115.9847984	768.9651751	T1
553.8894397	65.59294119	54.9390288	202.8278095	1085.216469	157.5191728	671.725672	D1
245.6233348	445.6051114	148.0216938	1125.841926	0.718166259	1006.863379	3290.226551	T3
64.20557782	71.23738702	62.41633132	42.14277575	0.242216435	156.2556022	858.7232744	T1
227.5617868	448.9722036	139.1601333	1216.810617	0.795603313	950.3744676	3250.415109	T3
73.07718269	83.88071841	66.40695787	48.95934853	0.305945527	153.8515633	849.5940473	T1
233.6646317	332.1169192	263.6087613	197.4469201	0.42969136	390.3516164	1366.190203	T2
222.1226697	306.3242465	255.3072679	205.9869366	0.383537312	400.123439	1295.341324	T2
229.3997547	313.5268189	261.5042405	213.8193216	0.340436217	410.0145562	1432.742591	T2
687.4276948	104.4984883	73.39315782	115.2066355	448.1061939	187.666183	778.2950868	D1
234.4807795	452.4767075	143.8948923	1197.330555	0.817925476	991.269421	3390.91573	T3
30.55738844	26.25699756	15.29493668	8.8725383	0.357759418	90.70705109	680.0214741	Normal
236.5619152	308.1802065	257.2742606	207.8230046	0.385378718	399.6969239	1488.043716	T2
78.22564931	68.33993528	56.05123957	34.79701991	0.320559672	153.0468067	695.2912636	T1
515.2500888	40.34617955	36.42159891	78.53249744	422.7554543	111.32932	752.6435973	D1
57.55414473	38.12980972	33.2495295	20.59400748	0.234348964	136.1571776	721.2135311	Normal
98.40884288	96.57789081	79.25901897	59.87977336	0.407941559	166.8383143	840.1063108	T1
388.004855	84.71964398	61.59875888	133.7543993	582.272911	171.0942738	822.533217	D1
1155.408519	76.4321201	48.84099315	30.35854352	0.294097323	117.3456368	795.8424494	PD
399.5124915	239.5699257	201.4421508	282.8416925	829.2900238	340.9344559	1212.853577	D2
935.8229228	75.09876464	51.17054672	160.6862577	860.2383005	137.7673939	743.094241	D1
522.5808522	282.5910672	235.516414	374.7284939	1308.510973	380.0052977	1402.186513	D2
86.75723512	84.42526526	68.09058015	43.67597783	0.271012627	142.1000652	806.1471619	T1
546.1562636	300.2181633	245.3879877	391.1849052	1377.486448	373.2351592	1321.494549	D2
674.7924693	62.80371894	41.42173031	122.8378005	646.1624831	113.8770264	767.5888512	D1
78.54154192	81.91601371	73.25906919	48.88344939	0.483851009	143.7270263	762.293854	T1
615.0399055	219.2606524	180.2248022	398.9342333	1679.877132	307.9261689	1290.427501	D2
228.0555972	313.3505824	262.8485277	211.993641	0.496365444	411.8263576	1426.95686	T2
254.9420243	315.7027649	257.9764483	205.0612412	0.269387176	393.7725275	1408.263141	T2
241.7803486	449.837518	140.9542846	1208.325055	0.80557215	977.0962173	3169.764709	T3
46.10214895	23.95289869	15.15142265	8.072012192	0.442139131	116.3308564	664.4836555	Normal
85.83820596	82.52707078	67.97398834	48.66978243	0.389920157	163.2969607	899.2294007	T1
79.58168551	78.08272235	60.95648741	37.16414543	0.416869257	135.1933378	736.6685111	T1
40.56778767	21.66700389	16.23667893	8.806861801	0.334969663	84.83105131	660.5741102	Normal
1006.521193	41.93535633	27.68311144	125.446081	766.6680769	94.12441758	662.9505006	D1
230.1606392	428.221934	138.0993306	1189.75541	0.795940338	1001.657761	3425.000778	T3
58.726469	61.88870612	60.4854537	40.688559	0.499631359	161.9500055	732.3278821	T1
233.3648635	455.9251962	134.1697991	1191.355942	0.787919437	987.3382579	3404.709327	T3
76.79943088	90.44802102	83.07213457	58.83079275	0.428737876	152.1163804	840.8991014	T1
52.58228924	45.6474473	35.38377185	24.12045931	0.349376186	132.8093524	655.8682977	Normal
56.75347205	59.34732836	42.11664293	28.75719201	0.400506001	150.267765	776.8195879	Normal
1480.014778	61.69976646	27.89150962	19.65505338	0.453536415	131.7000324	684.7063379	PD
39.6539234	21.65036035	19.09427328	5.466477839	0.260206359	96.23291442	581.4034779	Normal
239.8970306	314.6237719	255.8590531	207.2821577	0.472850686	427.5379043	1457.873599	T2
229.1065876	324.1045381	262.694965	206.6210628	0.461976772	403.4749043	1452.622403	T2
1489.636554	52.11799065	18.62693224	7.431336731	0.368488005	106.7438981	624.6126121	PD
37.43937372	26.2038437	18.26188851	9.012006349	0.386312383	96.24256129	674.6653912	Normal
783.1694046	34.45817613	21.86616623	9.592650576	0.284696286	79.64976084	715.5313559	PD
63.25028447	52.60355293	47.53621443	31.03140119	0.478518417	133.5261836	782.6326169	T1
230.1078603	308.9813602	256.8789172	204.504362	0.382212428	413.7940243	1459.119275	T2
229.3908004	322.0527769	264.8093791	215.9426706	0.244586425	381.5540232	1507.206096	T2
253.3391124	487.3482445	137.5645868	1249.500957	0.807183136	982.4591836	3413.987563	T3
231.9290514	430.9110529	145.0233551	1211.180377	0.898883985	1037.346601	3437.359031	T3
797.2881313	54.90232185	34.987156	116.038585	687.2449078	109.1975326	706.5158791	D1
664.3084344	233.2784753	201.9010079	478.2383838	1911.956677	323.2090102	1173.981296	D2
543.502283	218.8786925	184.4731606	385.2012795	1523.239342	311.9672893	1178.544965	D2
1376.357669	79.65663458	45.47004904	32.05146921	0.463180968	128.2236814	810.4788227	PD
698.1737483	59.07409393	47.18816799	196.7931893	1166.764884	142.0948864	792.3649082	D1
33.78023689	29.5449653	22.73206068	9.456440246	0.225786959	113.1010681	692.0188201	Normal
59.3784806	61.94846775	49.82499663	29.85188826	0.434271434	129.8600691	766.2311001	T1
226.0996458	456.1400631	139.145334	1195.407509	0.709958547	952.6849557	3440.230833	T3
884.3573567	98.12866234	69.89818477	150.8126046	616.9243121	188.9231882	880.587814	D1
901.1698165	66.72333991	43.39101497	111.2821422	536.8532999	143.7879653	696.2702399	D1
240.2245598	302.897567	253.0681329	206.4380265	0.299131782	386.5744934	1459.521597	T2
235.7467312	455.7052583	141.7841805	1205.551137	0.711282966	999.9981767	3352.016543	T3
70.34333582	66.73148429	54.99540345	39.6808412	0.482506804	133.8398396	890.3597563	T1
227.4545807	469.6684763	137.8941736	1206.992808	0.746103151	1017.827112	3377.711043	T3
49.70943026	53.60972905	44.30046869	25.703192	0.364339284	116.5457667	703.3939181	Normal
415.6593873	55.1423047	37.03463269	116.1609112	609.3202538	121.444186	758.3695728	D1
242.0481298	428.9720148	137.0072411	1149.938345	0.929318487	1014.205118	3280.779058	T3
59.77564098	59.03089984	56.16279333	32.71691682	0.229578247	138.5139512	687.1600633	Normal
518.7731828	164.8871051	144.9639777	341.7648242	1480.454767	237.2962505	983.467803	D2
44.22486088	34.94128382	22.02604282	12.61822085	0.390083635	125.8484093	611.294646	Normal
461.6408508	298.5406759	245.2559771	342.8234236	999.6429738	369.7102449	1370.124672	D2
231.7327567	324.4999302	260.2597778	209.1504563	0.295357813	409.1144915	1368.084896	T2
41.63600954	27.61527038	20.70864876	7.280058839	0.273442161	98.68459923	690.9762526	Normal
237.0952176	309.0221863	261.1957786	214.4757687	0.363484711	398.4643144	1465.983925	T2
29.43933156	27.31496328	21.86848618	9.58150059	0.292171881	99.98785411	626.2262952	Normal
361.3125334	91.16387278	74.12951917	185.0840036	878.6861738	151.1308594	750.8478718	D1
252.1759879	317.7287582	268.9570686	207.7254893	0.413717898	389.714902	1469.87859	T2
240.133679	306.535703	262.5639673	213.8796898	0.408288064	418.763529	1508.690134	T2
932.1280623	37.62720578	23.1388371	8.230682871	0.456609772	80.69160667	593.7107933	PD
76.82655205	78.04323035	57.54734374	43.14573703	0.495916978	142.0431898	760.0569322	T1
77.55053302	71.99734273	59.20697408	42.24998805	0.416911691	163.468663	793.5901538	T1
858.3891888	69.6576564	52.53324231	200.6741357	1171.497578	154.2386416	737.3191449	D1
472.6026668	205.803613	178.5309213	312.8125088	1235.890087	282.4832128	1135.13468	D2
247.7287932	323.4090166	259.3420964	203.3193628	0.304554285	402.1693874	1475.269677	T2
632.0044581	216.6962693	175.8310418	421.1969151	1878.085034	311.1908145	1122.019204	D2
907.2585665	73.92845914	47.986703	129.4092031	664.0883062	146.1729504	731.3049814	D1
60.1649275	58.44045118	47.81087909	34.62443854	0.431466475	128.6433211	736.3840856	T1
588.175839	282.6768372	246.7335534	408.6622623	1472.99542	397.6068788	1362.053864	D2
64.44281721	55.78425221	48.09591751	26.71827965	0.209889072	116.3795464	765.0623261	Normal
637.7840994	273.9092703	231.6801064	445.4618039	1647.25582	355.6742649	1346.039684	D2
671.6171657	67.11334969	52.46928788	204.7896766	1155.538761	149.4078268	836.9962687	D1
1624.912759	92.7673588	57.83682494	37.68012983	0.233804177	132.0303039	777.4080043	PD
64.90307869	53.57142605	44.41682991	31.50959859	0.295256969	111.3958682	669.3590301	T1
234.6529908	441.1999481	137.6049458	1204.64998	0.901937391	1053.393126	3261.684996	T3
455.7848413	281.8698108	216.7217256	332.9371185	1013.236513	348.4368541	1403.493976	D2
238.698078	305.0647835	266.1037488	212.6452794	0.416170207	418.691593	1521.987113	T2
234.5978097	472.9734017	142.7059702	1180.919366	0.646903477	998.4572479	3415.395293	T3
227.9267043	466.8115431	139.7491743	1178.977317	0.857752841	1030.209731	3230.384591	T3
1798.007414	70.87987243	33.26894232	22.96665557	0.292226974	143.058196	659.3904139	PD
70.95991014	53.78836634	46.71860315	24.57038633	0.432833885	132.4894563	784.4033787	Normal
42.46816205	34.41244527	26.04222415	13.56171299	0.303303379	97.07022005	668.8233127	Normal
237.4031027	456.6521571	138.3084651	1202.335505	0.621027792	1030.184982	3354.58254	T3
646.067293	213.5296158	180.7983583	402.6011499	1763.079079	316.9033588	1199.559153	D2
230.088623	308.6200066	245.4880048	206.930224	0.265432112	430.7832617	1418.819206	T2
1412.768053	47.55636771	23.42486852	8.312337071	0.240173187	87.51822068	652.6892862	PD
82.15419926	76.32823675	70.15656902	47.80713091	0.26010565	143.6345261	776.4292093	T1
231.0576438	459.9729691	137.4623094	1202.886919	0.772027261	1004.768749	3379.806033	T3
52.75940823	61.4074154	46.83301959	29.90807058	0.312214564	137.2432613	832.6478414	T1
226.4159037	452.3352377	141.897323	1216.854509	0.863719378	1005.091666	3288.0103	T3
232.6871022	452.9035751	150.255673	1183.033057	0.802262673	1031.330701	3477.414731	T3
223.4625448	467.4226227	144.6790763	1190.515282	0.680013379	948.5207034	3526.203068	T3
36.42502836	33.50145466	28.9762321	11.13572881	0.363603508	95.18818233	712.5134704	Normal
2351.713053	67.14632423	30.34100765	13.15195063	0.205951774	125.5279346	720.1085182	PD
72.72805347	72.78691058	58.26334059	36.95541751	0.355820703	142.9256524	681.1903966	T1
71.19695888	54.94034446	51.65802029	31.12488777	0.38993057	129.1251395	786.4164633	T1
225.6972382	466.4869899	143.121392	1227.512498	0.622648701	1016.869073	3410.455547	T3
231.2368514	302.5822229	258.0962005	201.1670192	0.222339733	421.6758004	1493.359256	T2
980.8538392	42.19268369	19.13773778	5.689399431	0.254878899	81.65150513	676.4680999	PD
59.13951508	60.62854368	45.77861131	31.90065076	0.388531232	120.2250717	791.8624737	Normal
226.6312055	326.5018096	259.670214	203.5689475	0.289533793	399.6696409	1350.286575	T2
52.12321637	43.73240276	35.32979239	24.92437405	0.371422923	129.9694109	741.2381658	Normal
600.9389967	78.9975345	66.98183534	210.7958061	1179.092386	152.9581593	829.0634294	D1
1129.18297	48.45526973	24.77472657	11.12979972	0.392749733	117.6881178	687.8911251	PD
428.2023713	218.4543647	196.185226	294.4476106	1041.673306	335.8456267	1243.982337	D2
34.42539896	20.4775244	22.5704195	8.67792169	0.222286726	96.50851772	641.8369647	Normal
548.5350941	47.74073945	38.52157918	145.9557054	804.6394717	131.702053	788.5066993	D1
241.5197835	332.4772742	262.7346221	204.3618855	0.199850632	380.1140401	1505.312751	T2
48.61276629	41.38935967	34.76813874	19.44486994	0.208591358	130.9454962	687.7600422	Normal
227.1229538	439.6132505	142.7220044	1229.911205	0.708614311	1004.184261	3388.457254	T3
252.5576205	316.5166476	260.1088148	216.1383193	0.414545528	376.4312088	1292.868343	T2
80.80633178	71.69925941	56.04891697	39.17414846	0.463854236	146.9394544	805.9614527	T1
416.1043308	285.3474244	231.809269	297.2508321	799.1162944	361.3375298	1388.664106	D2
78.01548122	69.20417248	57.94893006	35.87515466	0.399379306	165.2412204	739.8813441	T1
222.1989819	475.2703755	140.744031	1179.808059	0.714641748	997.8883273	3384.203607	T3
226.0328375	317.2501331	257.303818	202.9836367	0.345598639	390.8230511	1487.767062	T2
2100.139503	89.32660789	43.58739464	26.87651391	0.256767028	126.3109977	780.9550592	PD
700.7493952	298.788752	230.2069477	472.4564716	1931.954609	358.4808011	1356.146376	D2
679.9863563	292.2853153	245.4138106	463.7233813	1798.366174	356.7377728	1362.456029	D2
230.6969063	309.4713501	251.0044693	204.5959297	0.227126991	378.8855453	1389.786173	T2
78.1782466	80.36303134	58.2169016	45.09185921	0.235166188	153.8728069	794.0936819	T1
739.6952429	45.52089016	22.94131774	162.5324484	1014.938423	98.9094873	634.143916	D1
444.7543548	197.4710787	161.7568344	301.4723473	1187.224373	259.6471656	1138.115079	D2
230.3958563	309.877396	250.406024	202.5269922	0.329816771	365.0529784	1499.712094	T2
37.46584931	20.31091595	21.00749552	7.258498862	0.33875949	117.8295924	685.1971015	Normal
71.96106716	75.68554644	68.53742851	47.03819574	0.242412684	174.2185564	811.3698276	T1
239.2899649	441.4065611	140.055526	1203.256	0.602292061	1021.181851	3402.704382	T3
243.9970873	324.1195636	260.9369547	207.3000329	0.249679268	431.0310074	1364.196847	T2
571.9085582	47.21030768	26.68735088	165.7520902	931.8342991	113.363096	663.4499028	D1
239.8249933	470.2431809	141.3784133	1191.812303	0.624081626	998.4211694	3309.000583	T3
940.415587	84.47578928	62.09997401	180.6132753	947.8804653	152.4834905	750.97405	D1
385.4495769	29.41271789	22.98102921	147.9125465	987.5039038	106.7067982	645.2044096	D1
70.56979917	60.01084019	57.90589798	36.37547649	0.486015703	131.586869	837.6250726	T1
988.1200086	87.3020178	68.65495691	174.6857671	855.0451806	143.2264259	862.2251155	D1
50.62439856	58.55658892	38.93303644	26.24676252	0.289504868	150.4428093	780.9656684	T1
922.9787328	89.58522523	67.76156321	192.2204744	1008.980852	172.2278514	791.1350977	D1
233.8402176	452.214993	135.8300435	1224.601758	0.743440658	972.4348534	3346.17562	T3
54.27544873	33.37549065	27.95905507	19.85199649	0.271786639	105.9615395	678.6356654	Normal
48.52172709	22.40832786	14.90296447	6.105325802	0.310204072	89.98572048	579.1300037	Normal
231.5614984	315.626888	262.0562328	203.6387701	0.298797604	376.4016826	1398.308795	T2
235.6933201	309.171877	261.2974599	208.3742651	0.23662471	397.3918956	1379.101372	T2
246.0245097	458.3557618	141.6904748	1217.033573	0.71929236	992.1557601	3531.41984	T3
60.67235301	72.84632515	48.2704404	37.0518023	0.351227505	129.517521	798.2056855	T1
62.11470977	61.45424865	50.12525434	30.97469415	0.2578182	151.3792052	842.9071474	T1
445.0421303	262.5231619	229.2600662	330.3506242	990.0060902	343.4998134	1253.729965	D2
437.3748171	50.38419209	33.96751729	19.00880274	0.219302814	133.6708846	764.5555229	PD
234.7627481	465.1237769	136.0822174	1264.635837	0.777571955	1001.675144	3476.390589	T3
601.2755104	214.433614	196.6673904	403.4242195	1659.379429	324.070768	1216.390136	D2
67.01194451	76.02512166	61.88807883	45.07667582	0.471712536	154.3146981	837.9662492	T1
217.9129954	456.1368475	134.0133533	1198.445475	0.774878472	1072.109677	3532.243165	T3
448.9115031	240.2348799	211.8264959	321.0629547	1011.489931	312.9819468	1217.787107	D2
248.0570339	304.444805	251.8637467	207.3491391	0.495127514	393.5224001	1442.363314	T2
50.02657637	44.86097269	36.81547294	26.94496653	0.487022969	134.1533938	706.5143214	Normal
228.2669631	320.8205923	253.9919795	203.2504023	0.44558512	391.8487345	1426.555996	T2
238.5568636	466.6085575	147.4241007	1232.283686	0.683486635	1014.910341	3338.620721	T3
66.37910905	50.60707052	47.40371575	26.56658983	0.290792438	137.7716837	775.1040321	T1
34.49441863	23.39464073	21.46651401	6.45960234	0.336937528	102.9402875	654.033372	Normal
232.8797642	309.0452601	257.0403199	205.5222378	0.331538755	418.1075147	1404.295359	T2
605.6620464	315.0928054	249.703876	453.0387485	1592.345023	379.5202944	1416.32252	D2
225.8196882	441.0113194	139.9945084	1196.806882	0.686654637	1006.808215	3329.128553	T3
237.2734985	449.391107	141.0912337	1242.811381	0.76969567	998.3416507	3423.466932	T3
248.793967	459.5537401	145.0263393	1251.415038	0.705715114	947.4137718	3414.438249	T3
370.5151871	211.8294462	173.1010389	261.9467889	780.85579	275.8385586	1200.714321	D2
87.41607837	82.33970734	69.40364374	48.83024867	0.324302027	156.7314049	870.9822363	T1
47.50713568	25.89595559	20.86670597	9.208791516	0.47300606	115.6486587	709.3480628	Normal
41.18366026	24.36567686	21.97859482	9.781123481	0.319811454	108.4564878	608.9368493	Normal
44.93565821	48.47583732	40.17688363	23.45437518	0.200961115	128.9437215	737.8286969	Normal
41.04315702	28.06968305	21.62287958	9.429796546	0.432378077	83.4289738	734.8188636	Normal
247.878296	318.0440809	259.5867909	203.1858956	0.223847356	428.5431375	1423.206758	T2
58.11671851	56.49278215	40.58130525	28.49538157	0.393991764	145.4362689	797.895276	Normal
59.38360586	67.07261726	47.00290948	35.87399565	0.337169986	154.239575	704.8213299	T1
236.1434144	476.0461509	139.8464408	1236.168049	0.892922789	996.3799434	3433.734392	T3
38.01560766	26.05328304	21.03265593	8.652084916	0.518514561	116.3619194	590.2151251	Normal
387.3586174	70.76172098	53.38559125	194.8468737	983.3266953	131.575532	699.0059462	D1
64.45223654	68.98287144	53.93243153	38.49434892	0.433990731	153.0640611	766.825504	T1
2336.509861	66.35719726	22.91282808	10.60963929	0.371950541	84.61582338	581.0014624	PD
646.9335453	232.2411665	189.4911823	416.3440469	1847.664574	295.8725395	1231.933652	D2
238.7408062	447.3903085	131.7476933	1179.089093	0.897373467	1001.365904	3474.388899	T3
237.667014	457.1661983	135.2979231	1223.797312	0.727985706	995.6344105	3349.535973	T3
243.7139123	335.4148535	248.673876	202.9731185	0.341551253	381.603025	1554.92508	T2
40.52619541	24.8020722	19.52011184	7.197069692	0.342416362	95.22759018	621.7731969	Normal
227.1321355	475.5288036	138.8294208	1203.792693	0.61711332	956.9204623	3344.229714	T3
37.04916391	32.84048626	25.01775507	11.49630119	0.354271963	96.57496196	704.8974175	Normal
59.31828555	71.88819768	59.69487583	40.89160534	0.381629999	155.3687185	735.7737962	T1
348.0949926	24.44829903	14.91147332	6.606099566	0.297105702	80.35943273	691.1456086	PD
30.78515716	25.60151045	16.39369592	8.007920654	0.266804747	115.2550774	594.9418429	Normal
2155.531054	73.32444234	26.85744044	18.72565035	0.374677093	127.4245916	740.6011232	PD
235.2785281	303.0213268	274.2308027	204.7625836	0.325654549	401.1897072	1497.967324	T2
1522.801424	46.22248235	22.14725963	7.79984746	0.274241739	101.2590333	717.7976777	PD
618.2653845	31.00757626	23.53144123	72.47586669	418.4095394	81.66596166	633.2076724	D1
630.1775164	66.76968448	42.74619811	28.72379043	0.220916326	136.2453078	700.3731397	PD
397.9561968	45.1399109	39.97964923	141.7340489	799.0093339	128.6199205	714.468239	D1
815.186987	45.68938935	24.68001737	154.6577041	916.8897311	105.7463556	712.9893273	D1
58.62600191	58.74369658	48.82420375	29.25916423	0.323470609	142.3361491	690.6033959	T1
44.40631144	38.36590833	28.44281688	17.11598964	0.415347776	107.2382063	792.4401046	Normal
463.2152	244.9394748	214.3420031	339.5659596	1109.581031	324.0661554	1199.577615	D2
885.2759892	94.98395009	71.02624455	138.7388629	607.3721984	153.0806384	831.2253458	D1
89.5887335	97.44874661	85.22427655	59.45460902	0.453812016	169.7100009	830.1403313	T1
63.72358399	58.11139676	43.67142031	27.32698798	0.281095642	118.555643	781.3563948	T1
664.1035309	307.3583116	253.8395164	477.9857005	1781.151642	378.7559156	1407.383492	D2
536.3206425	38.3709066	28.9383282	108.5881797	663.7163642	102.1116326	711.9395581	D1
645.6689927	253.3638364	219.6981505	428.2018125	1737.47016	360.0319113	1336.034074	D2
229.8928732	468.5150044	142.4204703	1185.159798	0.778680752	1038.43225	3478.964269	T3
535.7322093	216.0532424	172.4884846	371.211186	1511.4901	291.7107052	1138.636812	D2
488.5542999	311.004572	251.3249608	359.4156482	1074.516301	386.0026264	1408.925569	D2
522.609175	332.0934766	258.3954862	409.2625415	1266.565267	425.8363039	1397.871345	D2
75.04200308	71.66436072	61.11277246	41.59601594	0.363940307	148.8845063	691.0714555	T1
236.232544	451.2235306	131.6298368	1211.475966	0.839320682	962.5756965	3266.688986	T3
40.92776914	23.10422835	15.9466116	7.771343487	0.262826936	94.89139552	683.8701127	Normal
39.7643973	33.84308401	26.25293702	12.8266323	0.314288544	129.9229768	705.2550736	Normal
244.5722746	319.9249974	262.9461792	207.0062472	0.42222391	426.4694342	1469.776767	T2
225.3717652	471.0573169	139.5603212	1236.018966	0.705408617	999.2134827	3461.636076	T3
302.9338885	85.04467313	69.90845343	131.5185006	548.7189074	178.2191944	845.8880295	D1
244.2442989	469.8526168	136.9930731	1200.204001	0.88932308	1040.428596	3357.908384	T3
486.65301	161.8300587	135.1679169	292.7185023	1377.619601	243.3596649	950.2972276	D2
66.72561482	47.76870275	46.08111957	24.93831464	0.428384762	129.5744842	763.8364883	Normal
2201.466323	55.20865446	16.91069693	8.316811164	0.408101022	83.33894368	726.5344466	PD
1188.274113	91.62000827	60.13149588	36.81747565	0.384980618	136.8188648	745.685856	PD
90.91086175	90.42399814	74.88800483	51.22120859	0.335615889	176.6984142	785.4809678	T1
575.71355	72.07207686	48.54498062	35.22808046	0.391395698	152.2427378	683.7909266	PD
462.3255189	175.4125617	135.7233505	314.2565873	1309.863534	244.3611179	1074.336871	D2
2015.298619	64.44665782	35.29869864	17.32510281	0.310805472	124.5176338	651.9896849	PD
508.6439795	170.7563009	142.7049803	325.0244112	1498.545291	238.0553684	1068.889872	D2
37.34835667	32.63185821	32.5287897	16.4949124	0.451759415	99.56685027	641.2526213	Normal
246.4570924	300.6078428	265.5011803	203.8803935	0.245883045	395.8640893	1436.005236	T2
1551.192658	47.07488862	23.78151462	10.28450296	0.463892236	108.5888269	692.7059938	PD
75.62962601	88.00814932	76.10738132	53.11892096	0.281321749	177.433586	875.5713838	T1
240.8203474	463.609571	142.8263884	1219.256693	0.829652896	995.347121	3346.335684	T3
490.9273211	33.71187326	21.76602404	9.067709337	0.369665031	93.62086661	672.2846631	PD
244.3845661	319.7375641	257.4302389	208.0679205	0.363125178	400.7488998	1455.320406	T2
567.3419944	179.4472285	149.4641054	385.2133111	1850.090018	261.5371741	1088.06076	D2
1704.180534	51.67400286	28.89916175	13.23341837	0.475845259	92.55315103	650.2529418	PD
1961.938896	65.7451652	31.82361694	13.95949143	0.435053677	127.1464912	709.2218574	PD
643.4420989	232.3062301	193.556056	433.0542438	1848.559272	330.913312	1289.488315	D2
676.3050419	52.61643698	39.41541807	22.86907584	0.304286284	121.0203491	765.0602072	PD
236.5432053	300.9526311	245.2372637	200.6408988	0.202723943	402.5812526	1388.613773	T2
226.8034909	304.7549016	250.3037819	199.0502527	0.293925547	392.154606	1410.589314	T2
231.528574	449.0627095	131.6800363	1228.134718	0.656023932	1016.182943	3237.321872	T3
230.8028534	458.5642705	147.3689746	1205.331791	0.881660703	1027.232107	3227.039064	T3
658.8400223	222.7986646	197.6075922	433.4444329	1977.617968	279.7496153	1214.124081	D2
2043.469123	74.27697892	29.87590816	21.48198317	0.343585336	97.95060667	624.2107109	PD
629.4304161	28.39437146	22.31366158	112.769905	677.4306031	83.24994694	724.6525645	D1
1050.583622	67.11612553	39.89277088	27.94221549	0.362319626	149.887304	647.8338778	PD
397.2219916	102.9779112	80.75127855	146.7281001	606.0427763	188.6125152	763.6115603	D1
63.85292429	52.30877548	50.07765175	31.17201691	0.353187887	150.7606444	783.8231927	T1
977.7794476	40.99374714	17.66499654	7.005701956	0.216031022	102.0303495	606.3232805	PD
240.9982847	453.2389588	138.5764965	1205.136988	0.776905325	1006.729921	3360.398212	T3
1675.449628	73.45481117	40.5889217	21.96728291	0.408683156	122.7331817	656.4225399	PD
531.2400287	262.5180736	215.637714	371.9163646	1377.301126	324.5002057	1346.337604	D2
528.0031151	254.3772879	217.2964673	358.2033218	1294.781966	323.2480878	1280.916296	D2
95.33601002	88.48622971	73.76157315	55.80408928	0.250071044	183.3327385	808.1681942	T1
2193.703373	103.1228744	60.70652442	41.14573385	0.249975852	129.1619729	830.3590223	PD
425.2833098	44.73803803	29.92999084	183.4805712	1159.020503	120.8838099	630.9575943	D1
411.3971442	264.9536638	215.9610062	312.7108554	903.1787306	350.5037129	1293.624902	D2
241.5682187	465.8460386	137.2452407	1170.189115	0.61935559	1042.355693	3265.312292	T3
399.3209237	149.0799941	125.751025	256.4978523	1082.336717	234.0494083	1081.964168	D2
71.65552562	74.25209682	63.6044152	45.36656727	0.367236	142.4671981	821.3303171	T1
226.1893115	315.5754451	262.2600326	202.1893423	0.262014809	404.8346446	1467.480388	T2
1662.484485	93.13545441	52.29301725	32.31554841	0.202736534	158.2053685	757.1987817	PD
59.35761091	74.16614897	53.06223654	37.58790946	0.392833173	158.6179625	706.2259738	T1
89.10792917	92.08103671	77.06525476	50.68193479	0.421665083	154.9764115	798.357204	T1
342.580097	129.7816402	109.452223	209.4193998	891.4362352	209.8986113	992.3958075	D2
932.6340003	49.91215467	30.04297523	106.5811915	597.6123531	124.6098573	677.0330884	D1
239.3211094	465.6698853	138.8429598	1242.141878	0.679939038	1013.676989	3385.103799	T3
233.721735	425.6315496	139.0908775	1130.004837	0.631270304	985.4938486	3372.022324	T3
989.554823	39.66229324	18.75845012	9.223272776	0.424813115	119.8807001	609.7073304	PD
237.5446597	315.4808498	265.4361758	204.6235865	0.254234628	405.2246213	1488.681657	T2
78.33116862	74.74876714	62.85373191	45.14832472	0.458190938	159.345261	828.9719762	T1
689.4254439	30.49171158	21.83485329	8.450313711	0.390537809	117.4535689	678.7843904	PD
475.3231529	219.8025394	186.3045854	329.162407	1175.678086	295.6367468	1129.921473	D2
598.1417521	39.62005165	27.48119322	152.3755623	922.4440237	129.7355836	618.3710178	D1
33.57443083	21.90731681	14.86469992	8.176027241	0.376123615	101.1217574	640.4774757	Normal
2117.776922	92.88621432	41.02406018	30.27814582	0.444937757	126.6146687	821.5415543	PD
33.38873312	20.71638837	16.85748377	7.78035511	0.358954555	99.45981087	714.5998271	Normal
602.0609005	144.568634	128.7615672	392.9695989	1865.158497	242.094881	992.429744	D2
227.4737816	318.1703181	250.9660353	208.0881796	0.322970281	418.4264351	1375.478329	T2
606.1507428	84.36583754	68.11047464	113.0074228	427.1386082	138.4751466	849.4478155	D1
239.2600975	319.7768201	261.6074042	215.164465	0.385663653	401.648496	1382.6187	T2
68.31126189	63.27539216	50.65355696	33.16337496	0.467970779	116.9802118	847.5215787	T1
663.4888708	276.6735487	231.0606627	476.5503487	1934.838429	358.0494506	1351.887285	D2
65.63208189	68.70495798	56.16866281	40.9250553	0.473902943	162.6987713	735.6694211	T1
245.0053367	448.2782214	137.7842095	1233.979921	0.774839369	1036.011639	3406.210659	T3
232.7297833	464.5486736	134.8622012	1216.669817	0.876067505	1030.778832	3362.662556	T3
545.1016597	177.513217	146.0514259	371.9096507	1565.034389	245.8843357	1156.49599	D2
40.72892257	20.44135768	22.55235852	6.064095407	0.393140158	115.8679906	627.1336008	Normal
232.3547278	304.9000996	261.9353084	208.2034545	0.375082632	391.9800205	1417.727172	T2
65.72751439	64.80154542	52.64990951	35.07375241	0.25596341	130.1994348	706.731517	T1
235.5131536	317.1017471	263.1477491	219.7624553	0.462241742	368.5298516	1461.92755	T2
53.44495047	52.42613639	43.62310896	31.83314579	0.462816724	129.8151265	783.4267765	Normal
32.58586179	25.60549086	20.04325738	7.748257875	0.457937315	83.4586693	585.8856089	Normal
585.5369441	214.3119953	187.5493244	382.0000084	1711.085667	305.164849	1122.572667	D2
289.8593631	84.12169873	59.51746408	41.57457796	0.311247201	161.6668006	761.6645399	PD
250.8302343	319.5918139	250.8619984	206.1872356	0.227408244	372.1030751	1405.203467	T2
1511.210252	77.64112543	52.34669589	32.59409668	0.274941887	122.0300802	823.7465129	PD
237.1272687	440.6984798	143.5913901	1225.047099	0.82878123	961.7822744	3360.811081	T3
2306.918878	87.43193491	44.29515627	24.3673172	0.33696013	116.5625456	818.88966	PD
65.95441196	67.26159796	52.30268494	33.54304787	0.386281622	155.075288	693.3492429	Normal
810.4534895	65.41682318	47.68762982	31.15712533	0.450247669	125.9480826	769.1647257	PD
44.89859785	20.56501008	21.30483304	7.872299578	0.365311869	99.35917598	692.1696162	Normal
368.5499559	32.21460868	24.35883274	160.4493284	991.3978437	97.610552	614.7008847	D1
798.0807094	46.3202056	24.06092185	15.32744762	0.275622174	99.96784875	652.9603852	PD
1054.481106	69.47080435	46.63724119	159.1771892	883.8373423	132.307637	758.4880862	D1
561.8235597	35.86882259	22.08488897	12.62991805	0.225725484	107.9553027	713.6600153	PD
37.8022052	21.86038643	16.32435403	7.489108589	0.302590573	114.4343495	591.5226988	Normal
605.012561	267.6571994	224.5052988	413.5857404	1518.27762	336.2689944	1343.754277	D2
229.0372662	317.6279864	264.7336295	205.7520337	0.211949596	373.9107822	1293.041444	T2
250.3812308	323.8432566	275.0076976	205.6810185	0.276691682	417.042266	1403.57829	T2
2113.867104	84.05933334	40.84056747	30.19226249	0.438732526	132.8982777	747.234531	PD
2252.717939	87.85962836	50.05042283	30.47660293	0.366834546	126.014603	810.4449016	PD
1158.226137	44.32000307	23.21516882	7.966524676	0.248722719	84.17929406	576.5867981	PD
52.56780338	54.85252429	46.03138851	27.13083661	0.373477225	114.6760015	689.2476476	T1
2281.989461	85.81012963	48.31077695	27.52211959	0.263698026	115.2580542	777.802702	PD
235.0640143	297.0374037	268.2406801	210.8851728	0.350544308	394.3227475	1418.537522	T2
908.6992696	57.40362875	39.07527363	175.0074496	999.7660851	114.5499405	733.2890443	D1
36.45620392	27.52511585	15.20832737	9.498966286	0.348295506	105.2172618	697.0499027	Normal
74.74470363	61.12514608	55.93830938	35.39054513	0.302762705	130.7288423	730.6680264	Normal
920.5854975	73.93772671	48.88716683	132.3827103	661.4490465	154.4320331	728.1761124	D1
82.3456702	88.22798678	66.43039806	49.90508834	0.239983766	169.5604954	745.0816649	T1
76.23451974	68.24924409	58.60796564	35.80449298	0.281533637	128.804867	769.9515248	T1
70.93299838	79.0966678	62.82917373	46.3768839	0.445895504	136.5916438	827.575186	T1
56.16535942	50.26684669	39.14264994	23.84914774	0.244525689	124.3622551	757.3238643	Normal
642.6793322	215.9170827	183.6642682	434.1016874	1858.35086	315.9973316	1187.935277	D2
225.1336749	303.3244249	269.0996251	214.4694431	0.443478095	431.2413863	1454.789814	T2
853.4962814	56.90456721	40.77118879	97.45963883	506.8702466	119.8999962	716.9872963	D1
73.7335533	80.27160914	63.72464067	48.45361258	0.290500241	171.1621995	840.7395828	T1
826.2105706	40.48627669	15.66091755	9.508111912	0.375828576	92.93811845	692.949084	PD
627.0293671	232.8577137	198.6167696	447.7597175	1927.304515	297.8993162	1238.905259	D2
64.05004997	48.45730217	42.36243616	28.6576723	0.331086989	137.8255413	806.9945196	T1
54.85683615	58.53289794	43.13718469	31.90709432	0.243558616	152.1193568	805.6679032	T1
676.4716571	41.38872761	19.27733882	9.594369308	0.260295422	117.9428608	594.2695915	PD
241.6001637	460.2435652	135.3046651	1185.923345	0.779610888	1012.41592	3369.940137	T3
586.4077629	167.2374527	132.0866884	371.8068186	1736.437083	233.2813094	1042.350654	D2
1470.368992	75.11838334	38.41332281	23.85243096	0.204035878	117.3864371	664.7750501	PD
630.8441929	194.5376729	156.0492244	413.2981097	2061.162081	269.9416013	1107.774671	D2
73.27160129	69.33046201	56.62050525	40.86083282	0.350200927	158.7057926	802.881962	T1
425.9434679	262.5713536	213.4536261	301.8452708	951.8080549	334.9773483	1257.379696	D2
33.91014321	25.68699117	21.7237315	6.650405133	0.200753396	96.64931331	683.2665877	Normal
511.2436565	268.6991943	214.0806285	359.9755305	1210.918216	324.2448165	1261.999031	D2
536.6667377	245.4287841	197.1013166	365.6050924	1451.620558	319.2108467	1297.77665	D2
458.9974433	42.4652984	27.60790819	117.6475136	698.1921474	99.21880099	750.7474384	D1
237.1445491	313.9996141	264.3620538	219.0326889	0.228750216	402.7501091	1291.159478	T2
571.4036973	198.3090273	164.5181546	380.9515136	1566.8148	302.952806	1120.69265	D2
571.8647623	47.33676657	31.25848378	80.60864996	451.4813056	109.9718478	628.5296888	D1
679.6402237	60.05732705	43.64343771	25.22895763	0.278997309	150.7446613	808.9820492	PD
239.2008103	431.9273821	144.4131718	1229.231568	0.811957525	967.2326192	3394.423588	T3
598.3966055	217.8657579	191.308431	413.4612031	1763.781658	348.1969782	1265.838595	D2
72.86659441	74.85165955	62.67307967	44.71546546	0.403975856	162.832929	860.3942013	T1
558.0731897	79.43919353	65.77209111	187.1835624	1019.750419	150.9008816	796.7381383	D1
1638.520767	87.78997078	48.64073425	37.80068088	0.388386276	136.6957607	821.2476751	PD
68.24717203	69.75996215	55.42106539	33.49122037	0.231504004	135.1280371	694.2801323	T1
77.31082701	79.73262005	66.57967445	55.90363088	0.479254865	164.7575202	769.8367092	T1
798.9930662	32.50148407	21.81484238	151.9574508	936.2023404	101.9951417	664.9521743	D1
250.2757937	321.3455922	266.8740305	213.6836405	0.384058953	402.6645835	1436.21003	T2
766.1960607	40.04620526	25.49477084	167.5277533	1056.531399	97.74924359	698.6002477	D1
50.36772287	29.51870613	30.58942211	11.66095387	0.313049533	94.6881927	647.3528282	Normal
529.9762792	220.670832	178.4394616	365.1265167	1529.837228	293.8046928	1180.128942	D2
96.27758137	93.59384037	82.5920957	54.89549755	0.337246629	173.8775736	939.1351753	T1
751.5768122	41.12005629	20.06615421	5.442066897	0.439276457	103.7834467	575.3356331	PD
775.2942815	46.22953513	25.24876489	145.3479413	909.0935187	109.3568706	713.0296241	D1
72.77309218	75.84151033	72.48347618	47.39274789	0.439004631	154.2309208	742.2893229	T1
46.24542798	20.98360094	23.38477663	8.185331369	0.296692921	105.5269952	701.1849683	Normal
82.1662648	85.93971594	79.02521541	50.10697844	0.369960086	174.8056194	823.362204	T1
47.4199247	41.13034221	38.9129115	20.16120011	0.329021992	130.9077281	649.3050284	Normal
31.63209268	23.91553522	22.56993425	9.395945437	0.323817352	104.7168024	745.2119455	Normal
1145.842671	93.78846683	68.41283096	207.861009	1070.720164	145.1482881	884.9563773	D1
41.43614947	43.34654067	33.25730298	16.25498192	0.46008095	111.9460976	626.1803845	Normal
233.9308998	299.3274067	264.979328	213.8692616	0.240565878	401.7417043	1479.712351	T2
33.32014599	28.64446919	16.95500493	6.438332248	0.392690412	88.68115632	632.8104884	Normal
59.71102274	47.15105062	38.49659869	19.20664066	0.289367948	106.6317983	626.409562	Normal
842.3984156	44.10740628	29.84850522	184.4477693	1090.979405	96.33135858	749.3428967	D1
519.4424779	265.918728	210.6008909	383.7867504	1405.304279	329.8381867	1242.186453	D2
39.05590834	29.65769198	19.90085514	9.391769898	0.248777075	109.6821415	628.2361315	Normal
47.7786935	30.93590378	30.65267726	14.11598782	0.262682102	125.0569902	713.1314409	Normal
72.45205114	63.7341667	48.89077963	33.61897654	0.393298448	132.6262997	835.5480628	Normal
521.0676997	75.07458709	60.94653075	38.44007314	0.289145583	164.4246242	812.5690035	PD
56.37226498	50.72050998	46.80223974	31.63613825	0.273853793	120.1150235	802.9798348	Normal
378.2855951	87.39636923	73.57096917	157.7907432	701.2012253	172.9304431	784.7342964	D1
405.958347	198.3334476	162.6953643	286.7907506	982.549925	279.75144	1142.733941	D2
69.31296033	60.04006178	50.99866973	37.54516266	0.450077648	131.7966595	814.785111	T1
826.4626682	64.77744912	46.93701433	102.7244661	499.4708597	144.3620472	764.4067046	D1
250.1003567	450.0209436	134.605185	1198.8324	0.745054078	1014.712929	3538.508985	T3
239.0601287	322.5995302	251.4513248	195.7794746	0.495890829	404.3270905	1447.943914	T2
270.1966381	31.96488552	26.61220957	83.66785715	477.3661259	123.3625697	641.8201057	D1
231.0072967	455.8232626	141.907132	1208.462141	0.890646303	999.4678189	3505.879689	T3
230.606743	311.5330027	266.6247832	205.8845269	0.464897866	425.1542845	1464.841863	T2
525.9310801	176.3777953	148.8493655	339.7705551	1490.783971	252.2739568	1037.92477	D2
38.1747657	25.19543424	20.754218	6.109534659	0.474549693	100.7298806	712.8495846	Normal
1028.912162	81.55928472	54.53696135	175.4696973	884.9247604	149.1930387	816.4647021	D1
234.3436806	320.4168616	257.7594865	201.882381	0.251976426	407.1623695	1449.318448	T2
31.11950869	18.87329782	21.73502278	5.561188967	0.372551343	95.37327048	597.420873	Normal
2056.140425	59.02920188	21.0413909	5.789191137	0.383439805	119.3952556	624.5345501	PD
34.83448322	26.04615845	20.85928635	8.087612956	0.365789363	108.4655894	646.5060026	Normal
294.0160924	129.8766617	103.4005499	200.8222015	825.6268149	195.9966473	1006.300214	D2
705.593456	34.56196481	20.74602383	9.2417027	0.212487224	85.15437028	670.2479121	PD
241.4840404	316.2813264	247.0940389	196.0582093	0.415251183	403.0575413	1450.325388	T2
234.1928793	315.6010169	264.0494237	214.769439	0.474588074	370.223116	1453.709097	T2
485.1187604	206.9254311	164.4923344	321.1138583	1250.49571	284.5938719	1129.688644	D2
671.6736267	283.2565727	221.1519228	460.9020082	1890.831941	362.6612782	1376.526933	D2
224.8287123	477.0513798	139.8178964	1234.702623	0.625009695	1016.896343	3409.623257	T3
45.75713686	25.79344685	16.50502526	7.836271624	0.477244239	85.21403717	684.2406742	Normal
225.3837598	304.8445542	255.8792556	208.2452858	0.24049126	404.7788943	1367.762523	T2
750.3393835	102.9375521	75.64001159	147.4156002	640.2504825	166.8032507	831.8405267	D1
904.5998932	88.59633376	62.80034396	126.3294769	548.4680362	142.5359959	883.8587693	D1
228.694292	304.4638594	258.2902051	211.4307583	0.285399855	392.0147098	1507.994192	T2
411.2893817	46.26435316	38.31468406	186.7116425	1183.021688	109.2251424	737.5458557	D1
58.48765636	38.42186701	36.01239164	20.72340936	0.454248884	121.4793166	673.6529996	Normal
244.6563446	458.9819578	132.3507356	1259.965205	0.900351032	996.1739674	3367.831418	T3
233.0915746	308.7533887	264.5546452	207.3505004	0.244029347	413.547248	1507.533678	T2
489.2407304	82.67815704	69.85047526	225.7122645	1137.620406	157.1023202	901.8987236	D1
607.1005218	64.54171936	52.06389249	30.58810346	0.279893697	125.1252716	820.5572328	PD
59.85336621	60.42488495	50.67990145	32.72918528	0.46655358	154.2118933	797.6821054	Normal
601.9011217	269.4956497	214.8845801	437.5097367	1790.620585	348.8857787	1366.691652	D2
421.2329038	55.69789682	38.37639469	131.4398251	778.1471931	140.7362795	742.1513677	D1
75.28370586	73.59760115	63.32202684	41.67692518	0.337194506	160.2969038	808.504832	T1
43.22275816	29.00477343	18.27904183	5.304257739	0.464127091	84.30788109	730.2775787	Normal
635.4123283	231.5271152	186.9508144	429.6532544	1806.886728	341.9045257	1275.470265	D2
78.92615436	84.25265561	66.08808052	45.93411374	0.21281779	169.6733003	728.8231404	T1
75.49167858	76.32835925	63.06292862	38.4128108	0.255312993	171.8441516	762.3821251	T1
926.0373123	60.72980908	46.11355122	113.2643434	568.6476731	124.1988745	676.7244193	D1
632.3693306	253.4678745	210.5024013	416.1463192	1754.082095	360.4813483	1218.263634	D2
239.3190576	311.103702	259.0618106	204.8246361	0.490568178	406.5621032	1440.830666	T2
531.7428528	202.8935031	183.5922931	357.3690422	1513.020561	300.5745194	1218.11142	D2
2443.100954	64.06679944	20.38193826	12.93848771	0.464899096	97.40087973	621.5547968	PD
586.2225851	183.2959644	150.5382649	408.9822157	1875.797978	283.6797392	1044.481179	D2
44.53353548	20.75633808	19.60600715	5.560092868	0.327684098	96.8362254	648.0342851	Normal
34.11420913	20.0549905	21.29515343	5.218928685	0.408638966	120.639447	697.2984742	Normal
236.2519189	317.1395503	256.5342638	214.0698904	0.246496952	391.2731195	1375.303699	T2
2157.405675	66.38602646	21.25611161	10.02933605	0.409358979	82.35753299	642.0671149	PD
1975.099692	60.72992726	21.0721399	8.480927416	0.48638095	107.2174137	696.6655087	PD
242.2230178	448.8512294	142.5202009	1190.510088	0.903950539	1039.377737	3300.935656	T3
242.5182467	319.9084149	258.3995517	201.3405616	0.301972416	422.562451	1431.524216	T2
224.1906076	482.3622982	144.2998737	1211.732904	0.76046353	1053.217959	3498.435978	T3
225.1397481	309.5579273	270.6011006	204.3484119	0.43528191	386.8293201	1452.857393	T2
241.9990935	453.2713593	136.1323525	1185.889672	0.668027631	1020.952301	3457.001186	T3
513.2476536	269.0735592	225.1817788	361.0798931	1213.532955	368.7625555	1357.439541	D2
74.05040083	72.89292308	56.27026853	43.19761282	0.359070254	135.6086339	826.515503	T1
612.9272289	137.5214931	119.5219374	383.546341	1857.621535	216.5043364	1026.035693	D2
435.3739445	221.6993699	173.3068697	308.3295259	1040.237327	313.6634616	1217.376455	D2
1575.777727	50.92192856	21.77080069	7.72730839	0.256108137	90.14794036	625.4683362	PD
361.444117	95.28852077	73.64664476	114.6800208	436.0702579	170.1369532	729.7878094	D1
897.5998135	75.19532281	54.29733355	40.87432082	0.345278844	135.2059097	791.7049594	PD
474.4909058	40.78888475	22.28535497	121.3408544	704.6480048	84.36587519	632.2912877	D1
569.0143739	159.8471307	135.7248341	367.0458872	1847.280348	254.4039047	988.7986219	D2
502.1034765	41.52398497	36.02166023	18.36265332	0.399631097	120.3194665	667.2154221	PD
76.84306128	80.60864983	66.90139	49.15743765	0.412532083	165.6634465	857.3624264	T1
676.6841397	306.7527541	250.1147738	456.1463879	1739.607897	378.9722774	1398.485534	D2
241.5912794	463.84303	136.359943	1186.156415	0.774207223	984.5064361	3535.607635	T3
82.51445134	76.56231225	68.33882865	43.66437079	0.219183841	148.5103308	749.6631945	T1
237.5432061	306.8851677	258.6570627	212.670146	0.223803158	377.2550803	1447.019174	T2
415.5062521	241.1737305	204.5484938	316.5583793	970.8073474	341.4870191	1234.889081	D2
241.5691507	319.7200681	262.5150104	209.73591	0.401575075	414.6187086	1446.859845	T2
677.9210338	41.20491157	29.31933497	183.3489131	1172.637379	121.760714	616.9551574	D1
225.0983814	321.1837457	266.7440901	213.4724058	0.438493373	406.1358087	1482.352485	T2
591.2939151	78.03251687	61.77638095	211.7631978	1114.985439	159.1335149	874.8221152	D1
217.5906203	465.416051	145.8445059	1212.009473	0.850404631	1068.155803	3361.195354	T3
60.1487857	66.76453847	53.54711135	32.14633289	0.329136322	129.5724068	818.2856017	T1
259.9317042	35.50996402	25.43165236	14.88946663	0.203174568	130.0321938	682.0556022	PD
457.9999687	307.3701723	267.2689681	340.7643835	870.9890332	394.8918793	1513.060807	D2
1081.7018	54.61424873	26.97984339	14.61530499	0.367542885	112.1356043	741.9099639	PD
801.0338913	59.0256833	39.01637654	98.75518853	494.3132538	115.6398174	756.1042673	D1
237.4117791	308.4356977	256.9115157	205.1471288	0.392364019	417.7271088	1367.463008	T2
247.5248642	436.0183787	140.7257844	1201.704268	0.639415677	994.091009	3480.665814	T3
73.31822064	67.61776033	48.34204448	37.44768523	0.45259545	138.9810443	781.7786707	T1
1504.323751	45.45784276	21.49453253	9.28725917	0.484638045	84.56882114	588.0024795	PD
75.07923592	86.68522097	77.58066427	51.60711452	0.46436941	178.846885	826.28505	T1
32.5973843	27.32726431	18.99053636	6.102653762	0.287571322	101.503123	583.1908013	Normal
244.6935298	450.5561046	138.8786911	1192.30804	0.729308816	953.195482	3454.357805	T3
722.8325494	89.5462047	62.65857199	125.3180676	505.5340866	159.0378435	863.4565568	D1
248.7555309	453.2970881	134.3511175	1291.445509	0.657505824	989.2402447	3454.77761	T3
910.493042	57.31389158	37.77603972	196.9594474	1134.245097	106.458213	775.178556	D1
228.7869038	312.7034814	260.8583287	215.9097732	0.323369959	410.6454532	1467.699113	T2
868.369553	41.70185956	15.57898679	6.117357256	0.390352507	114.7474585	623.023188	PD
65.58865198	64.34156218	52.74786843	32.01282312	0.442356993	123.9690021	761.8931625	T1
1715.184065	50.60436577	16.37666366	8.316952393	0.471061463	114.1016468	670.7800658	PD
235.1532252	303.8383024	263.8766782	207.44912	0.248741158	397.0843823	1374.157701	T2
663.6154866	78.68709088	57.18464307	158.600804	799.9058653	158.5264525	858.3740837	D1
915.0383263	40.45997971	20.57004531	7.780868392	0.329416638	113.0693111	684.676445	PD
1136.489126	88.58201102	53.13666713	39.20763204	0.361536557	135.4930463	712.7700516	PD
38.90921297	25.18512093	20.52735605	6.349605097	0.466992674	83.61153253	576.9943087	Normal
2060.921157	68.9773073	36.25149371	20.48903473	0.433082511	126.4343382	718.7921171	PD
564.3986959	263.3466661	219.1648667	388.0921019	1532.081185	324.2576573	1237.788564	D2
1031.471772	46.61898493	27.99286129	12.50980821	0.417091984	95.04864824	619.3147756	PD
91.61970473	84.34493233	63.94611777	46.15697788	0.486979938	156.9715969	795.1327608	T1
77.57453687	75.55581763	63.76450507	43.92078458	0.332470273	169.2370948	754.2856121	T1
225.8515472	466.3427306	146.3864094	1282.192364	0.839744125	1013.123916	3372.2819	T3
65.27386024	61.20062592	49.72886175	30.74902876	0.354569534	146.4031142	729.8387651	Normal
696.4601242	316.6509251	259.5455256	481.0618937	1923.663278	436.3777995	1420.652691	D2
425.4288878	205.5683285	172.190502	294.1663145	1114.603273	295.4542614	1185.3878	D2
228.2523346	327.4127869	271.8418888	208.9413603	0.328171855	397.8637637	1356.477155	T2
236.1572501	468.6877016	142.1762116	1220.104207	0.731483643	994.5165153	3473.828175	T3
576.4555847	151.6286711	128.5791929	361.1326644	1726.622943	240.6605396	1034.433946	D2
529.0422699	191.531272	156.0335009	352.9961149	1470.630688	285.6329424	1018.262027	D2
462.9738109	175.5293536	138.96136	308.7081326	1322.711166	265.9385249	1005.29004	D2
2337.484349	60.60835944	20.5977153	9.206023629	0.443864776	96.75236268	625.1274564	PD
966.1215353	45.07997742	23.12383351	120.8546737	706.1330067	105.4060516	744.4307825	D1
229.5254047	304.9781504	266.3902663	208.3361607	0.39395038	395.6930116	1471.56443	T2
1520.125837	79.16559529	49.89145062	31.29870561	0.30645996	128.1267853	802.4280452	PD
502.6772742	186.3124058	148.1650399	324.795058	1369.047752	288.3137189	1134.017203	D2
54.97521128	51.18255482	47.83234472	28.65825802	0.397416592	111.2864718	671.4454384	Normal
1952.609155	70.31067029	35.46017891	22.81156305	0.383965107	128.7282959	763.1558745	PD
85.38209343	72.72706711	60.1183531	44.34278687	0.418021064	164.0391244	765.4864944	Normal
432.4974901	191.3581462	162.5113772	283.6661887	1121.350385	294.157241	1039.837113	D2
1856.05435	73.0301965	39.83444944	24.28068392	0.218128874	129.9072189	691.7866427	PD
49.45681106	46.94351476	41.47490776	22.92592133	0.439370938	124.6492388	653.6832784	T1
50.61374551	56.1269356	47.16708727	27.95938537	0.396933207	118.0333236	727.9192759	Normal
52.15422478	47.11976615	38.23095286	26.93656799	0.463765828	136.0458709	767.083914	T1
596.1915065	227.8245204	201.0607842	431.0567624	1730.8777	314.3159977	1167.406538	D2
1090.988196	62.0290727	34.24935335	21.25286248	0.476622481	132.9652503	706.7664115	PD
60.87110459	63.62799508	42.86658749	30.93127356	0.301744347	114.583051	786.5123411	Normal
724.8388456	69.96942715	51.20995675	152.6776565	847.6177066	131.0033662	782.9300668	D1
223.1817797	308.1527954	255.4296498	209.4761076	0.503128067	417.603667	1476.97042	T2
1965.647604	83.04723776	42.79372314	25.76609183	0.45934888	121.8432796	747.4159538	PD
240.7091423	301.8813715	248.5126715	211.4135446	0.235938109	389.3284882	1416.198412	T2
80.90632878	82.78931039	72.28274634	50.37322367	0.449436003	154.5350962	866.0837723	T1
75.12517413	55.84014379	43.73405534	31.22554975	0.206714673	135.0568947	722.9809741	Normal
233.5828014	305.8222745	263.9350661	213.1238282	0.417280782	402.7800026	1476.94013	T2
65.41034476	59.78389368	48.33374345	32.59265157	0.35055662	130.9364809	737.6143293	T1
247.6289531	455.5614828	139.5132067	1152.433748	0.763541964	969.5658406	3282.944708	T3
43.38143324	37.86556846	33.31101149	18.39885259	0.352937989	105.0041401	670.8418656	Normal
226.0569629	458.3349135	142.9585989	1235.85702	0.795349189	976.2890148	3394.404036	T3
59.60299196	50.06405466	38.7571662	26.93779924	0.407101512	126.6457857	747.5216967	T1
45.61109881	27.73726852	22.98895179	12.55678005	0.459486903	110.0984751	613.0503882	Normal
237.6649974	314.9259886	245.5191867	206.896301	0.418139829	402.1479438	1396.357007	T2
227.9777149	441.6074895	134.9625158	1245.761638	0.765282025	1017.174733	3342.738012	T3
227.6368977	458.0463749	137.7565262	1207.591953	0.730967245	1015.802411	3315.961199	T3
35.37873864	29.02733409	25.82967996	11.35702682	0.447398341	100.6217853	603.5803966	Normal
75.91249054	66.16206787	58.38064621	36.95843305	0.41511682	131.1399201	745.4056179	T1
34.41170998	27.54684974	21.81637491	6.525355506	0.313529233	108.4145801	686.4368037	Normal
53.81568693	51.47011783	40.44227411	23.62626393	0.45633254	114.8091135	699.9945469	Normal
38.00550089	25.1113489	17.12626248	7.256537718	0.239507875	82.77560076	672.6443489	Normal
52.7266006	38.29540969	33.97153164	18.72663731	0.328440137	95.34170478	766.5340348	Normal
510.7106671	269.5161575	238.3368513	387.8000456	1380.099408	370.280536	1245.760591	D2
232.1717804	311.0369596	260.313323	207.1755304	0.31613931	396.9725749	1476.850716	T2
46.18989477	22.6193935	19.94280067	7.732145243	0.499509857	96.05634421	647.3875369	Normal
470.3378535	63.22579951	41.72420542	161.6593695	878.6657323	152.3457286	684.1406813	D1
502.6315285	243.5561633	209.6777532	359.1998383	1246.72333	327.5474258	1252.039755	D2
52.66797408	43.28170474	36.1917627	19.19804228	0.472773353	129.2959388	766.3376747	Normal
47.70138071	33.47995341	34.26836258	20.03844878	0.361540983	98.26705789	712.0741656	Normal
52.17100482	38.24083076	29.09671494	15.02385919	0.299166508	126.5759796	681.9177976	Normal
1678.556144	64.90887221	28.42931699	16.33822354	0.218766632	127.515466	664.0217508	PD
77.21283183	73.84648005	54.5850329	36.79363637	0.468123641	147.8162215	791.4822131	T1
782.0301897	48.01115028	30.75196796	16.8924099	0.228782831	98.4955885	633.9787937	PD
419.8677831	238.8107203	194.2225657	287.8338065	874.5439111	297.115101	1280.882022	D2
234.7771814	314.3744411	250.4259141	205.152108	0.461825829	405.0363026	1450.531023	T2
88.22193273	87.32543599	62.18678311	47.45780523	0.392435505	172.091045	850.6122649	T1
426.4542616	26.7254239	20.00309751	150.2388397	969.3177518	114.7153133	653.5160456	D1
581.5696829	233.8433613	185.4973235	402.1513722	1694.131346	326.3603638	1224.840345	D2
245.0261371	453.7118717	142.7796465	1205.81865	0.864127129	1019.493094	3495.934218	T3
60.20560261	48.21577854	37.80090903	23.85883114	0.314701182	123.3051533	746.5994637	T1
231.6116429	310.5734161	260.5736785	202.6278206	0.476743852	418.3872792	1492.795397	T2
65.74804932	48.60520573	42.83943873	25.58233503	0.262800535	136.4198682	744.8393111	T1
231.6657838	307.2464787	271.8485889	209.6331026	0.372210677	412.3829016	1442.218598	T2
791.5999865	65.8428433	43.66932921	198.8307845	1178.256035	142.4850086	783.1671084	D1
459.697297	216.5326407	177.1957619	334.125065	1272.770814	324.5226746	1160.992333	D2
39.7226511	22.56751751	22.93751593	7.26962567	0.314639571	108.4809431	598.0116288	Normal
39.85410001	22.6841041	18.59483813	5.12424846	0.411116176	112.2098541	709.4029032	Normal
468.5156833	54.41900441	40.76846231	167.9537316	921.5594756	147.3872416	711.4871385	D1
243.7976544	312.1454975	270.5314472	208.4260248	0.407397634	370.5579606	1524.009881	T2
683.9033039	273.561427	227.3100814	475.2718214	1993.601074	354.6261784	1261.104718	D2
456.3609488	58.65883642	43.73851858	149.2516398	850.5504622	120.4649922	689.6860847	D1
40.08041656	37.4891396	29.04717566	16.94399351	0.420054755	116.8920476	691.3853361	Normal
86.45135972	78.00270068	69.89834892	46.5234258	0.459062622	152.8880419	786.6244095	T1
818.349906	41.40384176	30.15999211	171.9461519	1086.607595	122.3466296	762.4878706	D1
41.43328832	25.39488727	20.59387304	9.935087749	0.233198311	97.08030395	706.9313286	Normal
588.7101037	64.73307013	40.87447805	25.72287133	0.500954814	121.3048579	721.5638848	PD
464.591464	34.57540954	21.91602668	6.869312435	0.299909407	89.08000917	679.0642282	PD
654.7403165	241.2414116	213.8292614	448.7973974	1853.572436	319.9967498	1248.764027	D2
230.6080676	441.6489554	147.6433127	1188.601934	0.800681833	1025.081564	3317.873577	T3
61.10836163	70.83449749	57.5864996	39.44679837	0.423778559	164.6772815	696.8628378	T1
241.7625074	453.495673	139.2351606	1190.568257	0.775915495	981.3447349	3427.642113	T3
232.9559362	314.202229	257.5204295	193.4499417	0.416761575	378.3813029	1483.690284	T2
1720.268917	60.71180168	23.78553098	15.20983801	0.331217322	107.9594629	624.2413835	PD
792.3132592	68.15199313	54.67529254	223.7090976	1115.23411	129.2553188	734.0618712	D1
221.3828742	456.0449745	137.0613922	1201.068516	0.690085695	986.1675522	3310.599393	T3
234.0441283	327.5768671	260.6015986	203.8407819	0.4929278	405.4246267	1427.957222	T2
434.8061361	225.9351837	187.5313119	307.6803927	1019.532636	310.1904882	1193.873744	D2
2184.17278	62.58683323	27.46818774	12.71208086	0.293992436	89.33623498	753.0434393	PD
927.3320279	33.03444556	16.70838184	6.941841349	0.494452405	100.5729681	711.8304115	PD
406.5317525	175.8814042	154.4622291	275.3911532	1032.557094	267.1911897	1119.804797	D2
915.545266	49.67250836	35.56610249	123.1989462	737.600164	138.6733131	759.0109055	D1
240.1498942	426.8048284	143.6328795	1208.437552	0.910063136	1006.109195	3503.534036	T3
875.9531637	57.32098112	35.77820048	22.25371396	0.297473913	110.4260878	680.5334199	PD
87.29026683	90.12413316	71.26638802	56.44912366	0.459806033	159.219087	854.445909	T1
59.42550091	55.49141412	43.90189404	30.27739508	0.451355829	141.7200969	756.4277763	Normal
236.6655794	447.5356235	139.5899636	1154.372345	0.84585915	991.1106924	3571.086442	T3
956.2133495	69.64935738	44.04740612	32.13924577	0.319923631	122.3809519	819.3632891	PD
868.4216084	45.38359863	25.65393508	16.0627837	0.470393045	107.5672111	718.3346995	PD
1475.271037	46.57974006	23.39804724	8.009815541	0.461069833	80.53357971	675.5481545	PD
224.9125615	316.8434059	251.6322682	211.7493929	0.340333251	377.2129449	1426.110472	T2
354.1041669	166.2181704	137.3888809	239.4699197	801.8383672	244.0168968	1021.814767	D2
72.47617925	78.79811891	63.93252309	51.06650359	0.445539395	168.5086643	722.2334477	T1
2305.035946	98.23891491	52.24106361	36.34579016	0.347978012	145.7239487	693.5526033	PD
250.8480815	30.58486995	23.52924338	6.688344283	0.231485864	79.61208231	727.0114503	PD
38.85218206	34.25664637	25.17913486	12.39657089	0.33305167	90.32164298	673.6221818	Normal
250.1412349	447.8635877	139.6415486	1182.629538	0.810597091	958.435555	3424.159569	T3
534.7234855	215.3547016	195.5982596	367.8212641	1593.316828	285.0689782	1241.777049	D2
296.3247778	66.4403789	48.97136288	28.52405191	0.487758405	149.1192385	722.9281949	PD
232.5355745	323.1480037	255.3037092	210.4709744	0.362140632	386.0143555	1363.074862	T2
234.182222	468.4973603	138.7951065	1226.30331	0.915584271	1024.909304	3453.250318	T3
624.1433647	37.32907551	21.66606542	107.4452531	612.6743187	109.9547209	724.986613	D1
232.9329962	318.8240169	260.4515494	206.3787913	0.374257828	388.2558207	1474.992992	T2
350.5595801	34.99759406	31.27856358	146.2070444	839.9330088	128.8815977	643.2294392	D1
58.78164049	65.20742653	52.24139625	38.598192	0.364545963	139.6265382	722.6026558	T1
505.6643683	268.062766	220.6232186	335.4063089	1125.241133	370.9829975	1412.882327	D2
236.3989134	312.7532732	263.4305302	215.5674482	0.308607982	367.5424322	1428.745256	T2
240.7636463	434.9532468	136.863112	1244.078145	0.68908774	947.2802585	3401.601189	T3
884.7973681	97.95020879	71.75388981	205.3770555	1052.688552	176.1900573	797.3992549	D1
57.77290328	63.44579712	51.38100884	32.88762798	0.392695074	138.7199409	690.4236702	T1
50.83594875	50.06202576	43.76623346	28.18439069	0.327320983	111.845428	733.5498304	Normal
1550.604905	87.88073696	52.36769847	37.55310733	0.381490059	146.0059441	799.3948138	PD
641.3348539	203.6581962	162.6989131	425.3442049	1950.696427	265.4602795	1071.974759	D2
63.09329489	50.43718857	45.59326022	24.81880461	0.419089695	109.3417816	778.5379049	Normal
249.4181112	304.3953174	262.8043752	213.4758899	0.353297663	389.8288147	1447.047886	T2
538.6627701	28.72761426	23.71378689	7.323713075	0.203088542	93.66226441	772.4597531	PD
72.19526281	80.71007958	64.24248463	46.06590319	0.3567215	158.6316402	820.0820907	T1
55.21955336	32.97823628	30.51108612	14.39743722	0.364203779	102.401283	693.9488023	Normal
539.4724976	283.7794862	234.8271269	382.8165756	1233.273352	370.5369651	1298.457162	D2
232.3226611	444.8657836	137.7532177	1173.086141	0.886327772	1020.264751	3410.1724	T3
48.52655132	52.70491978	42.51131039	29.8316381	0.433023529	151.3031787	818.5378736	Normal
676.0476569	68.76363221	54.66225977	113.6934646	505.2574821	153.1260571	829.2079847	D1
909.9621866	67.02538375	50.45047667	117.8645572	584.8383144	129.4212236	781.5507014	D1
223.2533349	312.256979	250.7809155	209.6552555	0.305710578	409.2159946	1389.99377	T2
1005.519945	62.14429388	41.64432254	145.6331245	801.7368957	126.8090546	684.8398585	D1
643.5108212	219.9564653	172.5773958	421.2755396	1934.828553	312.6453842	1072.013436	D2
398.4411839	78.16204039	64.57477392	118.1724536	483.4272061	145.8434869	767.4670632	D1
1385.825545	60.77398988	29.4278856	19.81845064	0.34391004	95.90393516	722.7500948	PD
31.72098094	28.24100687	16.21710851	6.447304107	0.281913532	104.4730569	674.8372877	Normal
1905.227406	68.33126387	39.55510469	20.23198659	0.311304151	133.5335378	779.4101121	PD
215.4492155	450.2037418	141.4923244	1163.517674	0.891801953	1058.936894	3377.246692	T3
83.30536029	91.39755985	76.82063332	53.03505317	0.307497406	189.3517635	856.780655	T1
233.9696141	447.4257778	140.9371954	1155.44597	0.764413348	986.9319933	3299.666365	T3
647.7912206	239.8668214	203.1101385	446.5725146	1879.891304	314.5898377	1301.682214	D2
602.0706282	38.5460051	20.67325779	115.2785871	673.1780876	104.4391601	751.5065054	D1
230.8210956	324.9929971	259.3089316	204.9482899	0.26149279	401.6735488	1469.805677	T2
72.72965029	68.22753126	56.20635736	34.78887089	0.273281615	128.5297285	718.1302548	T1
72.13606103	69.70096229	64.14788411	43.04684723	0.202793334	168.5159269	726.9312547	T1
454.3010334	69.78641916	47.19579055	33.4824906	0.270335232	131.0206089	690.3472079	PD
55.56217954	51.91751966	44.71234226	26.91924249	0.207434001	116.3022458	715.9501194	T1
240.8590949	460.2657844	147.9492173	1171.311793	0.804553609	1001.783381	3394.588127	T3
781.2779043	60.739359	35.87981546	106.604753	587.9496883	145.9463613	693.0553541	D1
43.1180246	37.68133262	29.5068161	15.67474614	0.306212982	113.5000274	743.8917113	Normal
